nohup: ignoring input
/root/miniconda3/envs/drp/lib/python3.10/site-packages/torch/__init__.py:1264: UserWarning: torch.set_default_tensor_type() is deprecated as of PyTorch 2.1, please use torch.set_default_dtype() and torch.set_default_device() as alternatives. (Triggered internally at /pytorch/torch/csrc/tensor/python_tensor.cpp:434.)
  _C._set_default_tensor_type(t)
================================================================================
CONFIGURATION:
================================================================================
{'checkpoint': None,
 'decoder_layer_num': 1,
 'denoiser_heads': 4,
 'denoiser_layers': 2,
 'embedding_dim': 128,
 'enable_slot_diffusion': True,
 'enable_slot_reconstruction': False,
 'encoder_layer_num': 6,
 'epochs': 1000,
 'eval_type': 'argmax',
 'expert_loc': ['Enc0', 'Enc1', 'Enc2', 'Enc3', 'Enc4', 'Enc5', 'Dec'],
 'ff_hidden_dim': 512,
 'gamma': 0.1,
 'gpu_id': 0,
 'head_num': 8,
 'lambda_contrastive': 0.01,
 'lambda_diffusion': 0.0,
 'lambda_recon': 0.0,
 'log_dir': './results',
 'logit_clipping': 10,
 'lr': 0.0001,
 'max_timesteps': 1000,
 'milestones': [4501],
 'model_save_interval': 100,
 'model_type': 'SlotModel',
 'no_cuda': False,
 'norm': 'instance',
 'norm_loc': 'norm_last',
 'num_experts': 4,
 'occ_gpu': 0.0,
 'pomo_size': 50,
 'problem': 'Train_ALL',
 'problem_size': 50,
 'qkv_dim': 16,
 'routing_level': 'node',
 'routing_method': 'input_choice',
 'seed': 2023,
 'slot_iter_num': 3,
 'slot_num': 16,
 'sqrt_embedding_dim': 11.313708498984761,
 'topk': 2,
 'train_batch_size': 128,
 'train_episodes': 20000,
 'validation_interval': 5000,
 'weight_decay': 1e-06}
================================================================================

>> DUAL-TASK MODE ENABLED:
   - Nhánh 1 (Policy): VRP Solver
   - Nhánh 2 (Representation): Slot Diffusion
   - Diffusion Timesteps: 1000
   - Denoiser: 2 layers, 4 heads
   - Loss Weights: λ_diffusion=0.0, λ_contrastive=0.01

>> Log Path: ./results/20251128_125158
>> No occupation needed
>> USE_CUDA: True, CUDA_DEVICE_NUM: 0

================================================================================
>> Start Train_ALL Training using SlotModel Model ...
================================================================================

============================================================
LOSS CONFIGURATION:
  - RL Loss: 1.0 (base)
  - Diffusion Loss: 0.0
  - Reconstruction Loss: 0.0
  - Contrastive Loss: 0.01
============================================================
There are 1650693 (1.65 million) parameters in this neural network
=================================================================
Epoch   1: Train (100%)  Score: 14.0890,  Loss: -2.0772
Epoch   1/1000: Time Est.: Elapsed[0.52m], Remain[8.74h]
=================================================================
Epoch   2: Train (100%)  Score: 12.7911,  Loss: -1.8900
Epoch   2/1000: Time Est.: Elapsed[1.04m], Remain[8.64h]
=================================================================
Epoch   3: Train (100%)  Score: 12.0503,  Loss: -1.7665
Epoch   3/1000: Time Est.: Elapsed[1.54m], Remain[8.53h]
=================================================================
Epoch   4: Train (100%)  Score: 12.0417,  Loss: -1.7195
Epoch   4/1000: Time Est.: Elapsed[2.04m], Remain[8.47h]
=================================================================
Epoch   5: Train (100%)  Score: 12.0891,  Loss: -1.6371
Epoch   5/1000: Time Est.: Elapsed[2.54m], Remain[8.44h]
=================================================================
Epoch   6: Train (100%)  Score: 11.6291,  Loss: -1.5585
Epoch   6/1000: Time Est.: Elapsed[3.04m], Remain[8.39h]
=================================================================
Epoch   7: Train (100%)  Score: 11.8521,  Loss: -1.5023
Epoch   7/1000: Time Est.: Elapsed[3.54m], Remain[8.37h]
=================================================================
Epoch   8: Train (100%)  Score: 11.8628,  Loss: -1.4788
Epoch   8/1000: Time Est.: Elapsed[3.44m], Remain[7.11h]
=================================================================
Epoch   9: Train (100%)  Score: 11.6742,  Loss: -1.4041
Epoch   9/1000: Time Est.: Elapsed[4.52m], Remain[8.30h]
=================================================================
Epoch  10: Train (100%)  Score: 11.4309,  Loss: -1.3476
Epoch  10/1000: Time Est.: Elapsed[5.03m], Remain[8.30h]
=================================================================
Epoch  11: Train (100%)  Score: 11.8190,  Loss: -1.2722
Epoch  11/1000: Time Est.: Elapsed[5.54m], Remain[8.30h]
=================================================================
Epoch  12: Train (100%)  Score: 11.5552,  Loss: -1.2085
Epoch  12/1000: Time Est.: Elapsed[6.05m], Remain[8.30h]
=================================================================
Epoch  13: Train (100%)  Score: 11.4493,  Loss: -1.1570
Epoch  13/1000: Time Est.: Elapsed[6.54m], Remain[8.28h]
=================================================================
Epoch  14: Train (100%)  Score: 11.3857,  Loss: -1.0811
Epoch  14/1000: Time Est.: Elapsed[7.04m], Remain[8.27h]
=================================================================
Epoch  15: Train (100%)  Score: 11.4684,  Loss: -1.0536
Epoch  15/1000: Time Est.: Elapsed[7.55m], Remain[8.26h]
=================================================================
Epoch  16: Train (100%)  Score: 11.2009,  Loss: -1.0001
Epoch  16/1000: Time Est.: Elapsed[8.06m], Remain[8.26h]
=================================================================
Epoch  17: Train (100%)  Score: 10.9045,  Loss: -0.9616
Epoch  17/1000: Time Est.: Elapsed[8.55m], Remain[8.24h]
=================================================================
Epoch  18: Train (100%)  Score: 11.5451,  Loss: -0.9538
Epoch  18/1000: Time Est.: Elapsed[9.05m], Remain[8.23h]
=================================================================
Epoch  19: Train (100%)  Score: 10.9604,  Loss: -0.8939
Epoch  19/1000: Time Est.: Elapsed[9.55m], Remain[8.22h]
=================================================================
Epoch  20: Train (100%)  Score: 10.7112,  Loss: -0.8646
Epoch  20/1000: Time Est.: Elapsed[10.05m], Remain[8.21h]
=================================================================
Epoch  21: Train (100%)  Score: 10.9213,  Loss: -0.8417
Epoch  21/1000: Time Est.: Elapsed[10.54m], Remain[8.19h]
=================================================================
Epoch  22: Train (100%)  Score: 11.0979,  Loss: -0.8382
Epoch  22/1000: Time Est.: Elapsed[11.02m], Remain[8.17h]
=================================================================
Epoch  23: Train (100%)  Score: 11.1404,  Loss: -0.8191
Epoch  23/1000: Time Est.: Elapsed[11.55m], Remain[8.18h]
=================================================================
Epoch  24: Train (100%)  Score: 10.6184,  Loss: -0.7760
Epoch  24/1000: Time Est.: Elapsed[12.04m], Remain[8.16h]
=================================================================
Epoch  25: Train (100%)  Score: 11.3249,  Loss: -0.7776
Epoch  25/1000: Time Est.: Elapsed[12.55m], Remain[8.16h]
=================================================================
Epoch  26: Train (100%)  Score: 10.9007,  Loss: -0.7812
Epoch  26/1000: Time Est.: Elapsed[13.04m], Remain[8.14h]
=================================================================
Epoch  27: Train (100%)  Score: 10.9567,  Loss: -0.7707
Epoch  27/1000: Time Est.: Elapsed[13.54m], Remain[8.13h]
=================================================================
Epoch  28: Train (100%)  Score: 10.7723,  Loss: -0.7277
Epoch  28/1000: Time Est.: Elapsed[14.03m], Remain[8.12h]
=================================================================
Epoch  29: Train (100%)  Score: 10.7019,  Loss: -0.7306
Epoch  29/1000: Time Est.: Elapsed[14.53m], Remain[8.11h]
=================================================================
Epoch  30: Train (100%)  Score: 10.9398,  Loss: -0.7418
Epoch  30/1000: Time Est.: Elapsed[15.03m], Remain[8.10h]
=================================================================
Epoch  31: Train (100%)  Score: 11.1485,  Loss: -0.7171
Epoch  31/1000: Time Est.: Elapsed[15.53m], Remain[8.09h]
=================================================================
Epoch  32: Train (100%)  Score: 11.2282,  Loss: -0.7427
Epoch  32/1000: Time Est.: Elapsed[16.02m], Remain[8.08h]
=================================================================
Epoch  33: Train (100%)  Score: 11.1281,  Loss: -0.7207
Epoch  33/1000: Time Est.: Elapsed[16.52m], Remain[8.07h]
=================================================================
Epoch  34: Train (100%)  Score: 10.4461,  Loss: -0.6790
Epoch  34/1000: Time Est.: Elapsed[17.01m], Remain[8.06h]
=================================================================
Epoch  35: Train (100%)  Score: 10.5226,  Loss: -0.6755
Epoch  35/1000: Time Est.: Elapsed[17.50m], Remain[8.04h]
=================================================================
Epoch  36: Train (100%)  Score: 10.5701,  Loss: -0.6762
Epoch  36/1000: Time Est.: Elapsed[17.40m], Remain[7.76h]
=================================================================
Epoch  37: Train (100%)  Score: 10.7250,  Loss: -0.6722
Epoch  37/1000: Time Est.: Elapsed[18.49m], Remain[8.02h]
=================================================================
Epoch  38: Train (100%)  Score: 10.6602,  Loss: -0.6701
Epoch  38/1000: Time Est.: Elapsed[18.98m], Remain[8.01h]
=================================================================
Epoch  39: Train (100%)  Score: 11.0637,  Loss: -0.6862
Epoch  39/1000: Time Est.: Elapsed[19.48m], Remain[8.00h]
=================================================================
Epoch  40: Train (100%)  Score: 11.0631,  Loss: -0.6659
Epoch  40/1000: Time Est.: Elapsed[19.98m], Remain[7.99h]
=================================================================
Epoch  41: Train (100%)  Score: 10.7446,  Loss: -0.6712
Epoch  41/1000: Time Est.: Elapsed[20.46m], Remain[7.98h]
=================================================================
Epoch  42: Train (100%)  Score: 11.0094,  Loss: -0.6706
Epoch  42/1000: Time Est.: Elapsed[20.96m], Remain[7.97h]
=================================================================
Epoch  43: Train (100%)  Score: 10.6973,  Loss: -0.6519
Epoch  43/1000: Time Est.: Elapsed[21.46m], Remain[7.96h]
=================================================================
Epoch  44: Train (100%)  Score: 10.7668,  Loss: -0.6382
Epoch  44/1000: Time Est.: Elapsed[21.96m], Remain[7.95h]
=================================================================
Epoch  45: Train (100%)  Score: 10.7009,  Loss: -0.6398
Epoch  45/1000: Time Est.: Elapsed[22.46m], Remain[7.94h]
=================================================================
Epoch  46: Train (100%)  Score: 10.5991,  Loss: -0.6332
Epoch  46/1000: Time Est.: Elapsed[22.96m], Remain[7.94h]
=================================================================
Epoch  47: Train (100%)  Score: 10.9273,  Loss: -0.6434
Epoch  47/1000: Time Est.: Elapsed[23.43m], Remain[7.92h]
=================================================================
Epoch  48: Train (100%)  Score: 11.0119,  Loss: -0.6436
Epoch  48/1000: Time Est.: Elapsed[23.96m], Remain[7.92h]
=================================================================
Epoch  49: Train (100%)  Score: 10.5468,  Loss: -0.6263
Epoch  49/1000: Time Est.: Elapsed[24.45m], Remain[7.91h]
=================================================================
Epoch  50: Train (100%)  Score: 10.4379,  Loss: -0.6193
Epoch  50/1000: Time Est.: Elapsed[24.95m], Remain[7.90h]
=================================================================
Epoch  51: Train (100%)  Score: 10.7311,  Loss: -0.6339
Epoch  51/1000: Time Est.: Elapsed[25.44m], Remain[7.89h]
=================================================================
Epoch  52: Train (100%)  Score: 10.5387,  Loss: -0.6062
Epoch  52/1000: Time Est.: Elapsed[25.94m], Remain[7.88h]
=================================================================
Epoch  53: Train (100%)  Score: 10.6312,  Loss: -0.6125
Epoch  53/1000: Time Est.: Elapsed[26.43m], Remain[7.87h]
=================================================================
Epoch  54: Train (100%)  Score: 11.0334,  Loss: -0.6243
Epoch  54/1000: Time Est.: Elapsed[26.94m], Remain[7.86h]
=================================================================
Epoch  55: Train (100%)  Score: 10.7471,  Loss: -0.6163
Epoch  55/1000: Time Est.: Elapsed[27.44m], Remain[7.86h]
=================================================================
Epoch  56: Train (100%)  Score: 10.5835,  Loss: -0.6049
Epoch  56/1000: Time Est.: Elapsed[27.93m], Remain[7.85h]
=================================================================
Epoch  57: Train (100%)  Score: 10.8186,  Loss: -0.6017
Epoch  57/1000: Time Est.: Elapsed[28.42m], Remain[7.84h]
=================================================================
Epoch  58: Train (100%)  Score: 10.5584,  Loss: -0.5895
Epoch  58/1000: Time Est.: Elapsed[28.92m], Remain[7.83h]
=================================================================
Epoch  59: Train (100%)  Score: 10.4983,  Loss: -0.6008
Epoch  59/1000: Time Est.: Elapsed[29.40m], Remain[7.82h]
=================================================================
Epoch  60: Train (100%)  Score: 10.4478,  Loss: -0.5832
Epoch  60/1000: Time Est.: Elapsed[29.90m], Remain[7.81h]
=================================================================
Epoch  61: Train (100%)  Score: 10.2578,  Loss: -0.5817
Epoch  61/1000: Time Est.: Elapsed[30.39m], Remain[7.80h]
=================================================================
Epoch  62: Train (100%)  Score: 10.5651,  Loss: -0.5825
Epoch  62/1000: Time Est.: Elapsed[30.88m], Remain[7.79h]
=================================================================
Epoch  63: Train (100%)  Score: 10.6347,  Loss: -0.5934
Epoch  63/1000: Time Est.: Elapsed[31.37m], Remain[7.78h]
=================================================================
Epoch  64: Train (100%)  Score: 10.5758,  Loss: -0.5884
Epoch  64/1000: Time Est.: Elapsed[31.87m], Remain[7.77h]
=================================================================
Epoch  65: Train (100%)  Score: 10.8347,  Loss: -0.5860
Epoch  65/1000: Time Est.: Elapsed[32.32m], Remain[7.75h]
=================================================================
Epoch  66: Train (100%)  Score: 10.4651,  Loss: -0.5973
Epoch  66/1000: Time Est.: Elapsed[32.85m], Remain[7.75h]
=================================================================
Epoch  67: Train (100%)  Score: 10.6622,  Loss: -0.5863
Epoch  67/1000: Time Est.: Elapsed[33.35m], Remain[7.74h]
=================================================================
Epoch  68: Train (100%)  Score: 10.3366,  Loss: -0.5603
Epoch  68/1000: Time Est.: Elapsed[33.84m], Remain[7.73h]
=================================================================
Epoch  69: Train (100%)  Score: 10.8291,  Loss: -0.5968
Epoch  69/1000: Time Est.: Elapsed[34.35m], Remain[7.72h]
=================================================================
Epoch  70: Train (100%)  Score: 10.5187,  Loss: -0.5709
Epoch  70/1000: Time Est.: Elapsed[34.84m], Remain[7.71h]
=================================================================
Epoch  71: Train (100%)  Score: 10.3862,  Loss: -0.5634
Epoch  71/1000: Time Est.: Elapsed[35.34m], Remain[7.71h]
=================================================================
Epoch  72: Train (100%)  Score: 10.4379,  Loss: -0.5451
Epoch  72/1000: Time Est.: Elapsed[35.83m], Remain[7.70h]
=================================================================
Epoch  73: Train (100%)  Score: 10.7793,  Loss: -0.5674
Epoch  73/1000: Time Est.: Elapsed[36.30m], Remain[7.68h]
=================================================================
Epoch  74: Train (100%)  Score: 10.5520,  Loss: -0.5612
Epoch  74/1000: Time Est.: Elapsed[36.83m], Remain[7.68h]
=================================================================
Epoch  75: Train (100%)  Score: 10.6440,  Loss: -0.5575
Epoch  75/1000: Time Est.: Elapsed[37.33m], Remain[7.67h]
=================================================================
Epoch  76: Train (100%)  Score: 10.8956,  Loss: -0.5691
Epoch  76/1000: Time Est.: Elapsed[37.83m], Remain[7.67h]
=================================================================
Epoch  77: Train (100%)  Score: 10.4843,  Loss: -0.5576
Epoch  77/1000: Time Est.: Elapsed[38.33m], Remain[7.66h]
=================================================================
Epoch  78: Train (100%)  Score: 10.0107,  Loss: -0.5460
Epoch  78/1000: Time Est.: Elapsed[38.82m], Remain[7.65h]
=================================================================
Epoch  79: Train (100%)  Score: 10.9633,  Loss: -0.5710
Epoch  79/1000: Time Est.: Elapsed[39.32m], Remain[7.64h]
=================================================================
Epoch  80: Train (100%)  Score: 11.2588,  Loss: -0.5790
Epoch  80/1000: Time Est.: Elapsed[39.82m], Remain[7.63h]
=================================================================
Epoch  81: Train (100%)  Score: 10.4029,  Loss: -0.5437
Epoch  81/1000: Time Est.: Elapsed[40.31m], Remain[7.62h]
=================================================================
Epoch  82: Train (100%)  Score: 10.6131,  Loss: -0.5394
Epoch  82/1000: Time Est.: Elapsed[40.80m], Remain[7.61h]
=================================================================
Epoch  83: Train (100%)  Score: 10.4887,  Loss: -0.5442
Epoch  83/1000: Time Est.: Elapsed[41.30m], Remain[7.61h]
=================================================================
Epoch  84: Train (100%)  Score: 10.6232,  Loss: -0.5373
Epoch  84/1000: Time Est.: Elapsed[41.80m], Remain[7.60h]
=================================================================
Epoch  85: Train (100%)  Score: 10.8080,  Loss: -0.5499
Epoch  85/1000: Time Est.: Elapsed[42.30m], Remain[7.59h]
=================================================================
Epoch  86: Train (100%)  Score: 10.4401,  Loss: -0.5402
Epoch  86/1000: Time Est.: Elapsed[42.79m], Remain[7.58h]
=================================================================
Epoch  87: Train (100%)  Score: 10.6710,  Loss: -0.5289
Epoch  87/1000: Time Est.: Elapsed[43.29m], Remain[7.57h]
=================================================================
Epoch  88: Train (100%)  Score: 10.4700,  Loss: -0.5386
Epoch  88/1000: Time Est.: Elapsed[43.79m], Remain[7.56h]
=================================================================
Epoch  89: Train (100%)  Score: 10.7041,  Loss: -0.5279
Epoch  89/1000: Time Est.: Elapsed[44.28m], Remain[7.55h]
=================================================================
Epoch  90: Train (100%)  Score: 10.5011,  Loss: -0.5366
Epoch  90/1000: Time Est.: Elapsed[44.73m], Remain[7.54h]
=================================================================
Epoch  91: Train (100%)  Score: 10.6354,  Loss: -0.5320
Epoch  91/1000: Time Est.: Elapsed[45.26m], Remain[7.54h]
=================================================================
Epoch  92: Train (100%)  Score: 10.3617,  Loss: -0.5208
Epoch  92/1000: Time Est.: Elapsed[45.76m], Remain[7.53h]
=================================================================
Epoch  93: Train (100%)  Score: 10.5328,  Loss: -0.5367
Epoch  93/1000: Time Est.: Elapsed[46.26m], Remain[7.52h]
=================================================================
Epoch  94: Train (100%)  Score: 10.5511,  Loss: -0.5264
Epoch  94/1000: Time Est.: Elapsed[46.76m], Remain[7.51h]
=================================================================
Epoch  95: Train (100%)  Score: 10.2620,  Loss: -0.5142
Epoch  95/1000: Time Est.: Elapsed[47.25m], Remain[7.50h]
=================================================================
Epoch  96: Train (100%)  Score: 10.5297,  Loss: -0.5169
Epoch  96/1000: Time Est.: Elapsed[47.75m], Remain[7.49h]
=================================================================
Epoch  97: Train (100%)  Score: 10.3373,  Loss: -0.5191
Epoch  97/1000: Time Est.: Elapsed[48.25m], Remain[7.49h]
=================================================================
Epoch  98: Train (100%)  Score: 10.5714,  Loss: -0.4976
Epoch  98/1000: Time Est.: Elapsed[48.72m], Remain[7.47h]
=================================================================
Epoch  99: Train (100%)  Score: 10.8911,  Loss: -0.5216
Epoch  99/1000: Time Est.: Elapsed[49.25m], Remain[7.47h]
=================================================================
Epoch 100: Train (100%)  Score: 10.7666,  Loss: -0.5292
Epoch 100/1000: Time Est.: Elapsed[49.75m], Remain[7.46h]
Saving trained_model
=================================================================
Epoch 101: Train (100%)  Score: 10.7064,  Loss: -0.5283
Epoch 101/1000: Time Est.: Elapsed[50.25m], Remain[7.45h]
=================================================================
Epoch 102: Train (100%)  Score: 10.4176,  Loss: -0.5162
Epoch 102/1000: Time Est.: Elapsed[50.74m], Remain[7.45h]
=================================================================
Epoch 103: Train (100%)  Score: 10.5928,  Loss: -0.5102
Epoch 103/1000: Time Est.: Elapsed[51.23m], Remain[7.44h]
=================================================================
Epoch 104: Train (100%)  Score: 10.3304,  Loss: -0.4996
Epoch 104/1000: Time Est.: Elapsed[51.73m], Remain[7.43h]
=================================================================
Epoch 105: Train (100%)  Score: 10.5281,  Loss: -0.5101
Epoch 105/1000: Time Est.: Elapsed[52.22m], Remain[7.42h]
=================================================================
Epoch 106: Train (100%)  Score: 10.4682,  Loss: -0.5056
Epoch 106/1000: Time Est.: Elapsed[52.70m], Remain[7.41h]
=================================================================
Epoch 107: Train (100%)  Score: 10.2086,  Loss: -0.5084
Epoch 107/1000: Time Est.: Elapsed[53.21m], Remain[7.40h]
=================================================================
Epoch 108: Train (100%)  Score: 10.9489,  Loss: -0.5113
Epoch 108/1000: Time Est.: Elapsed[53.72m], Remain[7.39h]
=================================================================
Epoch 109: Train (100%)  Score: 10.4577,  Loss: -0.5108
Epoch 109/1000: Time Est.: Elapsed[54.21m], Remain[7.39h]
=================================================================
Epoch 110: Train (100%)  Score: 10.7361,  Loss: -0.4980
Epoch 110/1000: Time Est.: Elapsed[54.71m], Remain[7.38h]
=================================================================
Epoch 111: Train (100%)  Score: 10.5902,  Loss: -0.5025
Epoch 111/1000: Time Est.: Elapsed[55.20m], Remain[7.37h]
=================================================================
Epoch 112: Train (100%)  Score: 10.5353,  Loss: -0.5046
Epoch 112/1000: Time Est.: Elapsed[55.70m], Remain[7.36h]
=================================================================
Epoch 113: Train (100%)  Score: 10.3463,  Loss: -0.4868
Epoch 113/1000: Time Est.: Elapsed[56.20m], Remain[7.35h]
=================================================================
Epoch 114: Train (100%)  Score: 10.0855,  Loss: -0.4730
Epoch 114/1000: Time Est.: Elapsed[56.69m], Remain[7.34h]
=================================================================
Epoch 115: Train (100%)  Score: 10.5735,  Loss: -0.4992
Epoch 115/1000: Time Est.: Elapsed[57.19m], Remain[7.33h]
=================================================================
Epoch 116: Train (100%)  Score: 10.3598,  Loss: -0.4994
Epoch 116/1000: Time Est.: Elapsed[57.67m], Remain[7.32h]
=================================================================
Epoch 117: Train (100%)  Score: 10.2071,  Loss: -0.4862
Epoch 117/1000: Time Est.: Elapsed[58.16m], Remain[7.32h]
=================================================================
Epoch 118: Train (100%)  Score: 10.6822,  Loss: -0.4934
Epoch 118/1000: Time Est.: Elapsed[58.66m], Remain[7.31h]
=================================================================
Epoch 119: Train (100%)  Score: 10.9328,  Loss: -0.4900
Epoch 119/1000: Time Est.: Elapsed[59.16m], Remain[7.30h]
=================================================================
Epoch 120: Train (100%)  Score: 10.4128,  Loss: -0.4817
Epoch 120/1000: Time Est.: Elapsed[59.65m], Remain[7.29h]
=================================================================
Epoch 121: Train (100%)  Score: 10.7172,  Loss: -0.4850
Epoch 121/1000: Time Est.: Elapsed[1.00h], Remain[7.28h]
=================================================================
Epoch 122: Train (100%)  Score: 10.6014,  Loss: -0.4907
Epoch 122/1000: Time Est.: Elapsed[1.01h], Remain[7.27h]
=================================================================
Epoch 123: Train (100%)  Score: 10.3544,  Loss: -0.4836
Epoch 123/1000: Time Est.: Elapsed[1.02h], Remain[7.26h]
=================================================================
Epoch 124: Train (100%)  Score: 10.6364,  Loss: -0.4869
Epoch 124/1000: Time Est.: Elapsed[1.03h], Remain[7.26h]
=================================================================
Epoch 125: Train (100%)  Score: 10.6815,  Loss: -0.4892
Epoch 125/1000: Time Est.: Elapsed[1.04h], Remain[7.25h]
=================================================================
Epoch 126: Train (100%)  Score: 10.7461,  Loss: -0.4886
Epoch 126/1000: Time Est.: Elapsed[1.04h], Remain[7.24h]
=================================================================
Epoch 127: Train (100%)  Score: 10.6269,  Loss: -0.4789
Epoch 127/1000: Time Est.: Elapsed[1.05h], Remain[7.23h]
=================================================================
Epoch 128: Train (100%)  Score: 10.2381,  Loss: -0.4740
Epoch 128/1000: Time Est.: Elapsed[1.06h], Remain[7.22h]
=================================================================
Epoch 129: Train (100%)  Score: 10.2812,  Loss: -0.4779
Epoch 129/1000: Time Est.: Elapsed[1.07h], Remain[7.22h]
=================================================================
Epoch 130: Train (100%)  Score: 10.6190,  Loss: -0.4864
Epoch 130/1000: Time Est.: Elapsed[1.08h], Remain[7.21h]
=================================================================
Epoch 131: Train (100%)  Score: 10.7032,  Loss: -0.4775
Epoch 131/1000: Time Est.: Elapsed[1.08h], Remain[7.20h]
=================================================================
Epoch 132: Train (100%)  Score: 10.3916,  Loss: -0.4779
Epoch 132/1000: Time Est.: Elapsed[1.09h], Remain[7.19h]
=================================================================
Epoch 133: Train (100%)  Score: 10.7158,  Loss: -0.4711
Epoch 133/1000: Time Est.: Elapsed[1.10h], Remain[7.18h]
=================================================================
Epoch 134: Train (100%)  Score: 10.9392,  Loss: -0.4848
Epoch 134/1000: Time Est.: Elapsed[1.11h], Remain[7.17h]
=================================================================
Epoch 135: Train (100%)  Score: 10.2501,  Loss: -0.4737
Epoch 135/1000: Time Est.: Elapsed[1.12h], Remain[7.16h]
=================================================================
Epoch 136: Train (100%)  Score: 10.1925,  Loss: -0.4625
Epoch 136/1000: Time Est.: Elapsed[1.13h], Remain[7.16h]
=================================================================
Epoch 137: Train (100%)  Score: 10.2715,  Loss: -0.4704
Epoch 137/1000: Time Est.: Elapsed[1.13h], Remain[7.15h]
=================================================================
Epoch 138: Train (100%)  Score: 10.6648,  Loss: -0.4703
Epoch 138/1000: Time Est.: Elapsed[1.14h], Remain[7.14h]
=================================================================
Epoch 139: Train (100%)  Score: 10.4647,  Loss: -0.4627
Epoch 139/1000: Time Est.: Elapsed[1.14h], Remain[7.07h]
=================================================================
Epoch 140: Train (100%)  Score: 10.7062,  Loss: -0.4725
Epoch 140/1000: Time Est.: Elapsed[1.16h], Remain[7.12h]
=================================================================
Epoch 141: Train (100%)  Score: 10.3116,  Loss: -0.4771
Epoch 141/1000: Time Est.: Elapsed[1.17h], Remain[7.11h]
=================================================================
Epoch 142: Train (100%)  Score: 10.4467,  Loss: -0.4710
Epoch 142/1000: Time Est.: Elapsed[1.18h], Remain[7.10h]
=================================================================
Epoch 143: Train (100%)  Score: 9.8718,  Loss: -0.4531
Epoch 143/1000: Time Est.: Elapsed[1.18h], Remain[7.10h]
=================================================================
Epoch 144: Train (100%)  Score: 10.2983,  Loss: -0.4668
Epoch 144/1000: Time Est.: Elapsed[1.19h], Remain[7.09h]
=================================================================
Epoch 145: Train (100%)  Score: 10.3814,  Loss: -0.4625
Epoch 145/1000: Time Est.: Elapsed[1.20h], Remain[7.08h]
=================================================================
Epoch 146: Train (100%)  Score: 10.4609,  Loss: -0.4615
Epoch 146/1000: Time Est.: Elapsed[1.21h], Remain[7.07h]
=================================================================
Epoch 147: Train (100%)  Score: 10.4052,  Loss: -0.4626
Epoch 147/1000: Time Est.: Elapsed[1.22h], Remain[7.06h]
=================================================================
Epoch 148: Train (100%)  Score: 10.7662,  Loss: -0.4686
Epoch 148/1000: Time Est.: Elapsed[1.23h], Remain[7.05h]
=================================================================
Epoch 149: Train (100%)  Score: 10.1351,  Loss: -0.4606
Epoch 149/1000: Time Est.: Elapsed[1.23h], Remain[7.04h]
=================================================================
Epoch 150: Train (100%)  Score: 10.2499,  Loss: -0.4613
Epoch 150/1000: Time Est.: Elapsed[1.24h], Remain[7.04h]
=================================================================
Epoch 151: Train (100%)  Score: 10.4559,  Loss: -0.4590
Epoch 151/1000: Time Est.: Elapsed[1.25h], Remain[7.03h]
=================================================================
Epoch 152: Train (100%)  Score: 10.0804,  Loss: -0.4591
Epoch 152/1000: Time Est.: Elapsed[1.26h], Remain[7.02h]
=================================================================
Epoch 153: Train (100%)  Score: 10.5262,  Loss: -0.4509
Epoch 153/1000: Time Est.: Elapsed[1.27h], Remain[7.01h]
=================================================================
Epoch 154: Train (100%)  Score: 10.2312,  Loss: -0.4597
Epoch 154/1000: Time Est.: Elapsed[1.27h], Remain[7.00h]
=================================================================
Epoch 155: Train (100%)  Score: 10.5658,  Loss: -0.4586
Epoch 155/1000: Time Est.: Elapsed[1.28h], Remain[6.99h]
=================================================================
Epoch 156: Train (100%)  Score: 10.7651,  Loss: -0.4622
Epoch 156/1000: Time Est.: Elapsed[1.29h], Remain[6.98h]
=================================================================
Epoch 157: Train (100%)  Score: 10.2256,  Loss: -0.4532
Epoch 157/1000: Time Est.: Elapsed[1.30h], Remain[6.98h]
=================================================================
Epoch 158: Train (100%)  Score: 10.2641,  Loss: -0.4453
Epoch 158/1000: Time Est.: Elapsed[1.31h], Remain[6.97h]
=================================================================
Epoch 159: Train (100%)  Score: 10.1458,  Loss: -0.4575
Epoch 159/1000: Time Est.: Elapsed[1.32h], Remain[6.96h]
=================================================================
Epoch 160: Train (100%)  Score: 10.6537,  Loss: -0.4666
Epoch 160/1000: Time Est.: Elapsed[1.32h], Remain[6.95h]
=================================================================
Epoch 161: Train (100%)  Score: 10.1773,  Loss: -0.4484
Epoch 161/1000: Time Est.: Elapsed[1.33h], Remain[6.94h]
=================================================================
Epoch 162: Train (100%)  Score: 10.1086,  Loss: -0.4418
Epoch 162/1000: Time Est.: Elapsed[1.34h], Remain[6.93h]
=================================================================
Epoch 163: Train (100%)  Score: 10.2912,  Loss: -0.4490
Epoch 163/1000: Time Est.: Elapsed[1.35h], Remain[6.92h]
=================================================================
Epoch 164: Train (100%)  Score: 10.4585,  Loss: -0.4570
Epoch 164/1000: Time Est.: Elapsed[1.36h], Remain[6.92h]
=================================================================
Epoch 165: Train (100%)  Score: 10.3396,  Loss: -0.4581
Epoch 165/1000: Time Est.: Elapsed[1.37h], Remain[6.91h]
=================================================================
Epoch 166: Train (100%)  Score: 10.3711,  Loss: -0.4479
Epoch 166/1000: Time Est.: Elapsed[1.38h], Remain[6.91h]
=================================================================
Epoch 167: Train (100%)  Score: 10.2836,  Loss: -0.4478
Epoch 167/1000: Time Est.: Elapsed[1.38h], Remain[6.90h]
=================================================================
Epoch 168: Train (100%)  Score: 10.7403,  Loss: -0.4480
Epoch 168/1000: Time Est.: Elapsed[1.39h], Remain[6.90h]
=================================================================
Epoch 169: Train (100%)  Score: 10.2874,  Loss: -0.4429
Epoch 169/1000: Time Est.: Elapsed[1.40h], Remain[6.89h]
=================================================================
Epoch 170: Train (100%)  Score: 10.3964,  Loss: -0.4415
Epoch 170/1000: Time Est.: Elapsed[1.41h], Remain[6.89h]
=================================================================
Epoch 171: Train (100%)  Score: 10.5487,  Loss: -0.4517
Epoch 171/1000: Time Est.: Elapsed[1.42h], Remain[6.88h]
=================================================================
Epoch 172: Train (100%)  Score: 10.4353,  Loss: -0.4384
Epoch 172/1000: Time Est.: Elapsed[1.43h], Remain[6.87h]
=================================================================
Epoch 173: Train (100%)  Score: 10.2188,  Loss: -0.4457
Epoch 173/1000: Time Est.: Elapsed[1.44h], Remain[6.86h]
=================================================================
Epoch 174: Train (100%)  Score: 10.1187,  Loss: -0.4406
Epoch 174/1000: Time Est.: Elapsed[1.44h], Remain[6.85h]
=================================================================
Epoch 175: Train (100%)  Score: 10.3300,  Loss: -0.4422
Epoch 175/1000: Time Est.: Elapsed[1.45h], Remain[6.84h]
=================================================================
Epoch 176: Train (100%)  Score: 10.2717,  Loss: -0.4393
Epoch 176/1000: Time Est.: Elapsed[1.46h], Remain[6.83h]
=================================================================
Epoch 177: Train (100%)  Score: 10.5616,  Loss: -0.4453
Epoch 177/1000: Time Est.: Elapsed[1.47h], Remain[6.83h]
=================================================================
Epoch 178: Train (100%)  Score: 10.2697,  Loss: -0.4408
Epoch 178/1000: Time Est.: Elapsed[1.48h], Remain[6.82h]
=================================================================
Epoch 179: Train (100%)  Score: 10.3384,  Loss: -0.4460
Epoch 179/1000: Time Est.: Elapsed[1.48h], Remain[6.81h]
=================================================================
Epoch 180: Train (100%)  Score: 10.0793,  Loss: -0.4404
Epoch 180/1000: Time Est.: Elapsed[1.49h], Remain[6.80h]
=================================================================
Epoch 181: Train (100%)  Score: 10.2999,  Loss: -0.4399
Epoch 181/1000: Time Est.: Elapsed[1.50h], Remain[6.79h]
=================================================================
Epoch 182: Train (100%)  Score: 10.6962,  Loss: -0.4495
Epoch 182/1000: Time Est.: Elapsed[1.51h], Remain[6.78h]
=================================================================
Epoch 183: Train (100%)  Score: 10.5622,  Loss: -0.4394
Epoch 183/1000: Time Est.: Elapsed[1.52h], Remain[6.78h]
=================================================================
Epoch 184: Train (100%)  Score: 10.0939,  Loss: -0.4372
Epoch 184/1000: Time Est.: Elapsed[1.53h], Remain[6.77h]
=================================================================
Epoch 185: Train (100%)  Score: 10.0269,  Loss: -0.4388
Epoch 185/1000: Time Est.: Elapsed[1.53h], Remain[6.76h]
=================================================================
Epoch 186: Train (100%)  Score: 10.4585,  Loss: -0.4398
Epoch 186/1000: Time Est.: Elapsed[1.54h], Remain[6.75h]
=================================================================
Epoch 187: Train (100%)  Score: 10.2028,  Loss: -0.4327
Epoch 187/1000: Time Est.: Elapsed[1.55h], Remain[6.74h]
=================================================================
Epoch 188: Train (100%)  Score: 10.3963,  Loss: -0.4337
Epoch 188/1000: Time Est.: Elapsed[1.56h], Remain[6.73h]
=================================================================
Epoch 189: Train (100%)  Score: 10.4236,  Loss: -0.4388
Epoch 189/1000: Time Est.: Elapsed[1.57h], Remain[6.72h]
=================================================================
Epoch 190: Train (100%)  Score: 10.6126,  Loss: -0.4382
Epoch 190/1000: Time Est.: Elapsed[1.58h], Remain[6.72h]
=================================================================
Epoch 191: Train (100%)  Score: 10.2578,  Loss: -0.4369
Epoch 191/1000: Time Est.: Elapsed[1.58h], Remain[6.71h]
=================================================================
Epoch 192: Train (100%)  Score: 10.3798,  Loss: -0.4382
Epoch 192/1000: Time Est.: Elapsed[1.58h], Remain[6.66h]
=================================================================
Epoch 193: Train (100%)  Score: 10.2767,  Loss: -0.4272
Epoch 193/1000: Time Est.: Elapsed[1.60h], Remain[6.69h]
=================================================================
Epoch 194: Train (100%)  Score: 10.5137,  Loss: -0.4365
Epoch 194/1000: Time Est.: Elapsed[1.61h], Remain[6.68h]
=================================================================
Epoch 195: Train (100%)  Score: 10.5233,  Loss: -0.4362
Epoch 195/1000: Time Est.: Elapsed[1.62h], Remain[6.67h]
=================================================================
Epoch 196: Train (100%)  Score: 10.4025,  Loss: -0.4412
Epoch 196/1000: Time Est.: Elapsed[1.63h], Remain[6.67h]
=================================================================
Epoch 197: Train (100%)  Score: 10.7449,  Loss: -0.4350
Epoch 197/1000: Time Est.: Elapsed[1.62h], Remain[6.62h]
=================================================================
Epoch 198: Train (100%)  Score: 10.0681,  Loss: -0.4305
Epoch 198/1000: Time Est.: Elapsed[1.64h], Remain[6.65h]
=================================================================
Epoch 199: Train (100%)  Score: 10.5477,  Loss: -0.4393
Epoch 199/1000: Time Est.: Elapsed[1.65h], Remain[6.64h]
=================================================================
Epoch 200: Train (100%)  Score: 10.4936,  Loss: -0.4435
Epoch 200/1000: Time Est.: Elapsed[1.66h], Remain[6.63h]
Saving trained_model
=================================================================
Epoch 201: Train (100%)  Score: 10.0148,  Loss: -0.4205
Epoch 201/1000: Time Est.: Elapsed[1.67h], Remain[6.62h]
=================================================================
Epoch 202: Train (100%)  Score: 10.0495,  Loss: -0.4348
Epoch 202/1000: Time Est.: Elapsed[1.67h], Remain[6.61h]
=================================================================
Epoch 203: Train (100%)  Score: 10.1595,  Loss: -0.4327
Epoch 203/1000: Time Est.: Elapsed[1.68h], Remain[6.61h]
=================================================================
Epoch 204: Train (100%)  Score: 10.8638,  Loss: -0.4365
Epoch 204/1000: Time Est.: Elapsed[1.69h], Remain[6.60h]
=================================================================
Epoch 205: Train (100%)  Score: 10.5772,  Loss: -0.4369
Epoch 205/1000: Time Est.: Elapsed[1.70h], Remain[6.59h]
=================================================================
Epoch 206: Train (100%)  Score: 10.4271,  Loss: -0.4376
Epoch 206/1000: Time Est.: Elapsed[1.71h], Remain[6.58h]
=================================================================
Epoch 207: Train (100%)  Score: 10.4967,  Loss: -0.4322
Epoch 207/1000: Time Est.: Elapsed[1.72h], Remain[6.57h]
=================================================================
Epoch 208: Train (100%)  Score: 10.4584,  Loss: -0.4277
Epoch 208/1000: Time Est.: Elapsed[1.72h], Remain[6.56h]
=================================================================
Epoch 209: Train (100%)  Score: 10.2964,  Loss: -0.4288
Epoch 209/1000: Time Est.: Elapsed[1.73h], Remain[6.56h]
=================================================================
Epoch 210: Train (100%)  Score: 10.2643,  Loss: -0.4335
Epoch 210/1000: Time Est.: Elapsed[1.74h], Remain[6.55h]
=================================================================
Epoch 211: Train (100%)  Score: 10.3307,  Loss: -0.4334
Epoch 211/1000: Time Est.: Elapsed[1.75h], Remain[6.54h]
=================================================================
Epoch 212: Train (100%)  Score: 10.6892,  Loss: -0.4284
Epoch 212/1000: Time Est.: Elapsed[1.76h], Remain[6.53h]
=================================================================
Epoch 213: Train (100%)  Score: 10.2966,  Loss: -0.4205
Epoch 213/1000: Time Est.: Elapsed[1.77h], Remain[6.52h]
=================================================================
Epoch 214: Train (100%)  Score: 10.4987,  Loss: -0.4290
Epoch 214/1000: Time Est.: Elapsed[1.77h], Remain[6.51h]
=================================================================
Epoch 215: Train (100%)  Score: 10.2905,  Loss: -0.4276
Epoch 215/1000: Time Est.: Elapsed[1.77h], Remain[6.47h]
=================================================================
Epoch 216: Train (100%)  Score: 10.1932,  Loss: -0.4282
Epoch 216/1000: Time Est.: Elapsed[1.79h], Remain[6.50h]
=================================================================
Epoch 217: Train (100%)  Score: 10.5917,  Loss: -0.4262
Epoch 217/1000: Time Est.: Elapsed[1.80h], Remain[6.49h]
=================================================================
Epoch 218: Train (100%)  Score: 10.1599,  Loss: -0.4214
Epoch 218/1000: Time Est.: Elapsed[1.81h], Remain[6.48h]
=================================================================
Epoch 219: Train (100%)  Score: 10.5894,  Loss: -0.4276
Epoch 219/1000: Time Est.: Elapsed[1.81h], Remain[6.47h]
=================================================================
Epoch 220: Train (100%)  Score: 10.2803,  Loss: -0.4303
Epoch 220/1000: Time Est.: Elapsed[1.82h], Remain[6.46h]
=================================================================
Epoch 221: Train (100%)  Score: 10.3928,  Loss: -0.4290
Epoch 221/1000: Time Est.: Elapsed[1.83h], Remain[6.45h]
=================================================================
Epoch 222: Train (100%)  Score: 10.4630,  Loss: -0.4228
Epoch 222/1000: Time Est.: Elapsed[1.84h], Remain[6.45h]
=================================================================
Epoch 223: Train (100%)  Score: 10.3076,  Loss: -0.4280
Epoch 223/1000: Time Est.: Elapsed[1.85h], Remain[6.44h]
=================================================================
Epoch 224: Train (100%)  Score: 10.3278,  Loss: -0.4247
Epoch 224/1000: Time Est.: Elapsed[1.86h], Remain[6.43h]
=================================================================
Epoch 225: Train (100%)  Score: 10.2787,  Loss: -0.4232
Epoch 225/1000: Time Est.: Elapsed[1.85h], Remain[6.39h]
=================================================================
Epoch 226: Train (100%)  Score: 10.4382,  Loss: -0.4250
Epoch 226/1000: Time Est.: Elapsed[1.87h], Remain[6.41h]
=================================================================
Epoch 227: Train (100%)  Score: 10.3062,  Loss: -0.4201
Epoch 227/1000: Time Est.: Elapsed[1.88h], Remain[6.40h]
=================================================================
Epoch 228: Train (100%)  Score: 10.2897,  Loss: -0.4275
Epoch 228/1000: Time Est.: Elapsed[1.89h], Remain[6.40h]
=================================================================
Epoch 229: Train (100%)  Score: 10.1117,  Loss: -0.4240
Epoch 229/1000: Time Est.: Elapsed[1.90h], Remain[6.39h]
=================================================================
Epoch 230: Train (100%)  Score: 10.2473,  Loss: -0.4204
Epoch 230/1000: Time Est.: Elapsed[1.91h], Remain[6.38h]
=================================================================
Epoch 231: Train (100%)  Score: 10.4931,  Loss: -0.4274
Epoch 231/1000: Time Est.: Elapsed[1.91h], Remain[6.37h]
=================================================================
Epoch 232: Train (100%)  Score: 10.6914,  Loss: -0.4284
Epoch 232/1000: Time Est.: Elapsed[1.92h], Remain[6.36h]
=================================================================
Epoch 233: Train (100%)  Score: 10.1247,  Loss: -0.4312
Epoch 233/1000: Time Est.: Elapsed[1.93h], Remain[6.35h]
=================================================================
Epoch 234: Train (100%)  Score: 10.4339,  Loss: -0.4222
Epoch 234/1000: Time Est.: Elapsed[1.94h], Remain[6.35h]
=================================================================
Epoch 235: Train (100%)  Score: 10.3225,  Loss: -0.4299
Epoch 235/1000: Time Est.: Elapsed[1.95h], Remain[6.34h]
=================================================================
Epoch 236: Train (100%)  Score: 10.8436,  Loss: -0.4251
Epoch 236/1000: Time Est.: Elapsed[1.95h], Remain[6.33h]
=================================================================
Epoch 237: Train (100%)  Score: 10.1831,  Loss: -0.4178
Epoch 237/1000: Time Est.: Elapsed[1.96h], Remain[6.32h]
=================================================================
Epoch 238: Train (100%)  Score: 10.3456,  Loss: -0.4159
Epoch 238/1000: Time Est.: Elapsed[1.97h], Remain[6.31h]
=================================================================
Epoch 239: Train (100%)  Score: 9.9003,  Loss: -0.4185
Epoch 239/1000: Time Est.: Elapsed[1.98h], Remain[6.30h]
=================================================================
Epoch 240: Train (100%)  Score: 10.2953,  Loss: -0.4120
Epoch 240/1000: Time Est.: Elapsed[1.99h], Remain[6.29h]
=================================================================
Epoch 241: Train (100%)  Score: 10.5363,  Loss: -0.4242
Epoch 241/1000: Time Est.: Elapsed[2.00h], Remain[6.29h]
=================================================================
Epoch 242: Train (100%)  Score: 10.4859,  Loss: -0.4227
Epoch 242/1000: Time Est.: Elapsed[2.00h], Remain[6.28h]
=================================================================
Epoch 243: Train (100%)  Score: 10.2646,  Loss: -0.4102
Epoch 243/1000: Time Est.: Elapsed[2.01h], Remain[6.27h]
=================================================================
Epoch 244: Train (100%)  Score: 10.3235,  Loss: -0.4179
Epoch 244/1000: Time Est.: Elapsed[2.02h], Remain[6.26h]
=================================================================
Epoch 245: Train (100%)  Score: 10.1752,  Loss: -0.4058
Epoch 245/1000: Time Est.: Elapsed[2.03h], Remain[6.25h]
=================================================================
Epoch 246: Train (100%)  Score: 10.8132,  Loss: -0.4204
Epoch 246/1000: Time Est.: Elapsed[2.03h], Remain[6.21h]
=================================================================
Epoch 247: Train (100%)  Score: 10.1058,  Loss: -0.4119
Epoch 247/1000: Time Est.: Elapsed[2.05h], Remain[6.24h]
=================================================================
Epoch 248: Train (100%)  Score: 10.2372,  Loss: -0.4101
Epoch 248/1000: Time Est.: Elapsed[2.05h], Remain[6.23h]
=================================================================
Epoch 249: Train (100%)  Score: 10.2694,  Loss: -0.4152
Epoch 249/1000: Time Est.: Elapsed[2.06h], Remain[6.22h]
=================================================================
Epoch 250: Train (100%)  Score: 10.3897,  Loss: -0.4221
Epoch 250/1000: Time Est.: Elapsed[2.07h], Remain[6.21h]
=================================================================
Epoch 251: Train (100%)  Score: 10.0926,  Loss: -0.4186
Epoch 251/1000: Time Est.: Elapsed[2.08h], Remain[6.20h]
=================================================================
Epoch 252: Train (100%)  Score: 10.4085,  Loss: -0.4083
Epoch 252/1000: Time Est.: Elapsed[2.09h], Remain[6.19h]
=================================================================
Epoch 253: Train (100%)  Score: 10.3723,  Loss: -0.4128
Epoch 253/1000: Time Est.: Elapsed[2.09h], Remain[6.18h]
=================================================================
Epoch 254: Train (100%)  Score: 10.4694,  Loss: -0.4196
Epoch 254/1000: Time Est.: Elapsed[2.10h], Remain[6.18h]
=================================================================
Epoch 255: Train (100%)  Score: 10.8323,  Loss: -0.4222
Epoch 255/1000: Time Est.: Elapsed[2.11h], Remain[6.17h]
=================================================================
Epoch 256: Train (100%)  Score: 10.6039,  Loss: -0.4154
Epoch 256/1000: Time Est.: Elapsed[2.12h], Remain[6.16h]
=================================================================
Epoch 257: Train (100%)  Score: 10.1430,  Loss: -0.4079
Epoch 257/1000: Time Est.: Elapsed[2.13h], Remain[6.15h]
=================================================================
Epoch 258: Train (100%)  Score: 10.4717,  Loss: -0.4139
Epoch 258/1000: Time Est.: Elapsed[2.14h], Remain[6.14h]
=================================================================
Epoch 259: Train (100%)  Score: 10.4847,  Loss: -0.4094
Epoch 259/1000: Time Est.: Elapsed[2.14h], Remain[6.13h]
=================================================================
Epoch 260: Train (100%)  Score: 10.4718,  Loss: -0.4164
Epoch 260/1000: Time Est.: Elapsed[2.15h], Remain[6.13h]
=================================================================
Epoch 261: Train (100%)  Score: 10.2987,  Loss: -0.4095
Epoch 261/1000: Time Est.: Elapsed[2.16h], Remain[6.12h]
=================================================================
Epoch 262: Train (100%)  Score: 10.0937,  Loss: -0.4118
Epoch 262/1000: Time Est.: Elapsed[2.17h], Remain[6.11h]
=================================================================
Epoch 263: Train (100%)  Score: 10.3086,  Loss: -0.4046
Epoch 263/1000: Time Est.: Elapsed[2.18h], Remain[6.10h]
=================================================================
Epoch 264: Train (100%)  Score: 10.5175,  Loss: -0.4181
Epoch 264/1000: Time Est.: Elapsed[2.19h], Remain[6.09h]
=================================================================
Epoch 265: Train (100%)  Score: 10.7293,  Loss: -0.4105
Epoch 265/1000: Time Est.: Elapsed[2.19h], Remain[6.08h]
=================================================================
Epoch 266: Train (100%)  Score: 9.8243,  Loss: -0.4012
Epoch 266/1000: Time Est.: Elapsed[2.20h], Remain[6.08h]
=================================================================
Epoch 267: Train (100%)  Score: 10.4399,  Loss: -0.4160
Epoch 267/1000: Time Est.: Elapsed[2.21h], Remain[6.07h]
=================================================================
Epoch 268: Train (100%)  Score: 10.3405,  Loss: -0.4019
Epoch 268/1000: Time Est.: Elapsed[2.22h], Remain[6.06h]
=================================================================
Epoch 269: Train (100%)  Score: 10.2729,  Loss: -0.4084
Epoch 269/1000: Time Est.: Elapsed[2.23h], Remain[6.05h]
=================================================================
Epoch 270: Train (100%)  Score: 10.6329,  Loss: -0.4056
Epoch 270/1000: Time Est.: Elapsed[2.23h], Remain[6.02h]
=================================================================
Epoch 271: Train (100%)  Score: 10.6018,  Loss: -0.4018
Epoch 271/1000: Time Est.: Elapsed[2.24h], Remain[6.03h]
=================================================================
Epoch 272: Train (100%)  Score: 10.4041,  Loss: -0.4081
Epoch 272/1000: Time Est.: Elapsed[2.25h], Remain[6.03h]
=================================================================
Epoch 273: Train (100%)  Score: 9.9788,  Loss: -0.3956
Epoch 273/1000: Time Est.: Elapsed[2.26h], Remain[6.02h]
=================================================================
Epoch 274: Train (100%)  Score: 10.2391,  Loss: -0.4054
Epoch 274/1000: Time Est.: Elapsed[2.27h], Remain[6.01h]
=================================================================
Epoch 275: Train (100%)  Score: 10.1882,  Loss: -0.4012
Epoch 275/1000: Time Est.: Elapsed[2.28h], Remain[6.00h]
=================================================================
Epoch 276: Train (100%)  Score: 10.3803,  Loss: -0.4075
Epoch 276/1000: Time Est.: Elapsed[2.28h], Remain[5.99h]
=================================================================
Epoch 277: Train (100%)  Score: 10.4973,  Loss: -0.4029
Epoch 277/1000: Time Est.: Elapsed[2.28h], Remain[5.96h]
=================================================================
Epoch 278: Train (100%)  Score: 10.5248,  Loss: -0.4107
Epoch 278/1000: Time Est.: Elapsed[2.30h], Remain[5.98h]
=================================================================
Epoch 279: Train (100%)  Score: 10.1393,  Loss: -0.3977
Epoch 279/1000: Time Est.: Elapsed[2.31h], Remain[5.97h]
=================================================================
Epoch 280: Train (100%)  Score: 10.0011,  Loss: -0.4089
Epoch 280/1000: Time Est.: Elapsed[2.32h], Remain[5.96h]
=================================================================
Epoch 281: Train (100%)  Score: 10.3176,  Loss: -0.3999
Epoch 281/1000: Time Est.: Elapsed[2.33h], Remain[5.95h]
=================================================================
Epoch 282: Train (100%)  Score: 10.4083,  Loss: -0.4024
Epoch 282/1000: Time Est.: Elapsed[2.33h], Remain[5.94h]
=================================================================
Epoch 283: Train (100%)  Score: 10.4582,  Loss: -0.4114
Epoch 283/1000: Time Est.: Elapsed[2.34h], Remain[5.93h]
=================================================================
Epoch 284: Train (100%)  Score: 10.3655,  Loss: -0.4058
Epoch 284/1000: Time Est.: Elapsed[2.35h], Remain[5.93h]
=================================================================
Epoch 285: Train (100%)  Score: 10.0295,  Loss: -0.4062
Epoch 285/1000: Time Est.: Elapsed[2.36h], Remain[5.92h]
=================================================================
Epoch 286: Train (100%)  Score: 10.1751,  Loss: -0.3928
Epoch 286/1000: Time Est.: Elapsed[2.37h], Remain[5.91h]
=================================================================
Epoch 287: Train (100%)  Score: 10.5982,  Loss: -0.4062
Epoch 287/1000: Time Est.: Elapsed[2.37h], Remain[5.90h]
=================================================================
Epoch 288: Train (100%)  Score: 10.6415,  Loss: -0.4087
Epoch 288/1000: Time Est.: Elapsed[2.38h], Remain[5.89h]
=================================================================
Epoch 289: Train (100%)  Score: 10.3292,  Loss: -0.3955
Epoch 289/1000: Time Est.: Elapsed[2.39h], Remain[5.88h]
=================================================================
Epoch 290: Train (100%)  Score: 10.2264,  Loss: -0.4013
Epoch 290/1000: Time Est.: Elapsed[2.40h], Remain[5.88h]
=================================================================
Epoch 291: Train (100%)  Score: 10.4844,  Loss: -0.4000
Epoch 291/1000: Time Est.: Elapsed[2.41h], Remain[5.87h]
=================================================================
Epoch 292: Train (100%)  Score: 10.0028,  Loss: -0.3958
Epoch 292/1000: Time Est.: Elapsed[2.42h], Remain[5.86h]
=================================================================
Epoch 293: Train (100%)  Score: 10.5789,  Loss: -0.4019
Epoch 293/1000: Time Est.: Elapsed[2.42h], Remain[5.85h]
=================================================================
Epoch 294: Train (100%)  Score: 10.1942,  Loss: -0.3953
Epoch 294/1000: Time Est.: Elapsed[2.43h], Remain[5.84h]
=================================================================
Epoch 295: Train (100%)  Score: 9.9261,  Loss: -0.3915
Epoch 295/1000: Time Est.: Elapsed[2.44h], Remain[5.83h]
=================================================================
Epoch 296: Train (100%)  Score: 10.4222,  Loss: -0.4093
Epoch 296/1000: Time Est.: Elapsed[2.45h], Remain[5.83h]
=================================================================
Epoch 297: Train (100%)  Score: 10.0602,  Loss: -0.3931
Epoch 297/1000: Time Est.: Elapsed[2.46h], Remain[5.82h]
=================================================================
Epoch 298: Train (100%)  Score: 10.4106,  Loss: -0.3991
Epoch 298/1000: Time Est.: Elapsed[2.47h], Remain[5.81h]
=================================================================
Epoch 299: Train (100%)  Score: 11.1373,  Loss: -0.4120
Epoch 299/1000: Time Est.: Elapsed[2.47h], Remain[5.80h]
=================================================================
Epoch 300: Train (100%)  Score: 10.6715,  Loss: -0.3956
Epoch 300/1000: Time Est.: Elapsed[2.48h], Remain[5.79h]
Saving trained_model
=================================================================
Epoch 301: Train (100%)  Score: 10.0448,  Loss: -0.3942
Epoch 301/1000: Time Est.: Elapsed[2.49h], Remain[5.78h]
=================================================================
Epoch 302: Train (100%)  Score: 10.0276,  Loss: -0.3901
Epoch 302/1000: Time Est.: Elapsed[2.49h], Remain[5.75h]
=================================================================
Epoch 303: Train (100%)  Score: 10.3591,  Loss: -0.4055
Epoch 303/1000: Time Est.: Elapsed[2.51h], Remain[5.77h]
=================================================================
Epoch 304: Train (100%)  Score: 10.2927,  Loss: -0.3959
Epoch 304/1000: Time Est.: Elapsed[2.52h], Remain[5.76h]
=================================================================
Epoch 305: Train (100%)  Score: 10.6188,  Loss: -0.4041
Epoch 305/1000: Time Est.: Elapsed[2.52h], Remain[5.75h]
=================================================================
Epoch 306: Train (100%)  Score: 10.1320,  Loss: -0.3912
Epoch 306/1000: Time Est.: Elapsed[2.53h], Remain[5.74h]
=================================================================
Epoch 307: Train (100%)  Score: 10.4493,  Loss: -0.4007
Epoch 307/1000: Time Est.: Elapsed[2.54h], Remain[5.73h]
=================================================================
Epoch 308: Train (100%)  Score: 10.3151,  Loss: -0.3898
Epoch 308/1000: Time Est.: Elapsed[2.55h], Remain[5.72h]
=================================================================
Epoch 309: Train (100%)  Score: 9.9398,  Loss: -0.3839
Epoch 309/1000: Time Est.: Elapsed[2.56h], Remain[5.72h]
=================================================================
Epoch 310: Train (100%)  Score: 9.7911,  Loss: -0.3857
Epoch 310/1000: Time Est.: Elapsed[2.56h], Remain[5.71h]
=================================================================
Epoch 311: Train (100%)  Score: 10.7167,  Loss: -0.4047
Epoch 311/1000: Time Est.: Elapsed[2.57h], Remain[5.70h]
=================================================================
Epoch 312: Train (100%)  Score: 10.2442,  Loss: -0.3927
Epoch 312/1000: Time Est.: Elapsed[2.58h], Remain[5.69h]
=================================================================
Epoch 313: Train (100%)  Score: 10.0960,  Loss: -0.3926
Epoch 313/1000: Time Est.: Elapsed[2.59h], Remain[5.68h]
=================================================================
Epoch 314: Train (100%)  Score: 10.2668,  Loss: -0.3993
Epoch 314/1000: Time Est.: Elapsed[2.60h], Remain[5.68h]
=================================================================
Epoch 315: Train (100%)  Score: 10.2400,  Loss: -0.3952
Epoch 315/1000: Time Est.: Elapsed[2.61h], Remain[5.67h]
=================================================================
Epoch 316: Train (100%)  Score: 10.1843,  Loss: -0.3956
Epoch 316/1000: Time Est.: Elapsed[2.61h], Remain[5.66h]
=================================================================
Epoch 317: Train (100%)  Score: 10.0493,  Loss: -0.3948
Epoch 317/1000: Time Est.: Elapsed[2.62h], Remain[5.65h]
=================================================================
Epoch 318: Train (100%)  Score: 10.2272,  Loss: -0.3851
Epoch 318/1000: Time Est.: Elapsed[2.63h], Remain[5.64h]
=================================================================
Epoch 319: Train (100%)  Score: 10.2932,  Loss: -0.3943
Epoch 319/1000: Time Est.: Elapsed[2.64h], Remain[5.63h]
=================================================================
Epoch 320: Train (100%)  Score: 10.3402,  Loss: -0.3884
Epoch 320/1000: Time Est.: Elapsed[2.65h], Remain[5.63h]
=================================================================
Epoch 321: Train (100%)  Score: 10.4599,  Loss: -0.3958
Epoch 321/1000: Time Est.: Elapsed[2.66h], Remain[5.62h]
=================================================================
Epoch 322: Train (100%)  Score: 9.9509,  Loss: -0.3794
Epoch 322/1000: Time Est.: Elapsed[2.66h], Remain[5.61h]
=================================================================
Epoch 323: Train (100%)  Score: 10.2720,  Loss: -0.3914
Epoch 323/1000: Time Est.: Elapsed[2.67h], Remain[5.60h]
=================================================================
Epoch 324: Train (100%)  Score: 10.0153,  Loss: -0.3887
Epoch 324/1000: Time Est.: Elapsed[2.68h], Remain[5.59h]
=================================================================
Epoch 325: Train (100%)  Score: 10.2365,  Loss: -0.3945
Epoch 325/1000: Time Est.: Elapsed[2.69h], Remain[5.58h]
=================================================================
Epoch 326: Train (100%)  Score: 10.0770,  Loss: -0.3902
Epoch 326/1000: Time Est.: Elapsed[2.70h], Remain[5.57h]
=================================================================
Epoch 327: Train (100%)  Score: 10.6636,  Loss: -0.3941
Epoch 327/1000: Time Est.: Elapsed[2.70h], Remain[5.57h]
=================================================================
Epoch 328: Train (100%)  Score: 10.0226,  Loss: -0.3751
Epoch 328/1000: Time Est.: Elapsed[2.71h], Remain[5.56h]
=================================================================
Epoch 329: Train (100%)  Score: 9.9637,  Loss: -0.3878
Epoch 329/1000: Time Est.: Elapsed[2.72h], Remain[5.55h]
=================================================================
Epoch 330: Train (100%)  Score: 10.4206,  Loss: -0.3993
Epoch 330/1000: Time Est.: Elapsed[2.73h], Remain[5.54h]
=================================================================
Epoch 331: Train (100%)  Score: 10.2903,  Loss: -0.3902
Epoch 331/1000: Time Est.: Elapsed[2.74h], Remain[5.53h]
=================================================================
Epoch 332: Train (100%)  Score: 10.1531,  Loss: -0.3891
Epoch 332/1000: Time Est.: Elapsed[2.75h], Remain[5.52h]
=================================================================
Epoch 333: Train (100%)  Score: 10.4832,  Loss: -0.3915
Epoch 333/1000: Time Est.: Elapsed[2.75h], Remain[5.52h]
=================================================================
Epoch 334: Train (100%)  Score: 10.4881,  Loss: -0.3806
Epoch 334/1000: Time Est.: Elapsed[2.76h], Remain[5.51h]
=================================================================
Epoch 335: Train (100%)  Score: 10.1270,  Loss: -0.3848
Epoch 335/1000: Time Est.: Elapsed[2.77h], Remain[5.50h]
=================================================================
Epoch 336: Train (100%)  Score: 10.2232,  Loss: -0.3731
Epoch 336/1000: Time Est.: Elapsed[2.78h], Remain[5.49h]
=================================================================
Epoch 337: Train (100%)  Score: 10.3526,  Loss: -0.3916
Epoch 337/1000: Time Est.: Elapsed[2.79h], Remain[5.48h]
=================================================================
Epoch 338: Train (100%)  Score: 10.4620,  Loss: -0.3723
Epoch 338/1000: Time Est.: Elapsed[2.80h], Remain[5.48h]
=================================================================
Epoch 339: Train (100%)  Score: 10.1685,  Loss: -0.3787
Epoch 339/1000: Time Est.: Elapsed[2.80h], Remain[5.47h]
=================================================================
Epoch 340: Train (100%)  Score: 10.3893,  Loss: -0.3807
Epoch 340/1000: Time Est.: Elapsed[2.80h], Remain[5.44h]
=================================================================
Epoch 341: Train (100%)  Score: 10.0053,  Loss: -0.3765
Epoch 341/1000: Time Est.: Elapsed[2.82h], Remain[5.45h]
=================================================================
Epoch 342: Train (100%)  Score: 10.0667,  Loss: -0.3811
Epoch 342/1000: Time Est.: Elapsed[2.83h], Remain[5.44h]
=================================================================
Epoch 343: Train (100%)  Score: 10.6813,  Loss: -0.4016
Epoch 343/1000: Time Est.: Elapsed[2.84h], Remain[5.43h]
=================================================================
Epoch 344: Train (100%)  Score: 10.0999,  Loss: -0.3763
Epoch 344/1000: Time Est.: Elapsed[2.85h], Remain[5.43h]
=================================================================
Epoch 345: Train (100%)  Score: 10.3427,  Loss: -0.3870
Epoch 345/1000: Time Est.: Elapsed[2.85h], Remain[5.42h]
=================================================================
Epoch 346: Train (100%)  Score: 10.1771,  Loss: -0.3853
Epoch 346/1000: Time Est.: Elapsed[2.86h], Remain[5.41h]
=================================================================
Epoch 347: Train (100%)  Score: 10.3108,  Loss: -0.3864
Epoch 347/1000: Time Est.: Elapsed[2.87h], Remain[5.40h]
=================================================================
Epoch 348: Train (100%)  Score: 10.1920,  Loss: -0.3863
Epoch 348/1000: Time Est.: Elapsed[2.88h], Remain[5.39h]
=================================================================
Epoch 349: Train (100%)  Score: 10.6210,  Loss: -0.3972
Epoch 349/1000: Time Est.: Elapsed[2.89h], Remain[5.38h]
=================================================================
Epoch 350: Train (100%)  Score: 10.5967,  Loss: -0.3876
Epoch 350/1000: Time Est.: Elapsed[2.89h], Remain[5.37h]
=================================================================
Epoch 351: Train (100%)  Score: 10.2780,  Loss: -0.3820
Epoch 351/1000: Time Est.: Elapsed[2.90h], Remain[5.37h]
=================================================================
Epoch 352: Train (100%)  Score: 10.5709,  Loss: -0.3876
Epoch 352/1000: Time Est.: Elapsed[2.91h], Remain[5.36h]
=================================================================
Epoch 353: Train (100%)  Score: 10.1448,  Loss: -0.3828
Epoch 353/1000: Time Est.: Elapsed[2.92h], Remain[5.35h]
=================================================================
Epoch 354: Train (100%)  Score: 10.0276,  Loss: -0.3828
Epoch 354/1000: Time Est.: Elapsed[2.93h], Remain[5.34h]
=================================================================
Epoch 355: Train (100%)  Score: 10.4335,  Loss: -0.3874
Epoch 355/1000: Time Est.: Elapsed[2.94h], Remain[5.33h]
=================================================================
Epoch 356: Train (100%)  Score: 9.8605,  Loss: -0.3730
Epoch 356/1000: Time Est.: Elapsed[2.94h], Remain[5.32h]
=================================================================
Epoch 357: Train (100%)  Score: 10.3322,  Loss: -0.3910
Epoch 357/1000: Time Est.: Elapsed[2.95h], Remain[5.32h]
=================================================================
Epoch 358: Train (100%)  Score: 10.6143,  Loss: -0.3892
Epoch 358/1000: Time Est.: Elapsed[2.96h], Remain[5.31h]
=================================================================
Epoch 359: Train (100%)  Score: 10.2669,  Loss: -0.3775
Epoch 359/1000: Time Est.: Elapsed[2.97h], Remain[5.30h]
=================================================================
Epoch 360: Train (100%)  Score: 10.2639,  Loss: -0.3856
Epoch 360/1000: Time Est.: Elapsed[2.98h], Remain[5.29h]
=================================================================
Epoch 361: Train (100%)  Score: 10.1103,  Loss: -0.3746
Epoch 361/1000: Time Est.: Elapsed[2.98h], Remain[5.28h]
=================================================================
Epoch 362: Train (100%)  Score: 10.1597,  Loss: -0.3826
Epoch 362/1000: Time Est.: Elapsed[2.99h], Remain[5.27h]
=================================================================
Epoch 363: Train (100%)  Score: 10.0678,  Loss: -0.3772
Epoch 363/1000: Time Est.: Elapsed[3.00h], Remain[5.27h]
=================================================================
Epoch 364: Train (100%)  Score: 10.0506,  Loss: -0.3814
Epoch 364/1000: Time Est.: Elapsed[3.01h], Remain[5.26h]
=================================================================
Epoch 365: Train (100%)  Score: 10.5759,  Loss: -0.3872
Epoch 365/1000: Time Est.: Elapsed[3.02h], Remain[5.25h]
=================================================================
Epoch 366: Train (100%)  Score: 10.3816,  Loss: -0.3811
Epoch 366/1000: Time Est.: Elapsed[3.03h], Remain[5.24h]
=================================================================
Epoch 367: Train (100%)  Score: 10.3274,  Loss: -0.3743
Epoch 367/1000: Time Est.: Elapsed[3.03h], Remain[5.23h]
=================================================================
Epoch 368: Train (100%)  Score: 10.0423,  Loss: -0.3774
Epoch 368/1000: Time Est.: Elapsed[3.04h], Remain[5.22h]
=================================================================
Epoch 369: Train (100%)  Score: 9.8651,  Loss: -0.3695
Epoch 369/1000: Time Est.: Elapsed[3.05h], Remain[5.22h]
=================================================================
Epoch 370: Train (100%)  Score: 10.2920,  Loss: -0.3786
Epoch 370/1000: Time Est.: Elapsed[3.06h], Remain[5.21h]
=================================================================
Epoch 371: Train (100%)  Score: 10.5537,  Loss: -0.3893
Epoch 371/1000: Time Est.: Elapsed[3.07h], Remain[5.20h]
=================================================================
Epoch 372: Train (100%)  Score: 9.9594,  Loss: -0.3701
Epoch 372/1000: Time Est.: Elapsed[3.07h], Remain[5.19h]
=================================================================
Epoch 373: Train (100%)  Score: 10.3399,  Loss: -0.3739
Epoch 373/1000: Time Est.: Elapsed[3.08h], Remain[5.18h]
=================================================================
Epoch 374: Train (100%)  Score: 10.3769,  Loss: -0.3772
Epoch 374/1000: Time Est.: Elapsed[3.09h], Remain[5.17h]
=================================================================
Epoch 375: Train (100%)  Score: 10.5298,  Loss: -0.3904
Epoch 375/1000: Time Est.: Elapsed[3.10h], Remain[5.17h]
=================================================================
Epoch 376: Train (100%)  Score: 10.1998,  Loss: -0.3755
Epoch 376/1000: Time Est.: Elapsed[3.11h], Remain[5.16h]
=================================================================
Epoch 377: Train (100%)  Score: 10.3619,  Loss: -0.3750
Epoch 377/1000: Time Est.: Elapsed[3.12h], Remain[5.15h]
=================================================================
Epoch 378: Train (100%)  Score: 10.0717,  Loss: -0.3803
Epoch 378/1000: Time Est.: Elapsed[3.12h], Remain[5.14h]
=================================================================
Epoch 379: Train (100%)  Score: 10.3127,  Loss: -0.3804
Epoch 379/1000: Time Est.: Elapsed[3.13h], Remain[5.13h]
=================================================================
Epoch 380: Train (100%)  Score: 10.2176,  Loss: -0.3722
Epoch 380/1000: Time Est.: Elapsed[3.14h], Remain[5.12h]
=================================================================
Epoch 381: Train (100%)  Score: 10.2034,  Loss: -0.3807
Epoch 381/1000: Time Est.: Elapsed[3.15h], Remain[5.12h]
=================================================================
Epoch 382: Train (100%)  Score: 10.5132,  Loss: -0.3768
Epoch 382/1000: Time Est.: Elapsed[3.16h], Remain[5.11h]
=================================================================
Epoch 383: Train (100%)  Score: 10.5636,  Loss: -0.3759
Epoch 383/1000: Time Est.: Elapsed[3.17h], Remain[5.10h]
=================================================================
Epoch 384: Train (100%)  Score: 10.1030,  Loss: -0.3667
Epoch 384/1000: Time Est.: Elapsed[3.17h], Remain[5.09h]
=================================================================
Epoch 385: Train (100%)  Score: 10.2733,  Loss: -0.3715
Epoch 385/1000: Time Est.: Elapsed[3.18h], Remain[5.08h]
=================================================================
Epoch 386: Train (100%)  Score: 10.0976,  Loss: -0.3748
Epoch 386/1000: Time Est.: Elapsed[3.19h], Remain[5.07h]
=================================================================
Epoch 387: Train (100%)  Score: 9.9535,  Loss: -0.3671
Epoch 387/1000: Time Est.: Elapsed[3.20h], Remain[5.07h]
=================================================================
Epoch 388: Train (100%)  Score: 10.3441,  Loss: -0.3727
Epoch 388/1000: Time Est.: Elapsed[3.21h], Remain[5.06h]
=================================================================
Epoch 389: Train (100%)  Score: 10.0304,  Loss: -0.3733
Epoch 389/1000: Time Est.: Elapsed[3.21h], Remain[5.05h]
=================================================================
Epoch 390: Train (100%)  Score: 9.8920,  Loss: -0.3625
Epoch 390/1000: Time Est.: Elapsed[3.22h], Remain[5.04h]
=================================================================
Epoch 391: Train (100%)  Score: 9.9871,  Loss: -0.3845
Epoch 391/1000: Time Est.: Elapsed[3.23h], Remain[5.03h]
=================================================================
Epoch 392: Train (100%)  Score: 10.4348,  Loss: -0.3787
Epoch 392/1000: Time Est.: Elapsed[3.24h], Remain[5.02h]
=================================================================
Epoch 393: Train (100%)  Score: 10.4824,  Loss: -0.3809
Epoch 393/1000: Time Est.: Elapsed[3.25h], Remain[5.02h]
=================================================================
Epoch 394: Train (100%)  Score: 10.1496,  Loss: -0.3757
Epoch 394/1000: Time Est.: Elapsed[3.26h], Remain[5.01h]
=================================================================
Epoch 395: Train (100%)  Score: 10.1813,  Loss: -0.3731
Epoch 395/1000: Time Est.: Elapsed[3.26h], Remain[5.00h]
=================================================================
Epoch 396: Train (100%)  Score: 10.1477,  Loss: -0.3702
Epoch 396/1000: Time Est.: Elapsed[3.27h], Remain[4.99h]
=================================================================
Epoch 397: Train (100%)  Score: 10.4298,  Loss: -0.3718
Epoch 397/1000: Time Est.: Elapsed[3.28h], Remain[4.98h]
=================================================================
Epoch 398: Train (100%)  Score: 10.4106,  Loss: -0.3662
Epoch 398/1000: Time Est.: Elapsed[3.29h], Remain[4.97h]
=================================================================
Epoch 399: Train (100%)  Score: 10.0291,  Loss: -0.3706
Epoch 399/1000: Time Est.: Elapsed[3.30h], Remain[4.97h]
=================================================================
Epoch 400: Train (100%)  Score: 10.1144,  Loss: -0.3726
Epoch 400/1000: Time Est.: Elapsed[3.30h], Remain[4.96h]
Saving trained_model
=================================================================
Epoch 401: Train (100%)  Score: 10.1616,  Loss: -0.3721
Epoch 401/1000: Time Est.: Elapsed[3.31h], Remain[4.95h]
=================================================================
Epoch 402: Train (100%)  Score: 10.1229,  Loss: -0.3695
Epoch 402/1000: Time Est.: Elapsed[3.32h], Remain[4.94h]
=================================================================
Epoch 403: Train (100%)  Score: 10.1168,  Loss: -0.3743
Epoch 403/1000: Time Est.: Elapsed[3.33h], Remain[4.93h]
=================================================================
Epoch 404: Train (100%)  Score: 10.1390,  Loss: -0.3741
Epoch 404/1000: Time Est.: Elapsed[3.34h], Remain[4.92h]
=================================================================
Epoch 405: Train (100%)  Score: 10.4711,  Loss: -0.3781
Epoch 405/1000: Time Est.: Elapsed[3.35h], Remain[4.92h]
=================================================================
Epoch 406: Train (100%)  Score: 10.6650,  Loss: -0.3760
Epoch 406/1000: Time Est.: Elapsed[3.35h], Remain[4.91h]
=================================================================
Epoch 407: Train (100%)  Score: 10.5264,  Loss: -0.3767
Epoch 407/1000: Time Est.: Elapsed[3.36h], Remain[4.90h]
=================================================================
Epoch 408: Train (100%)  Score: 10.2912,  Loss: -0.3673
Epoch 408/1000: Time Est.: Elapsed[3.37h], Remain[4.89h]
=================================================================
Epoch 409: Train (100%)  Score: 10.2770,  Loss: -0.3667
Epoch 409/1000: Time Est.: Elapsed[3.38h], Remain[4.88h]
=================================================================
Epoch 410: Train (100%)  Score: 9.9063,  Loss: -0.3728
Epoch 410/1000: Time Est.: Elapsed[3.39h], Remain[4.87h]
=================================================================
Epoch 411: Train (100%)  Score: 10.1175,  Loss: -0.3708
Epoch 411/1000: Time Est.: Elapsed[3.39h], Remain[4.87h]
=================================================================
Epoch 412: Train (100%)  Score: 10.1557,  Loss: -0.3624
Epoch 412/1000: Time Est.: Elapsed[3.40h], Remain[4.86h]
=================================================================
Epoch 413: Train (100%)  Score: 10.2355,  Loss: -0.3661
Epoch 413/1000: Time Est.: Elapsed[3.41h], Remain[4.85h]
=================================================================
Epoch 414: Train (100%)  Score: 10.4307,  Loss: -0.3679
Epoch 414/1000: Time Est.: Elapsed[3.42h], Remain[4.84h]
=================================================================
Epoch 415: Train (100%)  Score: 10.2314,  Loss: -0.3672
Epoch 415/1000: Time Est.: Elapsed[3.43h], Remain[4.83h]
=================================================================
Epoch 416: Train (100%)  Score: 10.2952,  Loss: -0.3695
Epoch 416/1000: Time Est.: Elapsed[3.44h], Remain[4.82h]
=================================================================
Epoch 417: Train (100%)  Score: 10.3936,  Loss: -0.3715
Epoch 417/1000: Time Est.: Elapsed[3.44h], Remain[4.82h]
=================================================================
Epoch 418: Train (100%)  Score: 10.2651,  Loss: -0.3693
Epoch 418/1000: Time Est.: Elapsed[3.45h], Remain[4.81h]
=================================================================
Epoch 419: Train (100%)  Score: 9.9051,  Loss: -0.3536
Epoch 419/1000: Time Est.: Elapsed[3.46h], Remain[4.80h]
=================================================================
Epoch 420: Train (100%)  Score: 10.2178,  Loss: -0.3582
Epoch 420/1000: Time Est.: Elapsed[3.47h], Remain[4.79h]
=================================================================
Epoch 421: Train (100%)  Score: 10.4801,  Loss: -0.3750
Epoch 421/1000: Time Est.: Elapsed[3.48h], Remain[4.78h]
=================================================================
Epoch 422: Train (100%)  Score: 10.0575,  Loss: -0.3725
Epoch 422/1000: Time Est.: Elapsed[3.49h], Remain[4.77h]
=================================================================
Epoch 423: Train (100%)  Score: 9.9973,  Loss: -0.3712
Epoch 423/1000: Time Est.: Elapsed[3.49h], Remain[4.77h]
=================================================================
Epoch 424: Train (100%)  Score: 10.4510,  Loss: -0.3709
Epoch 424/1000: Time Est.: Elapsed[3.50h], Remain[4.76h]
=================================================================
Epoch 425: Train (100%)  Score: 10.2858,  Loss: -0.3670
Epoch 425/1000: Time Est.: Elapsed[3.51h], Remain[4.75h]
=================================================================
Epoch 426: Train (100%)  Score: 10.2545,  Loss: -0.3621
Epoch 426/1000: Time Est.: Elapsed[3.52h], Remain[4.74h]
=================================================================
Epoch 427: Train (100%)  Score: 9.8676,  Loss: -0.3607
Epoch 427/1000: Time Est.: Elapsed[3.53h], Remain[4.73h]
=================================================================
Epoch 428: Train (100%)  Score: 10.7028,  Loss: -0.3716
Epoch 428/1000: Time Est.: Elapsed[3.53h], Remain[4.72h]
=================================================================
Epoch 429: Train (100%)  Score: 10.1188,  Loss: -0.3669
Epoch 429/1000: Time Est.: Elapsed[3.54h], Remain[4.72h]
=================================================================
Epoch 430: Train (100%)  Score: 10.1574,  Loss: -0.3624
Epoch 430/1000: Time Est.: Elapsed[3.55h], Remain[4.71h]
=================================================================
Epoch 431: Train (100%)  Score: 10.3285,  Loss: -0.3622
Epoch 431/1000: Time Est.: Elapsed[3.56h], Remain[4.70h]
=================================================================
Epoch 432: Train (100%)  Score: 10.0471,  Loss: -0.3664
Epoch 432/1000: Time Est.: Elapsed[3.57h], Remain[4.69h]
=================================================================
Epoch 433: Train (100%)  Score: 10.1586,  Loss: -0.3612
Epoch 433/1000: Time Est.: Elapsed[3.58h], Remain[4.68h]
=================================================================
Epoch 434: Train (100%)  Score: 10.3653,  Loss: -0.3675
Epoch 434/1000: Time Est.: Elapsed[3.58h], Remain[4.67h]
=================================================================
Epoch 435: Train (100%)  Score: 10.1751,  Loss: -0.3617
Epoch 435/1000: Time Est.: Elapsed[3.59h], Remain[4.67h]
=================================================================
Epoch 436: Train (100%)  Score: 10.2981,  Loss: -0.3573
Epoch 436/1000: Time Est.: Elapsed[3.60h], Remain[4.66h]
=================================================================
Epoch 437: Train (100%)  Score: 10.1329,  Loss: -0.3543
Epoch 437/1000: Time Est.: Elapsed[3.61h], Remain[4.65h]
=================================================================
Epoch 438: Train (100%)  Score: 10.0200,  Loss: -0.3566
Epoch 438/1000: Time Est.: Elapsed[3.62h], Remain[4.64h]
=================================================================
Epoch 439: Train (100%)  Score: 10.0047,  Loss: -0.3601
Epoch 439/1000: Time Est.: Elapsed[3.62h], Remain[4.63h]
=================================================================
Epoch 440: Train (100%)  Score: 10.8841,  Loss: -0.3806
Epoch 440/1000: Time Est.: Elapsed[3.62h], Remain[4.61h]
=================================================================
Epoch 441: Train (100%)  Score: 10.2126,  Loss: -0.3615
Epoch 441/1000: Time Est.: Elapsed[3.64h], Remain[4.62h]
=================================================================
Epoch 442: Train (100%)  Score: 10.0615,  Loss: -0.3612
Epoch 442/1000: Time Est.: Elapsed[3.65h], Remain[4.61h]
=================================================================
Epoch 443: Train (100%)  Score: 10.4428,  Loss: -0.3684
Epoch 443/1000: Time Est.: Elapsed[3.66h], Remain[4.60h]
=================================================================
Epoch 444: Train (100%)  Score: 10.1248,  Loss: -0.3562
Epoch 444/1000: Time Est.: Elapsed[3.67h], Remain[4.59h]
=================================================================
Epoch 445: Train (100%)  Score: 10.1137,  Loss: -0.3602
Epoch 445/1000: Time Est.: Elapsed[3.67h], Remain[4.58h]
=================================================================
Epoch 446: Train (100%)  Score: 10.2709,  Loss: -0.3585
Epoch 446/1000: Time Est.: Elapsed[3.68h], Remain[4.57h]
=================================================================
Epoch 447: Train (100%)  Score: 10.1511,  Loss: -0.3666
Epoch 447/1000: Time Est.: Elapsed[3.69h], Remain[4.57h]
=================================================================
Epoch 448: Train (100%)  Score: 10.4902,  Loss: -0.3639
Epoch 448/1000: Time Est.: Elapsed[3.70h], Remain[4.56h]
=================================================================
Epoch 449: Train (100%)  Score: 10.5714,  Loss: -0.3677
Epoch 449/1000: Time Est.: Elapsed[3.71h], Remain[4.55h]
=================================================================
Epoch 450: Train (100%)  Score: 10.2560,  Loss: -0.3597
Epoch 450/1000: Time Est.: Elapsed[3.71h], Remain[4.54h]
=================================================================
Epoch 451: Train (100%)  Score: 10.2623,  Loss: -0.3602
Epoch 451/1000: Time Est.: Elapsed[3.72h], Remain[4.53h]
=================================================================
Epoch 452: Train (100%)  Score: 10.4739,  Loss: -0.3710
Epoch 452/1000: Time Est.: Elapsed[3.73h], Remain[4.52h]
=================================================================
Epoch 453: Train (100%)  Score: 10.3471,  Loss: -0.3652
Epoch 453/1000: Time Est.: Elapsed[3.74h], Remain[4.52h]
=================================================================
Epoch 454: Train (100%)  Score: 10.5847,  Loss: -0.3680
Epoch 454/1000: Time Est.: Elapsed[3.75h], Remain[4.51h]
=================================================================
Epoch 455: Train (100%)  Score: 10.2504,  Loss: -0.3627
Epoch 455/1000: Time Est.: Elapsed[3.76h], Remain[4.50h]
=================================================================
Epoch 456: Train (100%)  Score: 10.2355,  Loss: -0.3629
Epoch 456/1000: Time Est.: Elapsed[3.76h], Remain[4.49h]
=================================================================
Epoch 457: Train (100%)  Score: 10.1635,  Loss: -0.3556
Epoch 457/1000: Time Est.: Elapsed[3.77h], Remain[4.48h]
=================================================================
Epoch 458: Train (100%)  Score: 10.4661,  Loss: -0.3556
Epoch 458/1000: Time Est.: Elapsed[3.78h], Remain[4.47h]
=================================================================
Epoch 459: Train (100%)  Score: 10.2370,  Loss: -0.3605
Epoch 459/1000: Time Est.: Elapsed[3.79h], Remain[4.47h]
=================================================================
Epoch 460: Train (100%)  Score: 10.2832,  Loss: -0.3610
Epoch 460/1000: Time Est.: Elapsed[3.80h], Remain[4.46h]
=================================================================
Epoch 461: Train (100%)  Score: 10.4161,  Loss: -0.3652
Epoch 461/1000: Time Est.: Elapsed[3.81h], Remain[4.45h]
=================================================================
Epoch 462: Train (100%)  Score: 9.8816,  Loss: -0.3633
Epoch 462/1000: Time Est.: Elapsed[3.81h], Remain[4.44h]
=================================================================
Epoch 463: Train (100%)  Score: 10.1953,  Loss: -0.3570
Epoch 463/1000: Time Est.: Elapsed[3.82h], Remain[4.43h]
=================================================================
Epoch 464: Train (100%)  Score: 10.2590,  Loss: -0.3627
Epoch 464/1000: Time Est.: Elapsed[3.83h], Remain[4.42h]
=================================================================
Epoch 465: Train (100%)  Score: 10.5445,  Loss: -0.3586
Epoch 465/1000: Time Est.: Elapsed[3.84h], Remain[4.42h]
=================================================================
Epoch 466: Train (100%)  Score: 10.2268,  Loss: -0.3574
Epoch 466/1000: Time Est.: Elapsed[3.85h], Remain[4.41h]
=================================================================
Epoch 467: Train (100%)  Score: 10.3780,  Loss: -0.3680
Epoch 467/1000: Time Est.: Elapsed[3.85h], Remain[4.40h]
=================================================================
Epoch 468: Train (100%)  Score: 10.5254,  Loss: -0.3648
Epoch 468/1000: Time Est.: Elapsed[3.86h], Remain[4.39h]
=================================================================
Epoch 469: Train (100%)  Score: 10.3065,  Loss: -0.3585
Epoch 469/1000: Time Est.: Elapsed[3.87h], Remain[4.38h]
=================================================================
Epoch 470: Train (100%)  Score: 11.0885,  Loss: -0.3708
Epoch 470/1000: Time Est.: Elapsed[3.88h], Remain[4.37h]
=================================================================
Epoch 471: Train (100%)  Score: 10.7127,  Loss: -0.3641
Epoch 471/1000: Time Est.: Elapsed[3.89h], Remain[4.37h]
=================================================================
Epoch 472: Train (100%)  Score: 10.2509,  Loss: -0.3517
Epoch 472/1000: Time Est.: Elapsed[3.90h], Remain[4.36h]
=================================================================
Epoch 473: Train (100%)  Score: 10.2774,  Loss: -0.3523
Epoch 473/1000: Time Est.: Elapsed[3.90h], Remain[4.35h]
=================================================================
Epoch 474: Train (100%)  Score: 10.1772,  Loss: -0.3444
Epoch 474/1000: Time Est.: Elapsed[3.91h], Remain[4.34h]
=================================================================
Epoch 475: Train (100%)  Score: 10.3175,  Loss: -0.3591
Epoch 475/1000: Time Est.: Elapsed[3.92h], Remain[4.33h]
=================================================================
Epoch 476: Train (100%)  Score: 10.3827,  Loss: -0.3676
Epoch 476/1000: Time Est.: Elapsed[3.93h], Remain[4.32h]
=================================================================
>> Invalid instances, Re-generating ...
Epoch 477: Train (100%)  Score: 10.2099,  Loss: -0.3682
Epoch 477/1000: Time Est.: Elapsed[3.94h], Remain[4.32h]
=================================================================
Epoch 478: Train (100%)  Score: 9.8799,  Loss: -0.3530
Epoch 478/1000: Time Est.: Elapsed[3.94h], Remain[4.31h]
=================================================================
Epoch 479: Train (100%)  Score: 10.2042,  Loss: -0.3599
Epoch 479/1000: Time Est.: Elapsed[3.95h], Remain[4.30h]
=================================================================
Epoch 480: Train (100%)  Score: 10.4564,  Loss: -0.3594
Epoch 480/1000: Time Est.: Elapsed[3.96h], Remain[4.29h]
=================================================================
Epoch 481: Train (100%)  Score: 10.7255,  Loss: -0.3609
Epoch 481/1000: Time Est.: Elapsed[3.97h], Remain[4.28h]
=================================================================
Epoch 482: Train (100%)  Score: 9.8145,  Loss: -0.3482
Epoch 482/1000: Time Est.: Elapsed[3.97h], Remain[4.26h]
=================================================================
Epoch 483: Train (100%)  Score: 10.1796,  Loss: -0.3523
Epoch 483/1000: Time Est.: Elapsed[3.99h], Remain[4.27h]
=================================================================
Epoch 484: Train (100%)  Score: 9.9542,  Loss: -0.3486
Epoch 484/1000: Time Est.: Elapsed[3.99h], Remain[4.26h]
=================================================================
Epoch 485: Train (100%)  Score: 10.3805,  Loss: -0.3611
Epoch 485/1000: Time Est.: Elapsed[4.00h], Remain[4.25h]
=================================================================
Epoch 486: Train (100%)  Score: 10.3880,  Loss: -0.3560
Epoch 486/1000: Time Est.: Elapsed[4.01h], Remain[4.24h]
=================================================================
Epoch 487: Train (100%)  Score: 10.3525,  Loss: -0.3592
Epoch 487/1000: Time Est.: Elapsed[4.02h], Remain[4.23h]
=================================================================
Epoch 488: Train (100%)  Score: 10.1585,  Loss: -0.3532
Epoch 488/1000: Time Est.: Elapsed[4.03h], Remain[4.23h]
=================================================================
Epoch 489: Train (100%)  Score: 10.2022,  Loss: -0.3530
Epoch 489/1000: Time Est.: Elapsed[4.04h], Remain[4.22h]
=================================================================
Epoch 490: Train (100%)  Score: 10.4504,  Loss: -0.3625
Epoch 490/1000: Time Est.: Elapsed[4.04h], Remain[4.21h]
=================================================================
Epoch 491: Train (100%)  Score: 10.0732,  Loss: -0.3545
Epoch 491/1000: Time Est.: Elapsed[4.05h], Remain[4.20h]
=================================================================
Epoch 492: Train (100%)  Score: 10.2383,  Loss: -0.3431
Epoch 492/1000: Time Est.: Elapsed[4.06h], Remain[4.19h]
=================================================================
Epoch 493: Train (100%)  Score: 10.3872,  Loss: -0.3564
Epoch 493/1000: Time Est.: Elapsed[4.07h], Remain[4.18h]
=================================================================
Epoch 494: Train (100%)  Score: 10.3623,  Loss: -0.3579
Epoch 494/1000: Time Est.: Elapsed[4.08h], Remain[4.18h]
=================================================================
Epoch 495: Train (100%)  Score: 10.1351,  Loss: -0.3540
Epoch 495/1000: Time Est.: Elapsed[4.08h], Remain[4.17h]
=================================================================
Epoch 496: Train (100%)  Score: 10.4792,  Loss: -0.3598
Epoch 496/1000: Time Est.: Elapsed[4.09h], Remain[4.16h]
=================================================================
Epoch 497: Train (100%)  Score: 10.3796,  Loss: -0.3564
Epoch 497/1000: Time Est.: Elapsed[4.10h], Remain[4.15h]
=================================================================
Epoch 498: Train (100%)  Score: 10.4990,  Loss: -0.3542
Epoch 498/1000: Time Est.: Elapsed[4.11h], Remain[4.14h]
=================================================================
Epoch 499: Train (100%)  Score: 10.3552,  Loss: -0.3550
Epoch 499/1000: Time Est.: Elapsed[4.12h], Remain[4.13h]
=================================================================
Epoch 500: Train (100%)  Score: 10.1244,  Loss: -0.3447
Epoch 500/1000: Time Est.: Elapsed[4.13h], Remain[4.13h]
Saving trained_model
=================================================================
Epoch 501: Train (100%)  Score: 10.3728,  Loss: -0.3541
Epoch 501/1000: Time Est.: Elapsed[4.13h], Remain[4.12h]
=================================================================
Epoch 502: Train (100%)  Score: 10.0396,  Loss: -0.3482
Epoch 502/1000: Time Est.: Elapsed[4.14h], Remain[4.11h]
=================================================================
Epoch 503: Train (100%)  Score: 10.5791,  Loss: -0.3583
Epoch 503/1000: Time Est.: Elapsed[4.15h], Remain[4.10h]
=================================================================
Epoch 504: Train (100%)  Score: 10.3846,  Loss: -0.3545
Epoch 504/1000: Time Est.: Elapsed[4.16h], Remain[4.09h]
=================================================================
Epoch 505: Train (100%)  Score: 10.7004,  Loss: -0.3660
Epoch 505/1000: Time Est.: Elapsed[4.17h], Remain[4.08h]
=================================================================
Epoch 506: Train (100%)  Score: 10.0382,  Loss: -0.3520
Epoch 506/1000: Time Est.: Elapsed[4.17h], Remain[4.08h]
=================================================================
Epoch 507: Train (100%)  Score: 10.2970,  Loss: -0.3540
Epoch 507/1000: Time Est.: Elapsed[4.18h], Remain[4.07h]
=================================================================
Epoch 508: Train (100%)  Score: 10.2006,  Loss: -0.3513
Epoch 508/1000: Time Est.: Elapsed[4.19h], Remain[4.06h]
=================================================================
Epoch 509: Train (100%)  Score: 10.2825,  Loss: -0.3441
Epoch 509/1000: Time Est.: Elapsed[4.20h], Remain[4.05h]
=================================================================
Epoch 510: Train (100%)  Score: 10.2774,  Loss: -0.3512
Epoch 510/1000: Time Est.: Elapsed[4.21h], Remain[4.04h]
=================================================================
Epoch 511: Train (100%)  Score: 10.4487,  Loss: -0.3591
Epoch 511/1000: Time Est.: Elapsed[4.22h], Remain[4.03h]
=================================================================
Epoch 512: Train (100%)  Score: 10.4091,  Loss: -0.3505
Epoch 512/1000: Time Est.: Elapsed[4.22h], Remain[4.03h]
=================================================================
Epoch 513: Train (100%)  Score: 10.3441,  Loss: -0.3549
Epoch 513/1000: Time Est.: Elapsed[4.23h], Remain[4.02h]
=================================================================
Epoch 514: Train (100%)  Score: 10.2296,  Loss: -0.3599
Epoch 514/1000: Time Est.: Elapsed[4.24h], Remain[4.01h]
=================================================================
Epoch 515: Train (100%)  Score: 10.4940,  Loss: -0.3488
Epoch 515/1000: Time Est.: Elapsed[4.25h], Remain[4.00h]
=================================================================
Epoch 516: Train (100%)  Score: 10.2894,  Loss: -0.3447
Epoch 516/1000: Time Est.: Elapsed[4.26h], Remain[3.99h]
=================================================================
Epoch 517: Train (100%)  Score: 9.7427,  Loss: -0.3433
Epoch 517/1000: Time Est.: Elapsed[4.27h], Remain[3.99h]
=================================================================
Epoch 518: Train (100%)  Score: 10.3346,  Loss: -0.3512
Epoch 518/1000: Time Est.: Elapsed[4.27h], Remain[3.98h]
=================================================================
Epoch 519: Train (100%)  Score: 10.3277,  Loss: -0.3482
Epoch 519/1000: Time Est.: Elapsed[4.28h], Remain[3.97h]
=================================================================
Epoch 520: Train (100%)  Score: 10.5363,  Loss: -0.3562
Epoch 520/1000: Time Est.: Elapsed[4.29h], Remain[3.96h]
=================================================================
Epoch 521: Train (100%)  Score: 10.1148,  Loss: -0.3575
Epoch 521/1000: Time Est.: Elapsed[4.30h], Remain[3.95h]
=================================================================
Epoch 522: Train (100%)  Score: 10.4125,  Loss: -0.3529
Epoch 522/1000: Time Est.: Elapsed[4.31h], Remain[3.94h]
=================================================================
Epoch 523: Train (100%)  Score: 10.1645,  Loss: -0.3516
Epoch 523/1000: Time Est.: Elapsed[4.31h], Remain[3.94h]
=================================================================
Epoch 524: Train (100%)  Score: 10.4064,  Loss: -0.3545
Epoch 524/1000: Time Est.: Elapsed[4.32h], Remain[3.93h]
=================================================================
Epoch 525: Train (100%)  Score: 10.4576,  Loss: -0.3531
Epoch 525/1000: Time Est.: Elapsed[4.33h], Remain[3.92h]
=================================================================
Epoch 526: Train (100%)  Score: 9.8515,  Loss: -0.3450
Epoch 526/1000: Time Est.: Elapsed[4.34h], Remain[3.91h]
=================================================================
Epoch 527: Train (100%)  Score: 10.1475,  Loss: -0.3460
Epoch 527/1000: Time Est.: Elapsed[4.35h], Remain[3.90h]
=================================================================
Epoch 528: Train (100%)  Score: 10.2542,  Loss: -0.3489
Epoch 528/1000: Time Est.: Elapsed[4.36h], Remain[3.89h]
=================================================================
Epoch 529: Train (100%)  Score: 10.2578,  Loss: -0.3421
Epoch 529/1000: Time Est.: Elapsed[4.36h], Remain[3.89h]
=================================================================
Epoch 530: Train (100%)  Score: 10.5571,  Loss: -0.3515
Epoch 530/1000: Time Est.: Elapsed[4.37h], Remain[3.88h]
=================================================================
Epoch 531: Train (100%)  Score: 10.5500,  Loss: -0.3501
Epoch 531/1000: Time Est.: Elapsed[4.38h], Remain[3.87h]
=================================================================
Epoch 532: Train (100%)  Score: 10.6063,  Loss: -0.3564
Epoch 532/1000: Time Est.: Elapsed[4.39h], Remain[3.86h]
=================================================================
Epoch 533: Train (100%)  Score: 10.3154,  Loss: -0.3462
Epoch 533/1000: Time Est.: Elapsed[4.40h], Remain[3.85h]
=================================================================
Epoch 534: Train (100%)  Score: 9.8620,  Loss: -0.3427
Epoch 534/1000: Time Est.: Elapsed[4.41h], Remain[3.84h]
=================================================================
Epoch 535: Train (100%)  Score: 10.1379,  Loss: -0.3524
Epoch 535/1000: Time Est.: Elapsed[4.41h], Remain[3.84h]
=================================================================
Epoch 536: Train (100%)  Score: 10.4139,  Loss: -0.3473
Epoch 536/1000: Time Est.: Elapsed[4.42h], Remain[3.83h]
=================================================================
Epoch 537: Train (100%)  Score: 10.2189,  Loss: -0.3479
Epoch 537/1000: Time Est.: Elapsed[4.43h], Remain[3.82h]
=================================================================
Epoch 538: Train (100%)  Score: 10.2178,  Loss: -0.3398
Epoch 538/1000: Time Est.: Elapsed[4.44h], Remain[3.81h]
=================================================================
Epoch 539: Train (100%)  Score: 10.1163,  Loss: -0.3492
Epoch 539/1000: Time Est.: Elapsed[4.45h], Remain[3.80h]
=================================================================
Epoch 540: Train (100%)  Score: 10.3565,  Loss: -0.3451
Epoch 540/1000: Time Est.: Elapsed[4.45h], Remain[3.79h]
=================================================================
Epoch 541: Train (100%)  Score: 10.3795,  Loss: -0.3519
Epoch 541/1000: Time Est.: Elapsed[4.46h], Remain[3.79h]
=================================================================
Epoch 542: Train (100%)  Score: 10.4293,  Loss: -0.3470
Epoch 542/1000: Time Est.: Elapsed[4.47h], Remain[3.78h]
=================================================================
Epoch 543: Train (100%)  Score: 10.0275,  Loss: -0.3404
Epoch 543/1000: Time Est.: Elapsed[4.48h], Remain[3.77h]
=================================================================
Epoch 544: Train (100%)  Score: 10.3661,  Loss: -0.3529
Epoch 544/1000: Time Est.: Elapsed[4.49h], Remain[3.76h]
=================================================================
Epoch 545: Train (100%)  Score: 10.1798,  Loss: -0.3418
Epoch 545/1000: Time Est.: Elapsed[4.50h], Remain[3.75h]
=================================================================
Epoch 546: Train (100%)  Score: 10.3978,  Loss: -0.3388
Epoch 546/1000: Time Est.: Elapsed[4.50h], Remain[3.74h]
=================================================================
Epoch 547: Train (100%)  Score: 10.2348,  Loss: -0.3466
Epoch 547/1000: Time Est.: Elapsed[4.51h], Remain[3.74h]
=================================================================
Epoch 548: Train (100%)  Score: 10.5280,  Loss: -0.3464
Epoch 548/1000: Time Est.: Elapsed[4.52h], Remain[3.73h]
=================================================================
Epoch 549: Train (100%)  Score: 10.0028,  Loss: -0.3389
Epoch 549/1000: Time Est.: Elapsed[4.53h], Remain[3.72h]
=================================================================
Epoch 550: Train (100%)  Score: 10.5184,  Loss: -0.3457
Epoch 550/1000: Time Est.: Elapsed[4.54h], Remain[3.71h]
=================================================================
Epoch 551: Train (100%)  Score: 10.6193,  Loss: -0.3560
Epoch 551/1000: Time Est.: Elapsed[4.54h], Remain[3.70h]
=================================================================
Epoch 552: Train (100%)  Score: 10.3879,  Loss: -0.3465
Epoch 552/1000: Time Est.: Elapsed[4.55h], Remain[3.69h]
=================================================================
Epoch 553: Train (100%)  Score: 10.0470,  Loss: -0.3437
Epoch 553/1000: Time Est.: Elapsed[4.56h], Remain[3.69h]
=================================================================
Epoch 554: Train (100%)  Score: 10.1926,  Loss: -0.3509
Epoch 554/1000: Time Est.: Elapsed[4.57h], Remain[3.68h]
=================================================================
Epoch 555: Train (100%)  Score: 10.1636,  Loss: -0.3419
Epoch 555/1000: Time Est.: Elapsed[4.58h], Remain[3.67h]
=================================================================
Epoch 556: Train (100%)  Score: 10.0516,  Loss: -0.3364
Epoch 556/1000: Time Est.: Elapsed[4.59h], Remain[3.66h]
=================================================================
Epoch 557: Train (100%)  Score: 10.1561,  Loss: -0.3542
Epoch 557/1000: Time Est.: Elapsed[4.59h], Remain[3.65h]
=================================================================
Epoch 558: Train (100%)  Score: 10.0885,  Loss: -0.3427
Epoch 558/1000: Time Est.: Elapsed[4.60h], Remain[3.65h]
=================================================================
Epoch 559: Train (100%)  Score: 10.1893,  Loss: -0.3451
Epoch 559/1000: Time Est.: Elapsed[4.61h], Remain[3.64h]
=================================================================
Epoch 560: Train (100%)  Score: 10.7870,  Loss: -0.3524
Epoch 560/1000: Time Est.: Elapsed[4.62h], Remain[3.63h]
=================================================================
Epoch 561: Train (100%)  Score: 10.0038,  Loss: -0.3421
Epoch 561/1000: Time Est.: Elapsed[4.63h], Remain[3.62h]
=================================================================
Epoch 562: Train (100%)  Score: 9.9015,  Loss: -0.3333
Epoch 562/1000: Time Est.: Elapsed[4.63h], Remain[3.61h]
=================================================================
Epoch 563: Train (100%)  Score: 10.0095,  Loss: -0.3391
Epoch 563/1000: Time Est.: Elapsed[4.64h], Remain[3.60h]
=================================================================
Epoch 564: Train (100%)  Score: 9.8027,  Loss: -0.3320
Epoch 564/1000: Time Est.: Elapsed[4.65h], Remain[3.60h]
=================================================================
Epoch 565: Train (100%)  Score: 10.3023,  Loss: -0.3475
Epoch 565/1000: Time Est.: Elapsed[4.66h], Remain[3.59h]
=================================================================
Epoch 566: Train (100%)  Score: 10.2762,  Loss: -0.3454
Epoch 566/1000: Time Est.: Elapsed[4.67h], Remain[3.58h]
=================================================================
Epoch 567: Train (100%)  Score: 10.3284,  Loss: -0.3350
Epoch 567/1000: Time Est.: Elapsed[4.68h], Remain[3.57h]
=================================================================
Epoch 568: Train (100%)  Score: 10.4371,  Loss: -0.3491
Epoch 568/1000: Time Est.: Elapsed[4.68h], Remain[3.56h]
=================================================================
Epoch 569: Train (100%)  Score: 10.3077,  Loss: -0.3430
Epoch 569/1000: Time Est.: Elapsed[4.69h], Remain[3.55h]
=================================================================
Epoch 570: Train (100%)  Score: 10.4731,  Loss: -0.3350
Epoch 570/1000: Time Est.: Elapsed[4.70h], Remain[3.55h]
=================================================================
Epoch 571: Train (100%)  Score: 10.0131,  Loss: -0.3512
Epoch 571/1000: Time Est.: Elapsed[4.71h], Remain[3.54h]
=================================================================
Epoch 572: Train (100%)  Score: 10.0355,  Loss: -0.3350
Epoch 572/1000: Time Est.: Elapsed[4.72h], Remain[3.53h]
=================================================================
Epoch 573: Train (100%)  Score: 10.0973,  Loss: -0.3375
Epoch 573/1000: Time Est.: Elapsed[4.73h], Remain[3.52h]
=================================================================
Epoch 574: Train (100%)  Score: 9.8112,  Loss: -0.3365
Epoch 574/1000: Time Est.: Elapsed[4.73h], Remain[3.51h]
=================================================================
Epoch 575: Train (100%)  Score: 9.9848,  Loss: -0.3383
Epoch 575/1000: Time Est.: Elapsed[4.74h], Remain[3.50h]
=================================================================
Epoch 576: Train (100%)  Score: 10.3877,  Loss: -0.3424
Epoch 576/1000: Time Est.: Elapsed[4.75h], Remain[3.50h]
=================================================================
Epoch 577: Train (100%)  Score: 10.1863,  Loss: -0.3402
Epoch 577/1000: Time Est.: Elapsed[4.76h], Remain[3.49h]
=================================================================
Epoch 578: Train (100%)  Score: 10.4678,  Loss: -0.3507
Epoch 578/1000: Time Est.: Elapsed[4.77h], Remain[3.48h]
=================================================================
Epoch 579: Train (100%)  Score: 9.7462,  Loss: -0.3395
Epoch 579/1000: Time Est.: Elapsed[4.77h], Remain[3.47h]
=================================================================
Epoch 580: Train (100%)  Score: 9.8074,  Loss: -0.3407
Epoch 580/1000: Time Est.: Elapsed[4.78h], Remain[3.46h]
=================================================================
Epoch 581: Train (100%)  Score: 10.6788,  Loss: -0.3501
Epoch 581/1000: Time Est.: Elapsed[4.79h], Remain[3.46h]
=================================================================
Epoch 582: Train (100%)  Score: 10.3715,  Loss: -0.3416
Epoch 582/1000: Time Est.: Elapsed[4.80h], Remain[3.45h]
=================================================================
>> Invalid instances, Re-generating ...
Epoch 583: Train (100%)  Score: 10.5215,  Loss: -0.3466
Epoch 583/1000: Time Est.: Elapsed[4.81h], Remain[3.44h]
=================================================================
Epoch 584: Train (100%)  Score: 10.0759,  Loss: -0.3439
Epoch 584/1000: Time Est.: Elapsed[4.82h], Remain[3.43h]
=================================================================
Epoch 585: Train (100%)  Score: 9.8732,  Loss: -0.3404
Epoch 585/1000: Time Est.: Elapsed[4.82h], Remain[3.42h]
=================================================================
Epoch 586: Train (100%)  Score: 10.6414,  Loss: -0.3426
Epoch 586/1000: Time Est.: Elapsed[4.83h], Remain[3.41h]
=================================================================
Epoch 587: Train (100%)  Score: 10.1061,  Loss: -0.3372
Epoch 587/1000: Time Est.: Elapsed[4.84h], Remain[3.41h]
=================================================================
Epoch 588: Train (100%)  Score: 10.1466,  Loss: -0.3296
Epoch 588/1000: Time Est.: Elapsed[4.85h], Remain[3.40h]
=================================================================
Epoch 589: Train (100%)  Score: 10.3276,  Loss: -0.3431
Epoch 589/1000: Time Est.: Elapsed[4.86h], Remain[3.39h]
=================================================================
Epoch 590: Train (100%)  Score: 9.9199,  Loss: -0.3398
Epoch 590/1000: Time Est.: Elapsed[4.86h], Remain[3.38h]
=================================================================
Epoch 591: Train (100%)  Score: 10.2112,  Loss: -0.3394
Epoch 591/1000: Time Est.: Elapsed[4.87h], Remain[3.37h]
=================================================================
Epoch 592: Train (100%)  Score: 10.2483,  Loss: -0.3344
Epoch 592/1000: Time Est.: Elapsed[4.88h], Remain[3.36h]
=================================================================
Epoch 593: Train (100%)  Score: 10.2319,  Loss: -0.3358
Epoch 593/1000: Time Est.: Elapsed[4.89h], Remain[3.36h]
=================================================================
Epoch 594: Train (100%)  Score: 10.4143,  Loss: -0.3339
Epoch 594/1000: Time Est.: Elapsed[4.90h], Remain[3.35h]
=================================================================
Epoch 595: Train (100%)  Score: 10.1983,  Loss: -0.3406
Epoch 595/1000: Time Est.: Elapsed[4.91h], Remain[3.34h]
=================================================================
Epoch 596: Train (100%)  Score: 10.6304,  Loss: -0.3544
Epoch 596/1000: Time Est.: Elapsed[4.91h], Remain[3.33h]
=================================================================
Epoch 597: Train (100%)  Score: 10.2073,  Loss: -0.3378
Epoch 597/1000: Time Est.: Elapsed[4.92h], Remain[3.32h]
=================================================================
Epoch 598: Train (100%)  Score: 10.2993,  Loss: -0.3430
Epoch 598/1000: Time Est.: Elapsed[4.93h], Remain[3.31h]
=================================================================
Epoch 599: Train (100%)  Score: 10.0034,  Loss: -0.3426
Epoch 599/1000: Time Est.: Elapsed[4.94h], Remain[3.31h]
=================================================================
Epoch 600: Train (100%)  Score: 10.5694,  Loss: -0.3411
Epoch 600/1000: Time Est.: Elapsed[4.95h], Remain[3.30h]
Saving trained_model
=================================================================
Epoch 601: Train (100%)  Score: 10.2877,  Loss: -0.3426
Epoch 601/1000: Time Est.: Elapsed[4.95h], Remain[3.29h]
=================================================================
Epoch 602: Train (100%)  Score: 10.3538,  Loss: -0.3363
Epoch 602/1000: Time Est.: Elapsed[4.96h], Remain[3.28h]
=================================================================
Epoch 603: Train (100%)  Score: 10.3534,  Loss: -0.3362
Epoch 603/1000: Time Est.: Elapsed[4.97h], Remain[3.27h]
=================================================================
Epoch 604: Train (100%)  Score: 10.5049,  Loss: -0.3398
Epoch 604/1000: Time Est.: Elapsed[4.98h], Remain[3.26h]
=================================================================
Epoch 605: Train (100%)  Score: 10.3766,  Loss: -0.3362
Epoch 605/1000: Time Est.: Elapsed[4.99h], Remain[3.26h]
=================================================================
Epoch 606: Train (100%)  Score: 10.2746,  Loss: -0.3346
Epoch 606/1000: Time Est.: Elapsed[5.00h], Remain[3.25h]
=================================================================
Epoch 607: Train (100%)  Score: 10.0717,  Loss: -0.3379
Epoch 607/1000: Time Est.: Elapsed[5.00h], Remain[3.24h]
=================================================================
Epoch 608: Train (100%)  Score: 10.5118,  Loss: -0.3337
Epoch 608/1000: Time Est.: Elapsed[5.01h], Remain[3.23h]
=================================================================
Epoch 609: Train (100%)  Score: 10.1213,  Loss: -0.3423
Epoch 609/1000: Time Est.: Elapsed[5.02h], Remain[3.22h]
=================================================================
Epoch 610: Train (100%)  Score: 10.0875,  Loss: -0.3421
Epoch 610/1000: Time Est.: Elapsed[5.03h], Remain[3.22h]
=================================================================
Epoch 611: Train (100%)  Score: 10.2967,  Loss: -0.3344
Epoch 611/1000: Time Est.: Elapsed[5.04h], Remain[3.21h]
=================================================================
Epoch 612: Train (100%)  Score: 10.4251,  Loss: -0.3409
Epoch 612/1000: Time Est.: Elapsed[5.04h], Remain[3.20h]
=================================================================
Epoch 613: Train (100%)  Score: 10.8011,  Loss: -0.3427
Epoch 613/1000: Time Est.: Elapsed[5.05h], Remain[3.19h]
=================================================================
Epoch 614: Train (100%)  Score: 10.1505,  Loss: -0.3344
Epoch 614/1000: Time Est.: Elapsed[5.06h], Remain[3.18h]
=================================================================
Epoch 615: Train (100%)  Score: 10.2558,  Loss: -0.3301
Epoch 615/1000: Time Est.: Elapsed[5.07h], Remain[3.17h]
=================================================================
Epoch 616: Train (100%)  Score: 9.9886,  Loss: -0.3421
Epoch 616/1000: Time Est.: Elapsed[5.08h], Remain[3.17h]
=================================================================
Epoch 617: Train (100%)  Score: 10.5526,  Loss: -0.3435
Epoch 617/1000: Time Est.: Elapsed[5.09h], Remain[3.16h]
=================================================================
Epoch 618: Train (100%)  Score: 10.3691,  Loss: -0.3370
Epoch 618/1000: Time Est.: Elapsed[5.09h], Remain[3.15h]
=================================================================
Epoch 619: Train (100%)  Score: 10.3332,  Loss: -0.3376
Epoch 619/1000: Time Est.: Elapsed[5.10h], Remain[3.14h]
=================================================================
Epoch 620: Train (100%)  Score: 9.8808,  Loss: -0.3327
Epoch 620/1000: Time Est.: Elapsed[5.11h], Remain[3.13h]
=================================================================
Epoch 621: Train (100%)  Score: 10.4318,  Loss: -0.3480
Epoch 621/1000: Time Est.: Elapsed[5.12h], Remain[3.12h]
=================================================================
Epoch 622: Train (100%)  Score: 10.0309,  Loss: -0.3371
Epoch 622/1000: Time Est.: Elapsed[5.13h], Remain[3.12h]
=================================================================
Epoch 623: Train (100%)  Score: 10.3614,  Loss: -0.3461
Epoch 623/1000: Time Est.: Elapsed[5.13h], Remain[3.11h]
=================================================================
Epoch 624: Train (100%)  Score: 10.4353,  Loss: -0.3349
Epoch 624/1000: Time Est.: Elapsed[5.14h], Remain[3.10h]
=================================================================
Epoch 625: Train (100%)  Score: 10.3365,  Loss: -0.3409
Epoch 625/1000: Time Est.: Elapsed[5.15h], Remain[3.09h]
=================================================================
Epoch 626: Train (100%)  Score: 10.0334,  Loss: -0.3373
Epoch 626/1000: Time Est.: Elapsed[5.16h], Remain[3.08h]
=================================================================
Epoch 627: Train (100%)  Score: 10.5282,  Loss: -0.3400
Epoch 627/1000: Time Est.: Elapsed[5.17h], Remain[3.07h]
=================================================================
Epoch 628: Train (100%)  Score: 10.2138,  Loss: -0.3339
Epoch 628/1000: Time Est.: Elapsed[5.18h], Remain[3.07h]
=================================================================
Epoch 629: Train (100%)  Score: 10.7503,  Loss: -0.3494
Epoch 629/1000: Time Est.: Elapsed[5.18h], Remain[3.06h]
=================================================================
Epoch 630: Train (100%)  Score: 10.1149,  Loss: -0.3377
Epoch 630/1000: Time Est.: Elapsed[5.19h], Remain[3.05h]
=================================================================
Epoch 631: Train (100%)  Score: 10.1281,  Loss: -0.3416
Epoch 631/1000: Time Est.: Elapsed[5.20h], Remain[3.04h]
=================================================================
Epoch 632: Train (100%)  Score: 10.2179,  Loss: -0.3370
Epoch 632/1000: Time Est.: Elapsed[5.21h], Remain[3.03h]
=================================================================
Epoch 633: Train (100%)  Score: 10.2441,  Loss: -0.3387
Epoch 633/1000: Time Est.: Elapsed[5.22h], Remain[3.02h]
=================================================================
Epoch 634: Train (100%)  Score: 10.0139,  Loss: -0.3317
Epoch 634/1000: Time Est.: Elapsed[5.23h], Remain[3.02h]
=================================================================
Epoch 635: Train (100%)  Score: 10.6056,  Loss: -0.3420
Epoch 635/1000: Time Est.: Elapsed[5.23h], Remain[3.01h]
=================================================================
Epoch 636: Train (100%)  Score: 10.0572,  Loss: -0.3355
Epoch 636/1000: Time Est.: Elapsed[5.24h], Remain[3.00h]
=================================================================
Epoch 637: Train (100%)  Score: 10.2279,  Loss: -0.3418
Epoch 637/1000: Time Est.: Elapsed[5.25h], Remain[2.99h]
=================================================================
Epoch 638: Train (100%)  Score: 10.3870,  Loss: -0.3397
Epoch 638/1000: Time Est.: Elapsed[5.26h], Remain[2.98h]
=================================================================
Epoch 639: Train (100%)  Score: 10.3881,  Loss: -0.3408
Epoch 639/1000: Time Est.: Elapsed[5.27h], Remain[2.97h]
=================================================================
Epoch 640: Train (100%)  Score: 10.4080,  Loss: -0.3351
Epoch 640/1000: Time Est.: Elapsed[5.27h], Remain[2.97h]
=================================================================
Epoch 641: Train (100%)  Score: 10.1749,  Loss: -0.3356
Epoch 641/1000: Time Est.: Elapsed[5.28h], Remain[2.96h]
=================================================================
Epoch 642: Train (100%)  Score: 10.3111,  Loss: -0.3383
Epoch 642/1000: Time Est.: Elapsed[5.29h], Remain[2.95h]
=================================================================
Epoch 643: Train (100%)  Score: 10.2128,  Loss: -0.3322
Epoch 643/1000: Time Est.: Elapsed[5.30h], Remain[2.94h]
=================================================================
Epoch 644: Train (100%)  Score: 10.0657,  Loss: -0.3378
Epoch 644/1000: Time Est.: Elapsed[5.31h], Remain[2.93h]
=================================================================
Epoch 645: Train (100%)  Score: 10.3300,  Loss: -0.3314
Epoch 645/1000: Time Est.: Elapsed[5.32h], Remain[2.93h]
=================================================================
Epoch 646: Train (100%)  Score: 10.4295,  Loss: -0.3366
Epoch 646/1000: Time Est.: Elapsed[5.32h], Remain[2.92h]
=================================================================
Epoch 647: Train (100%)  Score: 9.8864,  Loss: -0.3267
Epoch 647/1000: Time Est.: Elapsed[5.33h], Remain[2.91h]
=================================================================
Epoch 648: Train (100%)  Score: 10.2081,  Loss: -0.3344
Epoch 648/1000: Time Est.: Elapsed[5.34h], Remain[2.90h]
=================================================================
Epoch 649: Train (100%)  Score: 10.3765,  Loss: -0.3352
Epoch 649/1000: Time Est.: Elapsed[5.35h], Remain[2.89h]
=================================================================
Epoch 650: Train (100%)  Score: 10.2077,  Loss: -0.3438
Epoch 650/1000: Time Est.: Elapsed[5.36h], Remain[2.88h]
=================================================================
Epoch 651: Train (100%)  Score: 10.1817,  Loss: -0.3319
Epoch 651/1000: Time Est.: Elapsed[5.36h], Remain[2.88h]
=================================================================
Epoch 652: Train (100%)  Score: 10.1875,  Loss: -0.3269
Epoch 652/1000: Time Est.: Elapsed[5.37h], Remain[2.87h]
=================================================================
Epoch 653: Train (100%)  Score: 10.0899,  Loss: -0.3330
Epoch 653/1000: Time Est.: Elapsed[5.38h], Remain[2.86h]
=================================================================
>> Invalid instances, Re-generating ...
Epoch 654: Train (100%)  Score: 11.0344,  Loss: -0.3460
Epoch 654/1000: Time Est.: Elapsed[5.39h], Remain[2.85h]
=================================================================
Epoch 655: Train (100%)  Score: 10.2203,  Loss: -0.3293
Epoch 655/1000: Time Est.: Elapsed[5.40h], Remain[2.84h]
=================================================================
Epoch 656: Train (100%)  Score: 10.0432,  Loss: -0.3290
Epoch 656/1000: Time Est.: Elapsed[5.41h], Remain[2.83h]
=================================================================
Epoch 657: Train (100%)  Score: 10.3330,  Loss: -0.3293
Epoch 657/1000: Time Est.: Elapsed[5.41h], Remain[2.83h]
=================================================================
Epoch 658: Train (100%)  Score: 10.1106,  Loss: -0.3290
Epoch 658/1000: Time Est.: Elapsed[5.42h], Remain[2.82h]
=================================================================
Epoch 659: Train (100%)  Score: 10.1529,  Loss: -0.3313
Epoch 659/1000: Time Est.: Elapsed[5.43h], Remain[2.81h]
=================================================================
Epoch 660: Train (100%)  Score: 9.9312,  Loss: -0.3294
Epoch 660/1000: Time Est.: Elapsed[5.44h], Remain[2.80h]
=================================================================
Epoch 661: Train (100%)  Score: 9.9319,  Loss: -0.3333
Epoch 661/1000: Time Est.: Elapsed[5.45h], Remain[2.79h]
=================================================================
Epoch 662: Train (100%)  Score: 10.1933,  Loss: -0.3252
Epoch 662/1000: Time Est.: Elapsed[5.45h], Remain[2.78h]
=================================================================
Epoch 663: Train (100%)  Score: 10.1398,  Loss: -0.3300
Epoch 663/1000: Time Est.: Elapsed[5.46h], Remain[2.78h]
=================================================================
Epoch 664: Train (100%)  Score: 10.0458,  Loss: -0.3232
Epoch 664/1000: Time Est.: Elapsed[5.47h], Remain[2.77h]
=================================================================
Epoch 665: Train (100%)  Score: 10.2407,  Loss: -0.3329
Epoch 665/1000: Time Est.: Elapsed[5.48h], Remain[2.76h]
=================================================================
Epoch 666: Train (100%)  Score: 10.2652,  Loss: -0.3339
Epoch 666/1000: Time Est.: Elapsed[5.49h], Remain[2.75h]
=================================================================
Epoch 667: Train (100%)  Score: 10.2446,  Loss: -0.3227
Epoch 667/1000: Time Est.: Elapsed[5.50h], Remain[2.74h]
=================================================================
Epoch 668: Train (100%)  Score: 10.5570,  Loss: -0.3365
Epoch 668/1000: Time Est.: Elapsed[5.50h], Remain[2.74h]
=================================================================
Epoch 669: Train (100%)  Score: 10.1301,  Loss: -0.3292
Epoch 669/1000: Time Est.: Elapsed[5.51h], Remain[2.73h]
=================================================================
Epoch 670: Train (100%)  Score: 10.4614,  Loss: -0.3272
Epoch 670/1000: Time Est.: Elapsed[5.52h], Remain[2.72h]
=================================================================
Epoch 671: Train (100%)  Score: 9.9181,  Loss: -0.3303
Epoch 671/1000: Time Est.: Elapsed[5.53h], Remain[2.71h]
=================================================================
Epoch 672: Train (100%)  Score: 10.1509,  Loss: -0.3233
Epoch 672/1000: Time Est.: Elapsed[5.54h], Remain[2.70h]
=================================================================
Epoch 673: Train (100%)  Score: 10.2471,  Loss: -0.3356
Epoch 673/1000: Time Est.: Elapsed[5.54h], Remain[2.69h]
=================================================================
Epoch 674: Train (100%)  Score: 9.9956,  Loss: -0.3249
Epoch 674/1000: Time Est.: Elapsed[5.55h], Remain[2.69h]
=================================================================
Epoch 675: Train (100%)  Score: 9.9505,  Loss: -0.3300
Epoch 675/1000: Time Est.: Elapsed[5.56h], Remain[2.68h]
=================================================================
Epoch 676: Train (100%)  Score: 10.2671,  Loss: -0.3363
Epoch 676/1000: Time Est.: Elapsed[5.57h], Remain[2.67h]
=================================================================
Epoch 677: Train (100%)  Score: 10.3712,  Loss: -0.3308
Epoch 677/1000: Time Est.: Elapsed[5.58h], Remain[2.66h]
=================================================================
Epoch 678: Train (100%)  Score: 10.5210,  Loss: -0.3291
Epoch 678/1000: Time Est.: Elapsed[5.59h], Remain[2.65h]
=================================================================
Epoch 679: Train (100%)  Score: 9.9728,  Loss: -0.3189
Epoch 679/1000: Time Est.: Elapsed[5.59h], Remain[2.64h]
=================================================================
Epoch 680: Train (100%)  Score: 10.6466,  Loss: -0.3291
Epoch 680/1000: Time Est.: Elapsed[5.60h], Remain[2.64h]
=================================================================
Epoch 681: Train (100%)  Score: 9.9731,  Loss: -0.3296
Epoch 681/1000: Time Est.: Elapsed[5.61h], Remain[2.63h]
=================================================================
Epoch 682: Train (100%)  Score: 10.1676,  Loss: -0.3284
Epoch 682/1000: Time Est.: Elapsed[5.62h], Remain[2.62h]
=================================================================
Epoch 683: Train (100%)  Score: 10.2091,  Loss: -0.3299
Epoch 683/1000: Time Est.: Elapsed[5.63h], Remain[2.61h]
=================================================================
Epoch 684: Train (100%)  Score: 10.7041,  Loss: -0.3331
Epoch 684/1000: Time Est.: Elapsed[5.63h], Remain[2.60h]
=================================================================
Epoch 685: Train (100%)  Score: 10.2985,  Loss: -0.3333
Epoch 685/1000: Time Est.: Elapsed[5.64h], Remain[2.59h]
=================================================================
Epoch 686: Train (100%)  Score: 9.9643,  Loss: -0.3267
Epoch 686/1000: Time Est.: Elapsed[5.65h], Remain[2.59h]
=================================================================
Epoch 687: Train (100%)  Score: 10.1004,  Loss: -0.3254
Epoch 687/1000: Time Est.: Elapsed[5.66h], Remain[2.58h]
=================================================================
Epoch 688: Train (100%)  Score: 10.4913,  Loss: -0.3356
Epoch 688/1000: Time Est.: Elapsed[5.67h], Remain[2.57h]
=================================================================
Epoch 689: Train (100%)  Score: 10.3954,  Loss: -0.3378
Epoch 689/1000: Time Est.: Elapsed[5.68h], Remain[2.56h]
=================================================================
Epoch 690: Train (100%)  Score: 10.4012,  Loss: -0.3278
Epoch 690/1000: Time Est.: Elapsed[5.68h], Remain[2.55h]
=================================================================
Epoch 691: Train (100%)  Score: 10.2487,  Loss: -0.3240
Epoch 691/1000: Time Est.: Elapsed[5.69h], Remain[2.55h]
=================================================================
Epoch 692: Train (100%)  Score: 10.2519,  Loss: -0.3307
Epoch 692/1000: Time Est.: Elapsed[5.70h], Remain[2.54h]
=================================================================
Epoch 693: Train (100%)  Score: 10.2899,  Loss: -0.3283
Epoch 693/1000: Time Est.: Elapsed[5.71h], Remain[2.53h]
=================================================================
Epoch 694: Train (100%)  Score: 9.9111,  Loss: -0.3219
Epoch 694/1000: Time Est.: Elapsed[5.72h], Remain[2.52h]
=================================================================
Epoch 695: Train (100%)  Score: 10.3040,  Loss: -0.3340
Epoch 695/1000: Time Est.: Elapsed[5.72h], Remain[2.51h]
=================================================================
Epoch 696: Train (100%)  Score: 10.4045,  Loss: -0.3330
Epoch 696/1000: Time Est.: Elapsed[5.73h], Remain[2.50h]
=================================================================
Epoch 697: Train (100%)  Score: 10.4739,  Loss: -0.3293
Epoch 697/1000: Time Est.: Elapsed[5.74h], Remain[2.50h]
=================================================================
Epoch 698: Train (100%)  Score: 10.2234,  Loss: -0.3272
Epoch 698/1000: Time Est.: Elapsed[5.75h], Remain[2.49h]
=================================================================
Epoch 699: Train (100%)  Score: 10.1633,  Loss: -0.3237
Epoch 699/1000: Time Est.: Elapsed[5.76h], Remain[2.48h]
=================================================================
Epoch 700: Train (100%)  Score: 10.1622,  Loss: -0.3260
Epoch 700/1000: Time Est.: Elapsed[5.76h], Remain[2.47h]
Saving trained_model
=================================================================
Epoch 701: Train (100%)  Score: 10.1777,  Loss: -0.3272
Epoch 701/1000: Time Est.: Elapsed[5.77h], Remain[2.46h]
=================================================================
Epoch 702: Train (100%)  Score: 10.0027,  Loss: -0.3271
Epoch 702/1000: Time Est.: Elapsed[5.78h], Remain[2.45h]
=================================================================
Epoch 703: Train (100%)  Score: 10.5330,  Loss: -0.3314
Epoch 703/1000: Time Est.: Elapsed[5.79h], Remain[2.45h]
=================================================================
Epoch 704: Train (100%)  Score: 10.4309,  Loss: -0.3284
Epoch 704/1000: Time Est.: Elapsed[5.80h], Remain[2.44h]
=================================================================
Epoch 705: Train (100%)  Score: 10.7343,  Loss: -0.3316
Epoch 705/1000: Time Est.: Elapsed[5.81h], Remain[2.43h]
=================================================================
Epoch 706: Train (100%)  Score: 10.0737,  Loss: -0.3283
Epoch 706/1000: Time Est.: Elapsed[5.81h], Remain[2.42h]
=================================================================
Epoch 707: Train (100%)  Score: 10.6551,  Loss: -0.3305
Epoch 707/1000: Time Est.: Elapsed[5.82h], Remain[2.41h]
=================================================================
Epoch 708: Train (100%)  Score: 10.2886,  Loss: -0.3330
Epoch 708/1000: Time Est.: Elapsed[5.83h], Remain[2.40h]
=================================================================
Epoch 709: Train (100%)  Score: 10.4770,  Loss: -0.3246
Epoch 709/1000: Time Est.: Elapsed[5.84h], Remain[2.40h]
=================================================================
Epoch 710: Train (100%)  Score: 10.0893,  Loss: -0.3326
Epoch 710/1000: Time Est.: Elapsed[5.85h], Remain[2.39h]
=================================================================
Epoch 711: Train (100%)  Score: 10.4705,  Loss: -0.3311
Epoch 711/1000: Time Est.: Elapsed[5.86h], Remain[2.38h]
=================================================================
Epoch 712: Train (100%)  Score: 10.3877,  Loss: -0.3297
Epoch 712/1000: Time Est.: Elapsed[5.86h], Remain[2.37h]
=================================================================
Epoch 713: Train (100%)  Score: 10.0199,  Loss: -0.3291
Epoch 713/1000: Time Est.: Elapsed[5.87h], Remain[2.36h]
=================================================================
Epoch 714: Train (100%)  Score: 10.1799,  Loss: -0.3270
Epoch 714/1000: Time Est.: Elapsed[5.88h], Remain[2.36h]
=================================================================
Epoch 715: Train (100%)  Score: 10.0009,  Loss: -0.3194
Epoch 715/1000: Time Est.: Elapsed[5.89h], Remain[2.35h]
=================================================================
Epoch 716: Train (100%)  Score: 10.1800,  Loss: -0.3209
Epoch 716/1000: Time Est.: Elapsed[5.90h], Remain[2.34h]
=================================================================
Epoch 717: Train (100%)  Score: 10.0921,  Loss: -0.3242
Epoch 717/1000: Time Est.: Elapsed[5.90h], Remain[2.33h]
=================================================================
Epoch 718: Train (100%)  Score: 9.8435,  Loss: -0.3158
Epoch 718/1000: Time Est.: Elapsed[5.91h], Remain[2.32h]
=================================================================
Epoch 719: Train (100%)  Score: 10.4157,  Loss: -0.3402
Epoch 719/1000: Time Est.: Elapsed[5.92h], Remain[2.31h]
=================================================================
Epoch 720: Train (100%)  Score: 10.4451,  Loss: -0.3346
Epoch 720/1000: Time Est.: Elapsed[5.93h], Remain[2.31h]
=================================================================
Epoch 721: Train (100%)  Score: 10.2328,  Loss: -0.3280
Epoch 721/1000: Time Est.: Elapsed[5.94h], Remain[2.30h]
=================================================================
Epoch 722: Train (100%)  Score: 10.5824,  Loss: -0.3265
Epoch 722/1000: Time Est.: Elapsed[5.94h], Remain[2.29h]
=================================================================
Epoch 723: Train (100%)  Score: 10.4747,  Loss: -0.3260
Epoch 723/1000: Time Est.: Elapsed[5.95h], Remain[2.28h]
=================================================================
Epoch 724: Train (100%)  Score: 10.3566,  Loss: -0.3320
Epoch 724/1000: Time Est.: Elapsed[5.96h], Remain[2.27h]
=================================================================
Epoch 725: Train (100%)  Score: 10.4363,  Loss: -0.3253
Epoch 725/1000: Time Est.: Elapsed[5.97h], Remain[2.26h]
=================================================================
Epoch 726: Train (100%)  Score: 10.7258,  Loss: -0.3356
Epoch 726/1000: Time Est.: Elapsed[5.98h], Remain[2.26h]
=================================================================
Epoch 727: Train (100%)  Score: 10.5349,  Loss: -0.3322
Epoch 727/1000: Time Est.: Elapsed[5.99h], Remain[2.25h]
=================================================================
Epoch 728: Train (100%)  Score: 9.9688,  Loss: -0.3238
Epoch 728/1000: Time Est.: Elapsed[5.99h], Remain[2.24h]
=================================================================
Epoch 729: Train (100%)  Score: 9.9992,  Loss: -0.3281
Epoch 729/1000: Time Est.: Elapsed[6.00h], Remain[2.23h]
=================================================================
Epoch 730: Train (100%)  Score: 10.0107,  Loss: -0.3276
Epoch 730/1000: Time Est.: Elapsed[6.01h], Remain[2.22h]
=================================================================
Epoch 731: Train (100%)  Score: 9.7102,  Loss: -0.3228
Epoch 731/1000: Time Est.: Elapsed[6.02h], Remain[2.21h]
=================================================================
Epoch 732: Train (100%)  Score: 10.0508,  Loss: -0.3236
Epoch 732/1000: Time Est.: Elapsed[6.03h], Remain[2.21h]
=================================================================
Epoch 733: Train (100%)  Score: 10.0494,  Loss: -0.3254
Epoch 733/1000: Time Est.: Elapsed[6.03h], Remain[2.20h]
=================================================================
Epoch 734: Train (100%)  Score: 9.9225,  Loss: -0.3261
Epoch 734/1000: Time Est.: Elapsed[6.04h], Remain[2.19h]
=================================================================
Epoch 735: Train (100%)  Score: 9.9318,  Loss: -0.3244
Epoch 735/1000: Time Est.: Elapsed[6.05h], Remain[2.18h]
=================================================================
Epoch 736: Train (100%)  Score: 10.4546,  Loss: -0.3295
Epoch 736/1000: Time Est.: Elapsed[6.06h], Remain[2.17h]
=================================================================
Epoch 737: Train (100%)  Score: 10.1827,  Loss: -0.3261
Epoch 737/1000: Time Est.: Elapsed[6.07h], Remain[2.17h]
=================================================================
Epoch 738: Train (100%)  Score: 10.1393,  Loss: -0.3212
Epoch 738/1000: Time Est.: Elapsed[6.08h], Remain[2.16h]
=================================================================
Epoch 739: Train (100%)  Score: 10.4099,  Loss: -0.3261
Epoch 739/1000: Time Est.: Elapsed[6.08h], Remain[2.15h]
=================================================================
Epoch 740: Train (100%)  Score: 9.9868,  Loss: -0.3192
Epoch 740/1000: Time Est.: Elapsed[6.09h], Remain[2.14h]
=================================================================
Epoch 741: Train (100%)  Score: 10.1342,  Loss: -0.3230
Epoch 741/1000: Time Est.: Elapsed[6.10h], Remain[2.13h]
=================================================================
Epoch 742: Train (100%)  Score: 10.2244,  Loss: -0.3327
Epoch 742/1000: Time Est.: Elapsed[6.11h], Remain[2.12h]
=================================================================
Epoch 743: Train (100%)  Score: 10.1715,  Loss: -0.3262
Epoch 743/1000: Time Est.: Elapsed[6.12h], Remain[2.12h]
=================================================================
Epoch 744: Train (100%)  Score: 10.5293,  Loss: -0.3281
Epoch 744/1000: Time Est.: Elapsed[6.12h], Remain[2.11h]
=================================================================
Epoch 745: Train (100%)  Score: 10.2649,  Loss: -0.3226
Epoch 745/1000: Time Est.: Elapsed[6.13h], Remain[2.10h]
=================================================================
Epoch 746: Train (100%)  Score: 10.4316,  Loss: -0.3219
Epoch 746/1000: Time Est.: Elapsed[6.14h], Remain[2.09h]
=================================================================
Epoch 747: Train (100%)  Score: 10.1194,  Loss: -0.3265
Epoch 747/1000: Time Est.: Elapsed[6.15h], Remain[2.08h]
=================================================================
Epoch 748: Train (100%)  Score: 10.1911,  Loss: -0.3235
Epoch 748/1000: Time Est.: Elapsed[6.16h], Remain[2.07h]
=================================================================
Epoch 749: Train (100%)  Score: 10.3223,  Loss: -0.3163
Epoch 749/1000: Time Est.: Elapsed[6.17h], Remain[2.07h]
=================================================================
Epoch 750: Train (100%)  Score: 10.2581,  Loss: -0.3239
Epoch 750/1000: Time Est.: Elapsed[6.17h], Remain[2.06h]
=================================================================
Epoch 751: Train (100%)  Score: 10.2009,  Loss: -0.3188
Epoch 751/1000: Time Est.: Elapsed[6.18h], Remain[2.05h]
=================================================================
Epoch 752: Train (100%)  Score: 9.9928,  Loss: -0.3183
Epoch 752/1000: Time Est.: Elapsed[6.19h], Remain[2.04h]
=================================================================
Epoch 753: Train (100%)  Score: 10.6522,  Loss: -0.3269
Epoch 753/1000: Time Est.: Elapsed[6.20h], Remain[2.03h]
=================================================================
Epoch 754: Train (100%)  Score: 10.1183,  Loss: -0.3068
Epoch 754/1000: Time Est.: Elapsed[6.21h], Remain[2.02h]
=================================================================
Epoch 755: Train (100%)  Score: 10.0337,  Loss: -0.3263
Epoch 755/1000: Time Est.: Elapsed[6.20h], Remain[2.01h]
=================================================================
Epoch 756: Train (100%)  Score: 10.2144,  Loss: -0.3312
Epoch 756/1000: Time Est.: Elapsed[6.22h], Remain[2.01h]
=================================================================
Epoch 757: Train (100%)  Score: 10.3785,  Loss: -0.3272
Epoch 757/1000: Time Est.: Elapsed[6.23h], Remain[2.00h]
=================================================================
Epoch 758: Train (100%)  Score: 10.5614,  Loss: -0.3321
Epoch 758/1000: Time Est.: Elapsed[6.24h], Remain[1.99h]
=================================================================
Epoch 759: Train (100%)  Score: 10.3239,  Loss: -0.3273
Epoch 759/1000: Time Est.: Elapsed[6.25h], Remain[1.98h]
=================================================================
Epoch 760: Train (100%)  Score: 10.2951,  Loss: -0.3177
Epoch 760/1000: Time Est.: Elapsed[6.26h], Remain[1.98h]
=================================================================
Epoch 761: Train (100%)  Score: 10.4777,  Loss: -0.3205
Epoch 761/1000: Time Est.: Elapsed[6.26h], Remain[1.97h]
=================================================================
Epoch 762: Train (100%)  Score: 10.4548,  Loss: -0.3333
Epoch 762/1000: Time Est.: Elapsed[6.27h], Remain[1.96h]
=================================================================
Epoch 763: Train (100%)  Score: 9.8730,  Loss: -0.3193
Epoch 763/1000: Time Est.: Elapsed[6.28h], Remain[1.95h]
=================================================================
Epoch 764: Train (100%)  Score: 9.8309,  Loss: -0.3181
Epoch 764/1000: Time Est.: Elapsed[6.29h], Remain[1.94h]
=================================================================
Epoch 765: Train (100%)  Score: 10.2662,  Loss: -0.3176
Epoch 765/1000: Time Est.: Elapsed[6.30h], Remain[1.93h]
=================================================================
Epoch 766: Train (100%)  Score: 10.1872,  Loss: -0.3141
Epoch 766/1000: Time Est.: Elapsed[6.30h], Remain[1.93h]
=================================================================
Epoch 767: Train (100%)  Score: 9.7231,  Loss: -0.3201
Epoch 767/1000: Time Est.: Elapsed[6.31h], Remain[1.92h]
=================================================================
Epoch 768: Train (100%)  Score: 10.0671,  Loss: -0.3193
Epoch 768/1000: Time Est.: Elapsed[6.32h], Remain[1.91h]
=================================================================
Epoch 769: Train (100%)  Score: 10.3395,  Loss: -0.3319
Epoch 769/1000: Time Est.: Elapsed[6.33h], Remain[1.90h]
=================================================================
Epoch 770: Train (100%)  Score: 9.9802,  Loss: -0.3103
Epoch 770/1000: Time Est.: Elapsed[6.34h], Remain[1.89h]
=================================================================
Epoch 771: Train (100%)  Score: 9.8605,  Loss: -0.3143
Epoch 771/1000: Time Est.: Elapsed[6.35h], Remain[1.88h]
=================================================================
Epoch 772: Train (100%)  Score: 10.1320,  Loss: -0.3226
Epoch 772/1000: Time Est.: Elapsed[6.35h], Remain[1.88h]
=================================================================
Epoch 773: Train (100%)  Score: 10.6114,  Loss: -0.3275
Epoch 773/1000: Time Est.: Elapsed[6.36h], Remain[1.87h]
=================================================================
Epoch 774: Train (100%)  Score: 10.2903,  Loss: -0.3212
Epoch 774/1000: Time Est.: Elapsed[6.37h], Remain[1.86h]
=================================================================
Epoch 775: Train (100%)  Score: 9.9680,  Loss: -0.3248
Epoch 775/1000: Time Est.: Elapsed[6.38h], Remain[1.85h]
=================================================================
Epoch 776: Train (100%)  Score: 10.2833,  Loss: -0.3185
Epoch 776/1000: Time Est.: Elapsed[6.38h], Remain[1.84h]
=================================================================
Epoch 777: Train (100%)  Score: 10.1886,  Loss: -0.3203
Epoch 777/1000: Time Est.: Elapsed[6.39h], Remain[1.84h]
=================================================================
Epoch 778: Train (100%)  Score: 10.5314,  Loss: -0.3248
Epoch 778/1000: Time Est.: Elapsed[6.40h], Remain[1.83h]
=================================================================
Epoch 779: Train (100%)  Score: 10.3444,  Loss: -0.3240
Epoch 779/1000: Time Est.: Elapsed[6.41h], Remain[1.82h]
=================================================================
Epoch 780: Train (100%)  Score: 10.1793,  Loss: -0.3175
Epoch 780/1000: Time Est.: Elapsed[6.42h], Remain[1.81h]
=================================================================
Epoch 781: Train (100%)  Score: 10.2377,  Loss: -0.3179
Epoch 781/1000: Time Est.: Elapsed[6.43h], Remain[1.80h]
=================================================================
Epoch 782: Train (100%)  Score: 10.5002,  Loss: -0.3267
Epoch 782/1000: Time Est.: Elapsed[6.44h], Remain[1.79h]
=================================================================
Epoch 783: Train (100%)  Score: 10.1767,  Loss: -0.3174
Epoch 783/1000: Time Est.: Elapsed[6.44h], Remain[1.79h]
=================================================================
Epoch 784: Train (100%)  Score: 10.1846,  Loss: -0.3161
Epoch 784/1000: Time Est.: Elapsed[6.45h], Remain[1.78h]
=================================================================
Epoch 785: Train (100%)  Score: 10.3780,  Loss: -0.3195
Epoch 785/1000: Time Est.: Elapsed[6.46h], Remain[1.77h]
=================================================================
Epoch 786: Train (100%)  Score: 9.9412,  Loss: -0.3194
Epoch 786/1000: Time Est.: Elapsed[6.47h], Remain[1.76h]
=================================================================
Epoch 787: Train (100%)  Score: 10.2928,  Loss: -0.3198
Epoch 787/1000: Time Est.: Elapsed[6.48h], Remain[1.75h]
=================================================================
>> Invalid instances, Re-generating ...
Epoch 788: Train (100%)  Score: 10.6802,  Loss: -0.3241
Epoch 788/1000: Time Est.: Elapsed[6.48h], Remain[1.74h]
=================================================================
Epoch 789: Train (100%)  Score: 10.1113,  Loss: -0.3113
Epoch 789/1000: Time Est.: Elapsed[6.49h], Remain[1.74h]
=================================================================
Epoch 790: Train (100%)  Score: 9.9272,  Loss: -0.3188
Epoch 790/1000: Time Est.: Elapsed[6.50h], Remain[1.73h]
=================================================================
Epoch 791: Train (100%)  Score: 10.3474,  Loss: -0.3206
Epoch 791/1000: Time Est.: Elapsed[6.51h], Remain[1.72h]
=================================================================
Epoch 792: Train (100%)  Score: 10.3109,  Loss: -0.3240
Epoch 792/1000: Time Est.: Elapsed[6.52h], Remain[1.71h]
=================================================================
Epoch 793: Train (100%)  Score: 10.6348,  Loss: -0.3305
Epoch 793/1000: Time Est.: Elapsed[6.53h], Remain[1.70h]
=================================================================
Epoch 794: Train (100%)  Score: 10.5114,  Loss: -0.3150
Epoch 794/1000: Time Est.: Elapsed[6.53h], Remain[1.70h]
=================================================================
Epoch 795: Train (100%)  Score: 10.4527,  Loss: -0.3315
Epoch 795/1000: Time Est.: Elapsed[6.54h], Remain[1.69h]
=================================================================
Epoch 796: Train (100%)  Score: 10.0606,  Loss: -0.3208
Epoch 796/1000: Time Est.: Elapsed[6.55h], Remain[1.68h]
=================================================================
Epoch 797: Train (100%)  Score: 10.3500,  Loss: -0.3242
Epoch 797/1000: Time Est.: Elapsed[6.56h], Remain[1.67h]
=================================================================
Epoch 798: Train (100%)  Score: 10.4193,  Loss: -0.3185
Epoch 798/1000: Time Est.: Elapsed[6.57h], Remain[1.66h]
=================================================================
Epoch 799: Train (100%)  Score: 10.2319,  Loss: -0.3166
Epoch 799/1000: Time Est.: Elapsed[6.57h], Remain[1.65h]
=================================================================
Epoch 800: Train (100%)  Score: 10.1628,  Loss: -0.3205
Epoch 800/1000: Time Est.: Elapsed[6.58h], Remain[1.65h]
Saving trained_model
=================================================================
Epoch 801: Train (100%)  Score: 9.9973,  Loss: -0.3216
Epoch 801/1000: Time Est.: Elapsed[6.59h], Remain[1.64h]
=================================================================
Epoch 802: Train (100%)  Score: 10.8193,  Loss: -0.3301
Epoch 802/1000: Time Est.: Elapsed[6.60h], Remain[1.63h]
=================================================================
>> Invalid instances, Re-generating ...
Epoch 803: Train (100%)  Score: 10.0236,  Loss: -0.3196
Epoch 803/1000: Time Est.: Elapsed[6.61h], Remain[1.62h]
=================================================================
Epoch 804: Train (100%)  Score: 10.0950,  Loss: -0.3158
Epoch 804/1000: Time Est.: Elapsed[6.62h], Remain[1.61h]
=================================================================
Epoch 805: Train (100%)  Score: 10.3933,  Loss: -0.3294
Epoch 805/1000: Time Est.: Elapsed[6.62h], Remain[1.60h]
=================================================================
Epoch 806: Train (100%)  Score: 10.7439,  Loss: -0.3170
Epoch 806/1000: Time Est.: Elapsed[6.63h], Remain[1.60h]
=================================================================
Epoch 807: Train (100%)  Score: 10.2014,  Loss: -0.3187
Epoch 807/1000: Time Est.: Elapsed[6.64h], Remain[1.59h]
=================================================================
Epoch 808: Train (100%)  Score: 10.4604,  Loss: -0.3281
Epoch 808/1000: Time Est.: Elapsed[6.65h], Remain[1.58h]
=================================================================
Epoch 809: Train (100%)  Score: 10.3776,  Loss: -0.3314
Epoch 809/1000: Time Est.: Elapsed[6.66h], Remain[1.57h]
=================================================================
Epoch 810: Train (100%)  Score: 10.4654,  Loss: -0.3135
Epoch 810/1000: Time Est.: Elapsed[6.66h], Remain[1.56h]
=================================================================
Epoch 811: Train (100%)  Score: 10.2107,  Loss: -0.3189
Epoch 811/1000: Time Est.: Elapsed[6.67h], Remain[1.55h]
=================================================================
Epoch 812: Train (100%)  Score: 10.0281,  Loss: -0.3107
Epoch 812/1000: Time Est.: Elapsed[6.68h], Remain[1.55h]
=================================================================
Epoch 813: Train (100%)  Score: 10.4051,  Loss: -0.3140
Epoch 813/1000: Time Est.: Elapsed[6.69h], Remain[1.54h]
=================================================================
Epoch 814: Train (100%)  Score: 9.8978,  Loss: -0.3119
Epoch 814/1000: Time Est.: Elapsed[6.70h], Remain[1.53h]
=================================================================
Epoch 815: Train (100%)  Score: 10.4028,  Loss: -0.3204
Epoch 815/1000: Time Est.: Elapsed[6.71h], Remain[1.52h]
=================================================================
Epoch 816: Train (100%)  Score: 10.5180,  Loss: -0.3114
Epoch 816/1000: Time Est.: Elapsed[6.71h], Remain[1.51h]
=================================================================
Epoch 817: Train (100%)  Score: 10.1471,  Loss: -0.3191
Epoch 817/1000: Time Est.: Elapsed[6.72h], Remain[1.51h]
=================================================================
Epoch 818: Train (100%)  Score: 10.2835,  Loss: -0.3146
Epoch 818/1000: Time Est.: Elapsed[6.73h], Remain[1.50h]
=================================================================
Epoch 819: Train (100%)  Score: 10.4042,  Loss: -0.3226
Epoch 819/1000: Time Est.: Elapsed[6.74h], Remain[1.49h]
=================================================================
Epoch 820: Train (100%)  Score: 10.1456,  Loss: -0.3239
Epoch 820/1000: Time Est.: Elapsed[6.75h], Remain[1.48h]
=================================================================
Epoch 821: Train (100%)  Score: 10.1546,  Loss: -0.3230
Epoch 821/1000: Time Est.: Elapsed[6.75h], Remain[1.47h]
=================================================================
Epoch 822: Train (100%)  Score: 10.5360,  Loss: -0.3202
Epoch 822/1000: Time Est.: Elapsed[6.76h], Remain[1.46h]
=================================================================
Epoch 823: Train (100%)  Score: 10.4000,  Loss: -0.3167
Epoch 823/1000: Time Est.: Elapsed[6.77h], Remain[1.46h]
=================================================================
Epoch 824: Train (100%)  Score: 10.0995,  Loss: -0.3177
Epoch 824/1000: Time Est.: Elapsed[6.78h], Remain[1.45h]
=================================================================
Epoch 825: Train (100%)  Score: 9.9757,  Loss: -0.3138
Epoch 825/1000: Time Est.: Elapsed[6.79h], Remain[1.44h]
=================================================================
Epoch 826: Train (100%)  Score: 10.2451,  Loss: -0.3202
Epoch 826/1000: Time Est.: Elapsed[6.80h], Remain[1.43h]
=================================================================
Epoch 827: Train (100%)  Score: 10.0559,  Loss: -0.3123
Epoch 827/1000: Time Est.: Elapsed[6.80h], Remain[1.42h]
=================================================================
Epoch 828: Train (100%)  Score: 10.2878,  Loss: -0.3097
Epoch 828/1000: Time Est.: Elapsed[6.81h], Remain[1.42h]
=================================================================
Epoch 829: Train (100%)  Score: 10.2690,  Loss: -0.3192
Epoch 829/1000: Time Est.: Elapsed[6.82h], Remain[1.41h]
=================================================================
Epoch 830: Train (100%)  Score: 9.9821,  Loss: -0.3119
Epoch 830/1000: Time Est.: Elapsed[6.83h], Remain[1.40h]
=================================================================
Epoch 831: Train (100%)  Score: 10.4166,  Loss: -0.3195
Epoch 831/1000: Time Est.: Elapsed[6.84h], Remain[1.39h]
=================================================================
Epoch 832: Train (100%)  Score: 10.5306,  Loss: -0.3227
Epoch 832/1000: Time Est.: Elapsed[6.85h], Remain[1.38h]
=================================================================
Epoch 833: Train (100%)  Score: 10.0913,  Loss: -0.3138
Epoch 833/1000: Time Est.: Elapsed[6.85h], Remain[1.37h]
=================================================================
Epoch 834: Train (100%)  Score: 9.9281,  Loss: -0.3172
Epoch 834/1000: Time Est.: Elapsed[6.86h], Remain[1.37h]
=================================================================
Epoch 835: Train (100%)  Score: 9.9857,  Loss: -0.3083
Epoch 835/1000: Time Est.: Elapsed[6.87h], Remain[1.36h]
=================================================================
Epoch 836: Train (100%)  Score: 9.7989,  Loss: -0.3099
Epoch 836/1000: Time Est.: Elapsed[6.88h], Remain[1.35h]
=================================================================
Epoch 837: Train (100%)  Score: 10.4692,  Loss: -0.3131
Epoch 837/1000: Time Est.: Elapsed[6.89h], Remain[1.34h]
=================================================================
Epoch 838: Train (100%)  Score: 10.1105,  Loss: -0.3145
Epoch 838/1000: Time Est.: Elapsed[6.90h], Remain[1.33h]
=================================================================
Epoch 839: Train (100%)  Score: 10.1444,  Loss: -0.3084
Epoch 839/1000: Time Est.: Elapsed[6.90h], Remain[1.32h]
=================================================================
Epoch 840: Train (100%)  Score: 10.4517,  Loss: -0.3211
Epoch 840/1000: Time Est.: Elapsed[6.91h], Remain[1.32h]
=================================================================
Epoch 841: Train (100%)  Score: 10.3615,  Loss: -0.3186
Epoch 841/1000: Time Est.: Elapsed[6.92h], Remain[1.31h]
=================================================================
Epoch 842: Train (100%)  Score: 10.2438,  Loss: -0.3161
Epoch 842/1000: Time Est.: Elapsed[6.93h], Remain[1.30h]
=================================================================
Epoch 843: Train (100%)  Score: 9.9264,  Loss: -0.3054
Epoch 843/1000: Time Est.: Elapsed[6.94h], Remain[1.29h]
=================================================================
Epoch 844: Train (100%)  Score: 10.1932,  Loss: -0.3123
Epoch 844/1000: Time Est.: Elapsed[6.94h], Remain[1.28h]
=================================================================
Epoch 845: Train (100%)  Score: 10.0816,  Loss: -0.3137
Epoch 845/1000: Time Est.: Elapsed[6.95h], Remain[1.28h]
=================================================================
Epoch 846: Train (100%)  Score: 9.7443,  Loss: -0.3077
Epoch 846/1000: Time Est.: Elapsed[6.96h], Remain[1.27h]
=================================================================
Epoch 847: Train (100%)  Score: 10.4792,  Loss: -0.3128
Epoch 847/1000: Time Est.: Elapsed[6.97h], Remain[1.26h]
=================================================================
Epoch 848: Train (100%)  Score: 10.0050,  Loss: -0.3122
Epoch 848/1000: Time Est.: Elapsed[6.98h], Remain[1.25h]
=================================================================
Epoch 849: Train (100%)  Score: 10.2747,  Loss: -0.3173
Epoch 849/1000: Time Est.: Elapsed[6.99h], Remain[1.24h]
=================================================================
Epoch 850: Train (100%)  Score: 10.1151,  Loss: -0.3149
Epoch 850/1000: Time Est.: Elapsed[6.99h], Remain[1.23h]
=================================================================
Epoch 851: Train (100%)  Score: 10.0578,  Loss: -0.3146
Epoch 851/1000: Time Est.: Elapsed[7.00h], Remain[1.23h]
=================================================================
Epoch 852: Train (100%)  Score: 9.9553,  Loss: -0.3075
Epoch 852/1000: Time Est.: Elapsed[7.01h], Remain[1.22h]
=================================================================
Epoch 853: Train (100%)  Score: 10.3763,  Loss: -0.3119
Epoch 853/1000: Time Est.: Elapsed[7.02h], Remain[1.21h]
=================================================================
Epoch 854: Train (100%)  Score: 10.0866,  Loss: -0.3102
Epoch 854/1000: Time Est.: Elapsed[7.03h], Remain[1.20h]
=================================================================
Epoch 855: Train (100%)  Score: 10.4900,  Loss: -0.3155
Epoch 855/1000: Time Est.: Elapsed[7.03h], Remain[1.19h]
=================================================================
Epoch 856: Train (100%)  Score: 10.0061,  Loss: -0.3047
Epoch 856/1000: Time Est.: Elapsed[7.04h], Remain[1.18h]
=================================================================
Epoch 857: Train (100%)  Score: 10.1598,  Loss: -0.3125
Epoch 857/1000: Time Est.: Elapsed[7.05h], Remain[1.18h]
=================================================================
Epoch 858: Train (100%)  Score: 10.3726,  Loss: -0.3185
Epoch 858/1000: Time Est.: Elapsed[7.06h], Remain[1.17h]
=================================================================
Epoch 859: Train (100%)  Score: 10.2256,  Loss: -0.3197
Epoch 859/1000: Time Est.: Elapsed[7.07h], Remain[1.16h]
=================================================================
Epoch 860: Train (100%)  Score: 10.3278,  Loss: -0.3126
Epoch 860/1000: Time Est.: Elapsed[7.08h], Remain[1.15h]
=================================================================
Epoch 861: Train (100%)  Score: 10.5673,  Loss: -0.3208
Epoch 861/1000: Time Est.: Elapsed[7.08h], Remain[1.14h]
=================================================================
Epoch 862: Train (100%)  Score: 10.2120,  Loss: -0.3210
Epoch 862/1000: Time Est.: Elapsed[7.09h], Remain[1.14h]
=================================================================
Epoch 863: Train (100%)  Score: 10.3252,  Loss: -0.3153
Epoch 863/1000: Time Est.: Elapsed[7.10h], Remain[1.13h]
=================================================================
Epoch 864: Train (100%)  Score: 10.1628,  Loss: -0.3088
Epoch 864/1000: Time Est.: Elapsed[7.11h], Remain[1.12h]
=================================================================
Epoch 865: Train (100%)  Score: 10.1608,  Loss: -0.3096
Epoch 865/1000: Time Est.: Elapsed[7.12h], Remain[1.11h]
=================================================================
Epoch 866: Train (100%)  Score: 10.0529,  Loss: -0.3046
Epoch 866/1000: Time Est.: Elapsed[7.13h], Remain[1.10h]
=================================================================
Epoch 867: Train (100%)  Score: 10.1846,  Loss: -0.3165
Epoch 867/1000: Time Est.: Elapsed[7.13h], Remain[1.09h]
=================================================================
Epoch 868: Train (100%)  Score: 10.1833,  Loss: -0.3166
Epoch 868/1000: Time Est.: Elapsed[7.14h], Remain[1.09h]
=================================================================
Epoch 869: Train (100%)  Score: 10.1757,  Loss: -0.3067
Epoch 869/1000: Time Est.: Elapsed[7.15h], Remain[1.08h]
=================================================================
Epoch 870: Train (100%)  Score: 10.3102,  Loss: -0.3129
Epoch 870/1000: Time Est.: Elapsed[7.16h], Remain[1.07h]
=================================================================
Epoch 871: Train (100%)  Score: 10.0656,  Loss: -0.3145
Epoch 871/1000: Time Est.: Elapsed[7.17h], Remain[1.06h]
=================================================================
Epoch 872: Train (100%)  Score: 10.3867,  Loss: -0.3146
Epoch 872/1000: Time Est.: Elapsed[7.18h], Remain[1.05h]
=================================================================
Epoch 873: Train (100%)  Score: 10.2754,  Loss: -0.3211
Epoch 873/1000: Time Est.: Elapsed[7.18h], Remain[1.05h]
=================================================================
Epoch 874: Train (100%)  Score: 10.3559,  Loss: -0.3039
Epoch 874/1000: Time Est.: Elapsed[7.19h], Remain[1.04h]
=================================================================
Epoch 875: Train (100%)  Score: 10.1960,  Loss: -0.3071
Epoch 875/1000: Time Est.: Elapsed[7.20h], Remain[1.03h]
=================================================================
Epoch 876: Train (100%)  Score: 9.8384,  Loss: -0.3101
Epoch 876/1000: Time Est.: Elapsed[7.21h], Remain[1.02h]
=================================================================
Epoch 877: Train (100%)  Score: 10.0890,  Loss: -0.3088
Epoch 877/1000: Time Est.: Elapsed[7.22h], Remain[1.01h]
=================================================================
>> Invalid instances, Re-generating ...
Epoch 878: Train (100%)  Score: 10.2811,  Loss: -0.3170
Epoch 878/1000: Time Est.: Elapsed[7.22h], Remain[1.00h]
=================================================================
Epoch 879: Train (100%)  Score: 10.4817,  Loss: -0.3146
Epoch 879/1000: Time Est.: Elapsed[7.23h], Remain[59.74m]
=================================================================
Epoch 880: Train (100%)  Score: 10.2918,  Loss: -0.3100
Epoch 880/1000: Time Est.: Elapsed[7.24h], Remain[59.25m]
=================================================================
Epoch 881: Train (100%)  Score: 10.0870,  Loss: -0.3116
Epoch 881/1000: Time Est.: Elapsed[7.25h], Remain[58.75m]
=================================================================
Epoch 882: Train (100%)  Score: 10.5241,  Loss: -0.3195
Epoch 882/1000: Time Est.: Elapsed[7.26h], Remain[58.26m]
=================================================================
Epoch 883: Train (100%)  Score: 10.4844,  Loss: -0.3127
Epoch 883/1000: Time Est.: Elapsed[7.27h], Remain[57.77m]
=================================================================
Epoch 884: Train (100%)  Score: 9.9985,  Loss: -0.3057
Epoch 884/1000: Time Est.: Elapsed[7.27h], Remain[57.27m]
=================================================================
Epoch 885: Train (100%)  Score: 10.5123,  Loss: -0.3079
Epoch 885/1000: Time Est.: Elapsed[7.28h], Remain[56.78m]
=================================================================
Epoch 886: Train (100%)  Score: 9.8948,  Loss: -0.3028
Epoch 886/1000: Time Est.: Elapsed[7.29h], Remain[56.29m]
=================================================================
Epoch 887: Train (100%)  Score: 10.2402,  Loss: -0.3163
Epoch 887/1000: Time Est.: Elapsed[7.30h], Remain[55.79m]
=================================================================
Epoch 888: Train (100%)  Score: 10.4110,  Loss: -0.3117
Epoch 888/1000: Time Est.: Elapsed[7.31h], Remain[55.30m]
=================================================================
Epoch 889: Train (100%)  Score: 10.1674,  Loss: -0.3181
Epoch 889/1000: Time Est.: Elapsed[7.32h], Remain[54.80m]
=================================================================
Epoch 890: Train (100%)  Score: 10.2992,  Loss: -0.3149
Epoch 890/1000: Time Est.: Elapsed[7.32h], Remain[54.31m]
=================================================================
Epoch 891: Train (100%)  Score: 10.3162,  Loss: -0.3122
Epoch 891/1000: Time Est.: Elapsed[7.33h], Remain[53.81m]
=================================================================
Epoch 892: Train (100%)  Score: 10.2122,  Loss: -0.3098
Epoch 892/1000: Time Est.: Elapsed[7.34h], Remain[53.32m]
=================================================================
Epoch 893: Train (100%)  Score: 10.3371,  Loss: -0.3097
Epoch 893/1000: Time Est.: Elapsed[7.35h], Remain[52.83m]
=================================================================
Epoch 894: Train (100%)  Score: 10.0771,  Loss: -0.3130
Epoch 894/1000: Time Est.: Elapsed[7.36h], Remain[52.33m]
=================================================================
Epoch 895: Train (100%)  Score: 10.0821,  Loss: -0.3136
Epoch 895/1000: Time Est.: Elapsed[7.36h], Remain[51.84m]
=================================================================
Epoch 896: Train (100%)  Score: 10.2374,  Loss: -0.3023
Epoch 896/1000: Time Est.: Elapsed[7.37h], Remain[51.35m]
=================================================================
Epoch 897: Train (100%)  Score: 10.3919,  Loss: -0.3123
Epoch 897/1000: Time Est.: Elapsed[7.38h], Remain[50.85m]
=================================================================
Epoch 898: Train (100%)  Score: 10.2430,  Loss: -0.3145
Epoch 898/1000: Time Est.: Elapsed[7.39h], Remain[50.36m]
=================================================================
Epoch 899: Train (100%)  Score: 10.5500,  Loss: -0.3111
Epoch 899/1000: Time Est.: Elapsed[7.40h], Remain[49.87m]
=================================================================
Epoch 900: Train (100%)  Score: 10.3815,  Loss: -0.3145
Epoch 900/1000: Time Est.: Elapsed[7.41h], Remain[49.37m]
Saving trained_model
=================================================================
Epoch 901: Train (100%)  Score: 10.4759,  Loss: -0.3172
Epoch 901/1000: Time Est.: Elapsed[7.41h], Remain[48.88m]
=================================================================
Epoch 902: Train (100%)  Score: 10.0436,  Loss: -0.3091
Epoch 902/1000: Time Est.: Elapsed[7.42h], Remain[48.38m]
=================================================================
Epoch 903: Train (100%)  Score: 10.2452,  Loss: -0.3130
Epoch 903/1000: Time Est.: Elapsed[7.43h], Remain[47.89m]
=================================================================
Epoch 904: Train (100%)  Score: 10.5206,  Loss: -0.3125
Epoch 904/1000: Time Est.: Elapsed[7.44h], Remain[47.40m]
=================================================================
Epoch 905: Train (100%)  Score: 10.2627,  Loss: -0.3052
Epoch 905/1000: Time Est.: Elapsed[7.45h], Remain[46.90m]
=================================================================
Epoch 906: Train (100%)  Score: 9.6786,  Loss: -0.3054
Epoch 906/1000: Time Est.: Elapsed[7.45h], Remain[46.41m]
=================================================================
Epoch 907: Train (100%)  Score: 10.3689,  Loss: -0.3190
Epoch 907/1000: Time Est.: Elapsed[7.46h], Remain[45.91m]
=================================================================
Epoch 908: Train (100%)  Score: 10.0616,  Loss: -0.3151
Epoch 908/1000: Time Est.: Elapsed[7.47h], Remain[45.42m]
=================================================================
Epoch 909: Train (100%)  Score: 10.1996,  Loss: -0.3104
Epoch 909/1000: Time Est.: Elapsed[7.48h], Remain[44.93m]
=================================================================
Epoch 910: Train (100%)  Score: 10.2430,  Loss: -0.3105
Epoch 910/1000: Time Est.: Elapsed[7.49h], Remain[44.43m]
=================================================================
Epoch 911: Train (100%)  Score: 10.3991,  Loss: -0.3154
Epoch 911/1000: Time Est.: Elapsed[7.50h], Remain[43.94m]
=================================================================
Epoch 912: Train (100%)  Score: 10.2602,  Loss: -0.3126
Epoch 912/1000: Time Est.: Elapsed[7.50h], Remain[43.44m]
=================================================================
Epoch 913: Train (100%)  Score: 9.8353,  Loss: -0.3055
Epoch 913/1000: Time Est.: Elapsed[7.51h], Remain[42.95m]
=================================================================
Epoch 914: Train (100%)  Score: 10.4616,  Loss: -0.3064
Epoch 914/1000: Time Est.: Elapsed[7.52h], Remain[42.45m]
=================================================================
Epoch 915: Train (100%)  Score: 10.1896,  Loss: -0.3058
Epoch 915/1000: Time Est.: Elapsed[7.53h], Remain[41.96m]
=================================================================
Epoch 916: Train (100%)  Score: 9.9772,  Loss: -0.3127
Epoch 916/1000: Time Est.: Elapsed[7.54h], Remain[41.47m]
=================================================================
Epoch 917: Train (100%)  Score: 9.9039,  Loss: -0.3045
Epoch 917/1000: Time Est.: Elapsed[7.55h], Remain[40.98m]
=================================================================
Epoch 918: Train (100%)  Score: 10.2776,  Loss: -0.3088
Epoch 918/1000: Time Est.: Elapsed[7.55h], Remain[40.48m]
=================================================================
Epoch 919: Train (100%)  Score: 10.1321,  Loss: -0.3107
Epoch 919/1000: Time Est.: Elapsed[7.56h], Remain[39.99m]
=================================================================
Epoch 920: Train (100%)  Score: 10.4748,  Loss: -0.3108
Epoch 920/1000: Time Est.: Elapsed[7.57h], Remain[39.49m]
=================================================================
Epoch 921: Train (100%)  Score: 9.8271,  Loss: -0.3065
Epoch 921/1000: Time Est.: Elapsed[7.58h], Remain[39.00m]
=================================================================
Epoch 922: Train (100%)  Score: 10.3474,  Loss: -0.3143
Epoch 922/1000: Time Est.: Elapsed[7.59h], Remain[38.51m]
=================================================================
Epoch 923: Train (100%)  Score: 10.1444,  Loss: -0.3141
Epoch 923/1000: Time Est.: Elapsed[7.59h], Remain[38.01m]
=================================================================
Epoch 924: Train (100%)  Score: 10.1229,  Loss: -0.3001
Epoch 924/1000: Time Est.: Elapsed[7.60h], Remain[37.52m]
=================================================================
Epoch 925: Train (100%)  Score: 10.0155,  Loss: -0.3015
Epoch 925/1000: Time Est.: Elapsed[7.61h], Remain[37.03m]
=================================================================
Epoch 926: Train (100%)  Score: 10.4016,  Loss: -0.3142
Epoch 926/1000: Time Est.: Elapsed[7.62h], Remain[36.53m]
=================================================================
Epoch 927: Train (100%)  Score: 10.2138,  Loss: -0.3101
Epoch 927/1000: Time Est.: Elapsed[7.63h], Remain[36.04m]
=================================================================
Epoch 928: Train (100%)  Score: 10.1730,  Loss: -0.3143
Epoch 928/1000: Time Est.: Elapsed[7.64h], Remain[35.55m]
=================================================================
Epoch 929: Train (100%)  Score: 10.4670,  Loss: -0.3098
Epoch 929/1000: Time Est.: Elapsed[7.64h], Remain[35.05m]
=================================================================
Epoch 930: Train (100%)  Score: 10.0714,  Loss: -0.3162
Epoch 930/1000: Time Est.: Elapsed[7.65h], Remain[34.56m]
=================================================================
Epoch 931: Train (100%)  Score: 9.9784,  Loss: -0.3127
Epoch 931/1000: Time Est.: Elapsed[7.66h], Remain[34.07m]
=================================================================
Epoch 932: Train (100%)  Score: 10.3589,  Loss: -0.3150
Epoch 932/1000: Time Est.: Elapsed[7.67h], Remain[33.57m]
=================================================================
Epoch 933: Train (100%)  Score: 10.3699,  Loss: -0.3103
Epoch 933/1000: Time Est.: Elapsed[7.68h], Remain[33.08m]
=================================================================
Epoch 934: Train (100%)  Score: 10.2957,  Loss: -0.3164
Epoch 934/1000: Time Est.: Elapsed[7.69h], Remain[32.58m]
=================================================================
Epoch 935: Train (100%)  Score: 10.2570,  Loss: -0.3088
Epoch 935/1000: Time Est.: Elapsed[7.69h], Remain[32.09m]
=================================================================
Epoch 936: Train (100%)  Score: 10.0962,  Loss: -0.3063
Epoch 936/1000: Time Est.: Elapsed[7.70h], Remain[31.60m]
=================================================================
Epoch 937: Train (100%)  Score: 10.5138,  Loss: -0.3119
Epoch 937/1000: Time Est.: Elapsed[7.71h], Remain[31.10m]
=================================================================
Epoch 938: Train (100%)  Score: 10.5761,  Loss: -0.3110
Epoch 938/1000: Time Est.: Elapsed[7.72h], Remain[30.61m]
=================================================================
Epoch 939: Train (100%)  Score: 10.1118,  Loss: -0.3053
Epoch 939/1000: Time Est.: Elapsed[7.73h], Remain[30.11m]
=================================================================
Epoch 940: Train (100%)  Score: 10.4725,  Loss: -0.3134
Epoch 940/1000: Time Est.: Elapsed[7.73h], Remain[29.62m]
=================================================================
Epoch 941: Train (100%)  Score: 10.5326,  Loss: -0.3123
Epoch 941/1000: Time Est.: Elapsed[7.74h], Remain[29.13m]
=================================================================
Epoch 942: Train (100%)  Score: 10.1559,  Loss: -0.3099
Epoch 942/1000: Time Est.: Elapsed[7.75h], Remain[28.63m]
=================================================================
Epoch 943: Train (100%)  Score: 10.4282,  Loss: -0.3082
Epoch 943/1000: Time Est.: Elapsed[7.76h], Remain[28.14m]
=================================================================
Epoch 944: Train (100%)  Score: 9.7289,  Loss: -0.3054
Epoch 944/1000: Time Est.: Elapsed[7.77h], Remain[27.65m]
=================================================================
Epoch 945: Train (100%)  Score: 10.1790,  Loss: -0.3075
Epoch 945/1000: Time Est.: Elapsed[7.78h], Remain[27.15m]
=================================================================
Epoch 946: Train (100%)  Score: 10.2191,  Loss: -0.3033
Epoch 946/1000: Time Est.: Elapsed[7.78h], Remain[26.66m]
=================================================================
Epoch 947: Train (100%)  Score: 10.2731,  Loss: -0.3090
Epoch 947/1000: Time Est.: Elapsed[7.79h], Remain[26.17m]
=================================================================
Epoch 948: Train (100%)  Score: 10.1921,  Loss: -0.3106
Epoch 948/1000: Time Est.: Elapsed[7.80h], Remain[25.67m]
=================================================================
Epoch 949: Train (100%)  Score: 10.1267,  Loss: -0.3105
Epoch 949/1000: Time Est.: Elapsed[7.81h], Remain[25.18m]
=================================================================
Epoch 950: Train (100%)  Score: 9.7455,  Loss: -0.3030
Epoch 950/1000: Time Est.: Elapsed[7.82h], Remain[24.68m]
=================================================================
Epoch 951: Train (100%)  Score: 10.5376,  Loss: -0.3030
Epoch 951/1000: Time Est.: Elapsed[7.82h], Remain[24.19m]
=================================================================
Epoch 952: Train (100%)  Score: 10.3890,  Loss: -0.3139
Epoch 952/1000: Time Est.: Elapsed[7.83h], Remain[23.70m]
=================================================================
Epoch 953: Train (100%)  Score: 10.2129,  Loss: -0.3121
Epoch 953/1000: Time Est.: Elapsed[7.84h], Remain[23.20m]
=================================================================
Epoch 954: Train (100%)  Score: 10.3236,  Loss: -0.3082
Epoch 954/1000: Time Est.: Elapsed[7.85h], Remain[22.71m]
=================================================================
Epoch 955: Train (100%)  Score: 10.2127,  Loss: -0.3079
Epoch 955/1000: Time Est.: Elapsed[7.86h], Remain[22.21m]
=================================================================
Epoch 956: Train (100%)  Score: 10.0042,  Loss: -0.3045
Epoch 956/1000: Time Est.: Elapsed[7.87h], Remain[21.72m]
=================================================================
Epoch 957: Train (100%)  Score: 10.3294,  Loss: -0.3086
Epoch 957/1000: Time Est.: Elapsed[7.87h], Remain[21.23m]
=================================================================
Epoch 958: Train (100%)  Score: 10.2883,  Loss: -0.3035
Epoch 958/1000: Time Est.: Elapsed[7.88h], Remain[20.73m]
=================================================================
Epoch 959: Train (100%)  Score: 9.9335,  Loss: -0.3032
Epoch 959/1000: Time Est.: Elapsed[7.89h], Remain[20.24m]
=================================================================
Epoch 960: Train (100%)  Score: 10.3410,  Loss: -0.3093
Epoch 960/1000: Time Est.: Elapsed[7.90h], Remain[19.75m]
=================================================================
Epoch 961: Train (100%)  Score: 10.6419,  Loss: -0.3065
Epoch 961/1000: Time Est.: Elapsed[7.91h], Remain[19.25m]
=================================================================
Epoch 962: Train (100%)  Score: 10.2299,  Loss: -0.3051
Epoch 962/1000: Time Est.: Elapsed[7.92h], Remain[18.76m]
=================================================================
Epoch 963: Train (100%)  Score: 10.5203,  Loss: -0.3129
Epoch 963/1000: Time Est.: Elapsed[7.92h], Remain[18.27m]
=================================================================
Epoch 964: Train (100%)  Score: 10.3150,  Loss: -0.3171
Epoch 964/1000: Time Est.: Elapsed[7.93h], Remain[17.77m]
=================================================================
Epoch 965: Train (100%)  Score: 10.4717,  Loss: -0.3091
Epoch 965/1000: Time Est.: Elapsed[7.94h], Remain[17.28m]
=================================================================
Epoch 966: Train (100%)  Score: 10.0684,  Loss: -0.3013
Epoch 966/1000: Time Est.: Elapsed[7.95h], Remain[16.78m]
=================================================================
Epoch 967: Train (100%)  Score: 9.9245,  Loss: -0.3048
Epoch 967/1000: Time Est.: Elapsed[7.96h], Remain[16.29m]
=================================================================
Epoch 968: Train (100%)  Score: 10.7403,  Loss: -0.3146
Epoch 968/1000: Time Est.: Elapsed[7.96h], Remain[15.80m]
=================================================================
Epoch 969: Train (100%)  Score: 9.9931,  Loss: -0.3004
Epoch 969/1000: Time Est.: Elapsed[7.97h], Remain[15.30m]
=================================================================
Epoch 970: Train (100%)  Score: 10.3227,  Loss: -0.3155
Epoch 970/1000: Time Est.: Elapsed[7.98h], Remain[14.81m]
=================================================================
Epoch 971: Train (100%)  Score: 10.0129,  Loss: -0.3075
Epoch 971/1000: Time Est.: Elapsed[7.99h], Remain[14.32m]
=================================================================
Epoch 972: Train (100%)  Score: 10.3075,  Loss: -0.3019
Epoch 972/1000: Time Est.: Elapsed[8.00h], Remain[13.82m]
=================================================================
Epoch 973: Train (100%)  Score: 10.0688,  Loss: -0.3038
Epoch 973/1000: Time Est.: Elapsed[8.01h], Remain[13.33m]
=================================================================
Epoch 974: Train (100%)  Score: 10.2074,  Loss: -0.3044
Epoch 974/1000: Time Est.: Elapsed[8.01h], Remain[12.83m]
=================================================================
Epoch 975: Train (100%)  Score: 10.3237,  Loss: -0.3050
Epoch 975/1000: Time Est.: Elapsed[8.02h], Remain[12.34m]
=================================================================
Epoch 976: Train (100%)  Score: 10.2074,  Loss: -0.3069
Epoch 976/1000: Time Est.: Elapsed[8.03h], Remain[11.85m]
=================================================================
Epoch 977: Train (100%)  Score: 10.3191,  Loss: -0.3022
Epoch 977/1000: Time Est.: Elapsed[8.04h], Remain[11.35m]
=================================================================
Epoch 978: Train (100%)  Score: 10.5938,  Loss: -0.3014
Epoch 978/1000: Time Est.: Elapsed[8.05h], Remain[10.86m]
=================================================================
Epoch 979: Train (100%)  Score: 10.1651,  Loss: -0.3056
Epoch 979/1000: Time Est.: Elapsed[8.05h], Remain[10.37m]
=================================================================
Epoch 980: Train (100%)  Score: 10.0642,  Loss: -0.3040
Epoch 980/1000: Time Est.: Elapsed[8.06h], Remain[9.87m]
=================================================================
Epoch 981: Train (100%)  Score: 10.2529,  Loss: -0.3079
Epoch 981/1000: Time Est.: Elapsed[8.07h], Remain[9.38m]
=================================================================
Epoch 982: Train (100%)  Score: 10.2833,  Loss: -0.3060
Epoch 982/1000: Time Est.: Elapsed[8.08h], Remain[8.88m]
=================================================================
Epoch 983: Train (100%)  Score: 9.9322,  Loss: -0.2965
Epoch 983/1000: Time Est.: Elapsed[8.09h], Remain[8.39m]
=================================================================
Epoch 984: Train (100%)  Score: 10.1811,  Loss: -0.2981
Epoch 984/1000: Time Est.: Elapsed[8.09h], Remain[7.90m]
=================================================================
Epoch 985: Train (100%)  Score: 10.0506,  Loss: -0.3102
Epoch 985/1000: Time Est.: Elapsed[8.10h], Remain[7.40m]
=================================================================
Epoch 986: Train (100%)  Score: 10.3864,  Loss: -0.2998
Epoch 986/1000: Time Est.: Elapsed[8.11h], Remain[6.91m]
=================================================================
Epoch 987: Train (100%)  Score: 10.2200,  Loss: -0.3102
Epoch 987/1000: Time Est.: Elapsed[8.12h], Remain[6.42m]
=================================================================
Epoch 988: Train (100%)  Score: 10.2068,  Loss: -0.3034
Epoch 988/1000: Time Est.: Elapsed[8.13h], Remain[5.92m]
=================================================================
Epoch 989: Train (100%)  Score: 10.5565,  Loss: -0.3077
Epoch 989/1000: Time Est.: Elapsed[8.14h], Remain[5.43m]
=================================================================
Epoch 990: Train (100%)  Score: 9.9805,  Loss: -0.3147
Epoch 990/1000: Time Est.: Elapsed[8.14h], Remain[4.94m]
=================================================================
Epoch 991: Train (100%)  Score: 10.3447,  Loss: -0.3044
Epoch 991/1000: Time Est.: Elapsed[8.15h], Remain[4.44m]
=================================================================
Epoch 992: Train (100%)  Score: 10.1858,  Loss: -0.3089
Epoch 992/1000: Time Est.: Elapsed[8.16h], Remain[3.95m]
=================================================================
Epoch 993: Train (100%)  Score: 10.5014,  Loss: -0.3077
Epoch 993/1000: Time Est.: Elapsed[8.17h], Remain[3.46m]
=================================================================
Epoch 994: Train (100%)  Score: 10.4371,  Loss: -0.3019
Epoch 994/1000: Time Est.: Elapsed[8.18h], Remain[2.96m]
=================================================================
Epoch 995: Train (100%)  Score: 10.2696,  Loss: -0.3010
Epoch 995/1000: Time Est.: Elapsed[8.19h], Remain[2.47m]
=================================================================
Epoch 996: Train (100%)  Score: 10.1175,  Loss: -0.2989
Epoch 996/1000: Time Est.: Elapsed[8.19h], Remain[1.97m]
=================================================================
Epoch 997: Train (100%)  Score: 10.1370,  Loss: -0.2972
Epoch 997/1000: Time Est.: Elapsed[8.20h], Remain[1.48m]
=================================================================
Epoch 998: Train (100%)  Score: 10.0745,  Loss: -0.2982
Epoch 998/1000: Time Est.: Elapsed[8.21h], Remain[0.99m]
=================================================================
Epoch 999: Train (100%)  Score: 9.6812,  Loss: -0.3029
Epoch 999/1000: Time Est.: Elapsed[8.22h], Remain[0.49m]
=================================================================
Epoch 1000: Train (100%)  Score: 9.9675,  Loss: -0.2959
Epoch 1000/1000: Time Est.: Elapsed[8.23h], Remain[0.00m]
Saving trained_model

================================================================================
>> Finish Train_ALL Training using SlotModel Model ...
================================================================================
