nohup: ignoring input
/root/miniconda3/envs/drp/lib/python3.10/site-packages/torch/__init__.py:1264: UserWarning: torch.set_default_tensor_type() is deprecated as of PyTorch 2.1, please use torch.set_default_dtype() and torch.set_default_device() as alternatives. (Triggered internally at /pytorch/torch/csrc/tensor/python_tensor.cpp:434.)
  _C._set_default_tensor_type(t)
================================================================================
CONFIGURATION:
================================================================================
{'checkpoint': None,
 'decoder_layer_num': 1,
 'denoiser_heads': 4,
 'denoiser_layers': 2,
 'embedding_dim': 128,
 'enable_slot_diffusion': True,
 'enable_slot_reconstruction': False,
 'encoder_layer_num': 6,
 'epochs': 1000,
 'eval_type': 'argmax',
 'expert_loc': ['Enc0', 'Enc1', 'Enc2', 'Enc3', 'Enc4', 'Enc5', 'Dec'],
 'ff_hidden_dim': 512,
 'gamma': 0.1,
 'gpu_id': 0,
 'head_num': 8,
 'lambda_contrastive': 0.01,
 'lambda_diffusion': 0.1,
 'lambda_recon': 0.0,
 'log_dir': './results',
 'logit_clipping': 10,
 'lr': 0.0001,
 'max_timesteps': 1000,
 'milestones': [4501],
 'model_save_interval': 100,
 'model_type': 'SlotDiffModel',
 'no_cuda': False,
 'norm': 'instance',
 'norm_loc': 'norm_last',
 'num_experts': 4,
 'occ_gpu': 0.0,
 'pomo_size': 50,
 'problem': 'Train_ALL',
 'problem_size': 50,
 'qkv_dim': 16,
 'routing_level': 'node',
 'routing_method': 'input_choice',
 'seed': 2023,
 'slot_iter_num': 3,
 'slot_num': 8,
 'sqrt_embedding_dim': 11.313708498984761,
 'topk': 2,
 'train_batch_size': 128,
 'train_episodes': 20000,
 'validation_interval': 5000,
 'weight_decay': 1e-06}
================================================================================

>> DUAL-TASK MODE ENABLED:
   - Nhánh 1 (Policy): VRP Solver
   - Nhánh 2 (Representation): Slot Diffusion
   - Diffusion Timesteps: 1000
   - Denoiser: 2 layers, 4 heads
   - Loss Weights: λ_diffusion=0.1, λ_contrastive=0.01

>> Log Path: ./results/20251128_043017
>> No occupation needed
>> USE_CUDA: True, CUDA_DEVICE_NUM: 0

================================================================================
>> Start Train_ALL Training using SlotDiffModel Model ...
================================================================================

============================================================
LOSS CONFIGURATION:
  - RL Loss: 1.0 (base)
  - Diffusion Loss: 0.1
  - Reconstruction Loss: 0.0
  - Contrastive Loss: 0.01
============================================================
There are 2165386 (2.17 million) parameters in this neural network
=================================================================
Epoch   1: Train (100%)  Score: 14.1952,  Loss: -1.9035
Epoch   1/1000: Time Est.: Elapsed[0.55m], Remain[9.18h]
=================================================================
Epoch   2: Train (100%)  Score: 12.7877,  Loss: -1.7525
Epoch   2/1000: Time Est.: Elapsed[1.02m], Remain[8.44h]
=================================================================
>> Invalid instances, Re-generating ...
Epoch   3: Train (100%)  Score: 12.1067,  Loss: -1.7034
Epoch   3/1000: Time Est.: Elapsed[1.48m], Remain[8.18h]
=================================================================
Epoch   4: Train (100%)  Score: 12.0824,  Loss: -1.7190
Epoch   4/1000: Time Est.: Elapsed[1.94m], Remain[8.07h]
=================================================================
Epoch   5: Train (100%)  Score: 12.1249,  Loss: -1.6754
Epoch   5/1000: Time Est.: Elapsed[2.41m], Remain[7.99h]
=================================================================
Epoch   6: Train (100%)  Score: 11.5666,  Loss: -1.6057
Epoch   6/1000: Time Est.: Elapsed[2.87m], Remain[7.92h]
=================================================================
Epoch   7: Train (100%)  Score: 11.8902,  Loss: -1.5519
Epoch   7/1000: Time Est.: Elapsed[3.30m], Remain[7.79h]
=================================================================
Epoch   8: Train (100%)  Score: 11.8764,  Loss: -1.5187
Epoch   8/1000: Time Est.: Elapsed[3.80m], Remain[7.85h]
=================================================================
Epoch   9: Train (100%)  Score: 11.7318,  Loss: -1.4369
Epoch   9/1000: Time Est.: Elapsed[4.27m], Remain[7.83h]
=================================================================
Epoch  10: Train (100%)  Score: 11.4524,  Loss: -1.3697
Epoch  10/1000: Time Est.: Elapsed[4.73m], Remain[7.81h]
=================================================================
Epoch  11: Train (100%)  Score: 11.8264,  Loss: -1.3038
Epoch  11/1000: Time Est.: Elapsed[5.20m], Remain[7.79h]
=================================================================
Epoch  12: Train (100%)  Score: 11.5828,  Loss: -1.2276
Epoch  12/1000: Time Est.: Elapsed[5.66m], Remain[7.77h]
=================================================================
Epoch  13: Train (100%)  Score: 11.4870,  Loss: -1.1682
Epoch  13/1000: Time Est.: Elapsed[6.12m], Remain[7.75h]
=================================================================
Epoch  14: Train (100%)  Score: 11.3950,  Loss: -1.0821
Epoch  14/1000: Time Est.: Elapsed[6.59m], Remain[7.73h]
=================================================================
Epoch  15: Train (100%)  Score: 11.5112,  Loss: -1.0548
Epoch  15/1000: Time Est.: Elapsed[7.05m], Remain[7.72h]
=================================================================
Epoch  16: Train (100%)  Score: 11.2236,  Loss: -0.9993
Epoch  16/1000: Time Est.: Elapsed[7.51m], Remain[7.70h]
=================================================================
Epoch  17: Train (100%)  Score: 10.9230,  Loss: -0.9635
Epoch  17/1000: Time Est.: Elapsed[7.96m], Remain[7.68h]
=================================================================
Epoch  18: Train (100%)  Score: 11.5491,  Loss: -0.9474
Epoch  18/1000: Time Est.: Elapsed[8.43m], Remain[7.67h]
=================================================================
Epoch  19: Train (100%)  Score: 10.9652,  Loss: -0.8762
Epoch  19/1000: Time Est.: Elapsed[8.89m], Remain[7.65h]
=================================================================
Epoch  20: Train (100%)  Score: 10.7949,  Loss: -0.8629
Epoch  20/1000: Time Est.: Elapsed[9.35m], Remain[7.64h]
=================================================================
Epoch  21: Train (100%)  Score: 10.9361,  Loss: -0.8338
Epoch  21/1000: Time Est.: Elapsed[9.81m], Remain[7.62h]
=================================================================
Epoch  22: Train (100%)  Score: 11.1111,  Loss: -0.8332
Epoch  22/1000: Time Est.: Elapsed[10.27m], Remain[7.61h]
=================================================================
Epoch  23: Train (100%)  Score: 11.1311,  Loss: -0.8143
Epoch  23/1000: Time Est.: Elapsed[10.73m], Remain[7.60h]
=================================================================
Epoch  24: Train (100%)  Score: 10.6361,  Loss: -0.7799
Epoch  24/1000: Time Est.: Elapsed[11.19m], Remain[7.59h]
=================================================================
Epoch  25: Train (100%)  Score: 11.3425,  Loss: -0.7898
Epoch  25/1000: Time Est.: Elapsed[11.65m], Remain[7.58h]
=================================================================
Epoch  26: Train (100%)  Score: 10.8957,  Loss: -0.7793
Epoch  26/1000: Time Est.: Elapsed[11.52m], Remain[7.19h]
=================================================================
Epoch  27: Train (100%)  Score: 10.9985,  Loss: -0.7745
Epoch  27/1000: Time Est.: Elapsed[12.55m], Remain[7.54h]
=================================================================
Epoch  28: Train (100%)  Score: 10.7768,  Loss: -0.7306
Epoch  28/1000: Time Est.: Elapsed[13.02m], Remain[7.53h]
=================================================================
Epoch  29: Train (100%)  Score: 10.7406,  Loss: -0.7278
Epoch  29/1000: Time Est.: Elapsed[13.48m], Remain[7.52h]
=================================================================
Epoch  30: Train (100%)  Score: 10.9365,  Loss: -0.7545
Epoch  30/1000: Time Est.: Elapsed[13.94m], Remain[7.51h]
=================================================================
Epoch  31: Train (100%)  Score: 11.1380,  Loss: -0.7222
Epoch  31/1000: Time Est.: Elapsed[14.40m], Remain[7.50h]
=================================================================
Epoch  32: Train (100%)  Score: 11.2371,  Loss: -0.7290
Epoch  32/1000: Time Est.: Elapsed[14.86m], Remain[7.49h]
=================================================================
Epoch  33: Train (100%)  Score: 11.1202,  Loss: -0.7213
Epoch  33/1000: Time Est.: Elapsed[15.32m], Remain[7.48h]
=================================================================
Epoch  34: Train (100%)  Score: 10.4640,  Loss: -0.6829
Epoch  34/1000: Time Est.: Elapsed[15.77m], Remain[7.47h]
=================================================================
Epoch  35: Train (100%)  Score: 10.5393,  Loss: -0.6836
Epoch  35/1000: Time Est.: Elapsed[16.18m], Remain[7.44h]
=================================================================
Epoch  36: Train (100%)  Score: 10.5829,  Loss: -0.6863
Epoch  36/1000: Time Est.: Elapsed[16.67m], Remain[7.44h]
=================================================================
Epoch  37: Train (100%)  Score: 10.7307,  Loss: -0.6688
Epoch  37/1000: Time Est.: Elapsed[17.14m], Remain[7.43h]
=================================================================
>> Invalid instances, Re-generating ...
Epoch  38: Train (100%)  Score: 10.6898,  Loss: -0.6584
Epoch  38/1000: Time Est.: Elapsed[17.60m], Remain[7.43h]
=================================================================
Epoch  39: Train (100%)  Score: 11.0763,  Loss: -0.6836
Epoch  39/1000: Time Est.: Elapsed[18.06m], Remain[7.42h]
=================================================================
Epoch  40: Train (100%)  Score: 11.0556,  Loss: -0.6539
Epoch  40/1000: Time Est.: Elapsed[18.52m], Remain[7.41h]
=================================================================
Epoch  41: Train (100%)  Score: 10.7852,  Loss: -0.6646
Epoch  41/1000: Time Est.: Elapsed[18.98m], Remain[7.40h]
=================================================================
Epoch  42: Train (100%)  Score: 11.0018,  Loss: -0.6707
Epoch  42/1000: Time Est.: Elapsed[19.44m], Remain[7.39h]
=================================================================
Epoch  43: Train (100%)  Score: 10.6889,  Loss: -0.6481
Epoch  43/1000: Time Est.: Elapsed[19.90m], Remain[7.38h]
=================================================================
Epoch  44: Train (100%)  Score: 10.7695,  Loss: -0.6452
Epoch  44/1000: Time Est.: Elapsed[20.35m], Remain[7.37h]
=================================================================
Epoch  45: Train (100%)  Score: 10.6922,  Loss: -0.6306
Epoch  45/1000: Time Est.: Elapsed[20.81m], Remain[7.36h]
=================================================================
Epoch  46: Train (100%)  Score: 10.6147,  Loss: -0.6252
Epoch  46/1000: Time Est.: Elapsed[21.27m], Remain[7.35h]
=================================================================
Epoch  47: Train (100%)  Score: 10.9482,  Loss: -0.6481
Epoch  47/1000: Time Est.: Elapsed[21.74m], Remain[7.35h]
=================================================================
Epoch  48: Train (100%)  Score: 11.0325,  Loss: -0.6409
Epoch  48/1000: Time Est.: Elapsed[22.20m], Remain[7.34h]
=================================================================
Epoch  49: Train (100%)  Score: 10.5435,  Loss: -0.6231
Epoch  49/1000: Time Est.: Elapsed[22.66m], Remain[7.33h]
=================================================================
Epoch  50: Train (100%)  Score: 10.4452,  Loss: -0.6158
Epoch  50/1000: Time Est.: Elapsed[23.11m], Remain[7.32h]
=================================================================
Epoch  51: Train (100%)  Score: 10.7409,  Loss: -0.6197
Epoch  51/1000: Time Est.: Elapsed[23.57m], Remain[7.31h]
=================================================================
>> Invalid instances, Re-generating ...
Epoch  52: Train (100%)  Score: 10.5253,  Loss: -0.5966
Epoch  52/1000: Time Est.: Elapsed[24.03m], Remain[7.30h]
=================================================================
Epoch  53: Train (100%)  Score: 10.6417,  Loss: -0.6115
Epoch  53/1000: Time Est.: Elapsed[24.48m], Remain[7.29h]
=================================================================
Epoch  54: Train (100%)  Score: 11.0385,  Loss: -0.6184
Epoch  54/1000: Time Est.: Elapsed[24.94m], Remain[7.28h]
=================================================================
Epoch  55: Train (100%)  Score: 10.7555,  Loss: -0.6107
Epoch  55/1000: Time Est.: Elapsed[25.40m], Remain[7.27h]
=================================================================
Epoch  56: Train (100%)  Score: 10.5899,  Loss: -0.5996
Epoch  56/1000: Time Est.: Elapsed[25.87m], Remain[7.27h]
=================================================================
Epoch  57: Train (100%)  Score: 10.8351,  Loss: -0.6021
Epoch  57/1000: Time Est.: Elapsed[26.32m], Remain[7.26h]
=================================================================
Epoch  58: Train (100%)  Score: 10.5593,  Loss: -0.5849
Epoch  58/1000: Time Est.: Elapsed[26.78m], Remain[7.25h]
=================================================================
Epoch  59: Train (100%)  Score: 10.4945,  Loss: -0.5820
Epoch  59/1000: Time Est.: Elapsed[27.23m], Remain[7.24h]
=================================================================
Epoch  60: Train (100%)  Score: 10.4231,  Loss: -0.5741
Epoch  60/1000: Time Est.: Elapsed[27.10m], Remain[7.08h]
=================================================================
Epoch  61: Train (100%)  Score: 10.2676,  Loss: -0.5763
Epoch  61/1000: Time Est.: Elapsed[28.14m], Remain[7.22h]
=================================================================
Epoch  62: Train (100%)  Score: 10.5755,  Loss: -0.5778
Epoch  62/1000: Time Est.: Elapsed[28.01m], Remain[7.06h]
=================================================================
Epoch  63: Train (100%)  Score: 10.6386,  Loss: -0.5903
Epoch  63/1000: Time Est.: Elapsed[29.04m], Remain[7.20h]
=================================================================
Epoch  64: Train (100%)  Score: 10.6256,  Loss: -0.5862
Epoch  64/1000: Time Est.: Elapsed[29.51m], Remain[7.19h]
=================================================================
Epoch  65: Train (100%)  Score: 10.8620,  Loss: -0.5702
Epoch  65/1000: Time Est.: Elapsed[29.97m], Remain[7.19h]
=================================================================
Epoch  66: Train (100%)  Score: 10.4886,  Loss: -0.5788
Epoch  66/1000: Time Est.: Elapsed[30.43m], Remain[7.18h]
=================================================================
Epoch  67: Train (100%)  Score: 10.6621,  Loss: -0.5838
Epoch  67/1000: Time Est.: Elapsed[30.89m], Remain[7.17h]
=================================================================
Epoch  68: Train (100%)  Score: 10.3659,  Loss: -0.5636
Epoch  68/1000: Time Est.: Elapsed[31.34m], Remain[7.16h]
=================================================================
Epoch  69: Train (100%)  Score: 10.8202,  Loss: -0.5735
Epoch  69/1000: Time Est.: Elapsed[31.80m], Remain[7.15h]
=================================================================
Epoch  70: Train (100%)  Score: 10.5320,  Loss: -0.5672
Epoch  70/1000: Time Est.: Elapsed[32.26m], Remain[7.14h]
=================================================================
Epoch  71: Train (100%)  Score: 10.4037,  Loss: -0.5543
Epoch  71/1000: Time Est.: Elapsed[32.68m], Remain[7.13h]
=================================================================
Epoch  72: Train (100%)  Score: 10.4398,  Loss: -0.5478
Epoch  72/1000: Time Est.: Elapsed[33.14m], Remain[7.12h]
=================================================================
Epoch  73: Train (100%)  Score: 10.7921,  Loss: -0.5712
Epoch  73/1000: Time Est.: Elapsed[33.64m], Remain[7.12h]
=================================================================
Epoch  74: Train (100%)  Score: 10.5845,  Loss: -0.5621
Epoch  74/1000: Time Est.: Elapsed[34.10m], Remain[7.11h]
=================================================================
Epoch  75: Train (100%)  Score: 10.6403,  Loss: -0.5560
Epoch  75/1000: Time Est.: Elapsed[34.56m], Remain[7.10h]
=================================================================
Epoch  76: Train (100%)  Score: 10.9028,  Loss: -0.5518
Epoch  76/1000: Time Est.: Elapsed[35.03m], Remain[7.10h]
=================================================================
Epoch  77: Train (100%)  Score: 10.4906,  Loss: -0.5591
Epoch  77/1000: Time Est.: Elapsed[35.48m], Remain[7.09h]
=================================================================
Epoch  78: Train (100%)  Score: 10.0110,  Loss: -0.5353
Epoch  78/1000: Time Est.: Elapsed[35.94m], Remain[7.08h]
=================================================================
Epoch  79: Train (100%)  Score: 10.9606,  Loss: -0.5618
Epoch  79/1000: Time Est.: Elapsed[36.39m], Remain[7.07h]
=================================================================
Epoch  80: Train (100%)  Score: 11.2630,  Loss: -0.5531
Epoch  80/1000: Time Est.: Elapsed[36.85m], Remain[7.06h]
=================================================================
Epoch  81: Train (100%)  Score: 10.4312,  Loss: -0.5355
Epoch  81/1000: Time Est.: Elapsed[37.28m], Remain[7.05h]
=================================================================
Epoch  82: Train (100%)  Score: 10.6002,  Loss: -0.5388
Epoch  82/1000: Time Est.: Elapsed[37.77m], Remain[7.05h]
=================================================================
Epoch  83: Train (100%)  Score: 10.4937,  Loss: -0.5338
Epoch  83/1000: Time Est.: Elapsed[38.23m], Remain[7.04h]
=================================================================
Epoch  84: Train (100%)  Score: 10.6241,  Loss: -0.5427
Epoch  84/1000: Time Est.: Elapsed[38.69m], Remain[7.03h]
=================================================================
Epoch  85: Train (100%)  Score: 10.8444,  Loss: -0.5410
Epoch  85/1000: Time Est.: Elapsed[39.15m], Remain[7.02h]
=================================================================
Epoch  86: Train (100%)  Score: 10.4631,  Loss: -0.5445
Epoch  86/1000: Time Est.: Elapsed[39.61m], Remain[7.02h]
=================================================================
Epoch  87: Train (100%)  Score: 10.6821,  Loss: -0.5340
Epoch  87/1000: Time Est.: Elapsed[40.07m], Remain[7.01h]
=================================================================
Epoch  88: Train (100%)  Score: 10.5031,  Loss: -0.5300
Epoch  88/1000: Time Est.: Elapsed[40.52m], Remain[7.00h]
=================================================================
Epoch  89: Train (100%)  Score: 10.7144,  Loss: -0.5402
Epoch  89/1000: Time Est.: Elapsed[40.98m], Remain[6.99h]
=================================================================
Epoch  90: Train (100%)  Score: 10.5118,  Loss: -0.5275
Epoch  90/1000: Time Est.: Elapsed[41.43m], Remain[6.98h]
=================================================================
Epoch  91: Train (100%)  Score: 10.6497,  Loss: -0.5365
Epoch  91/1000: Time Est.: Elapsed[41.90m], Remain[6.97h]
=================================================================
Epoch  92: Train (100%)  Score: 10.3497,  Loss: -0.5244
Epoch  92/1000: Time Est.: Elapsed[42.35m], Remain[6.97h]
=================================================================
Epoch  93: Train (100%)  Score: 10.5569,  Loss: -0.5332
Epoch  93/1000: Time Est.: Elapsed[42.82m], Remain[6.96h]
=================================================================
Epoch  94: Train (100%)  Score: 10.5735,  Loss: -0.5209
Epoch  94/1000: Time Est.: Elapsed[43.27m], Remain[6.95h]
=================================================================
Epoch  95: Train (100%)  Score: 10.2979,  Loss: -0.5159
Epoch  95/1000: Time Est.: Elapsed[43.73m], Remain[6.94h]
=================================================================
Epoch  96: Train (100%)  Score: 10.5610,  Loss: -0.5149
Epoch  96/1000: Time Est.: Elapsed[44.19m], Remain[6.94h]
=================================================================
Epoch  97: Train (100%)  Score: 10.3686,  Loss: -0.5159
Epoch  97/1000: Time Est.: Elapsed[44.64m], Remain[6.93h]
=================================================================
Epoch  98: Train (100%)  Score: 10.5718,  Loss: -0.5077
Epoch  98/1000: Time Est.: Elapsed[45.10m], Remain[6.92h]
=================================================================
Epoch  99: Train (100%)  Score: 10.8914,  Loss: -0.5159
Epoch  99/1000: Time Est.: Elapsed[45.55m], Remain[6.91h]
=================================================================
Epoch 100: Train (100%)  Score: 10.7833,  Loss: -0.5233
Epoch 100/1000: Time Est.: Elapsed[46.02m], Remain[6.90h]
Saving trained_model
=================================================================
Epoch 101: Train (100%)  Score: 10.7132,  Loss: -0.5110
Epoch 101/1000: Time Est.: Elapsed[46.49m], Remain[6.90h]
=================================================================
Epoch 102: Train (100%)  Score: 10.4001,  Loss: -0.5221
Epoch 102/1000: Time Est.: Elapsed[46.94m], Remain[6.89h]
=================================================================
Epoch 103: Train (100%)  Score: 10.5961,  Loss: -0.5176
Epoch 103/1000: Time Est.: Elapsed[47.40m], Remain[6.88h]
=================================================================
Epoch 104: Train (100%)  Score: 10.3410,  Loss: -0.5030
Epoch 104/1000: Time Est.: Elapsed[47.86m], Remain[6.87h]
=================================================================
Epoch 105: Train (100%)  Score: 10.5109,  Loss: -0.5081
Epoch 105/1000: Time Est.: Elapsed[48.32m], Remain[6.86h]
=================================================================
Epoch 106: Train (100%)  Score: 10.4992,  Loss: -0.5107
Epoch 106/1000: Time Est.: Elapsed[48.78m], Remain[6.86h]
=================================================================
Epoch 107: Train (100%)  Score: 10.2358,  Loss: -0.5080
Epoch 107/1000: Time Est.: Elapsed[48.64m], Remain[6.77h]
=================================================================
Epoch 108: Train (100%)  Score: 10.9597,  Loss: -0.5114
Epoch 108/1000: Time Est.: Elapsed[49.68m], Remain[6.84h]
=================================================================
Epoch 109: Train (100%)  Score: 10.4548,  Loss: -0.5080
Epoch 109/1000: Time Est.: Elapsed[50.15m], Remain[6.83h]
=================================================================
Epoch 110: Train (100%)  Score: 10.7478,  Loss: -0.5004
Epoch 110/1000: Time Est.: Elapsed[50.61m], Remain[6.82h]
=================================================================
Epoch 111: Train (100%)  Score: 10.6181,  Loss: -0.5027
Epoch 111/1000: Time Est.: Elapsed[51.07m], Remain[6.82h]
=================================================================
Epoch 112: Train (100%)  Score: 10.5407,  Loss: -0.5134
Epoch 112/1000: Time Est.: Elapsed[51.52m], Remain[6.81h]
=================================================================
Epoch 113: Train (100%)  Score: 10.3549,  Loss: -0.4916
Epoch 113/1000: Time Est.: Elapsed[51.98m], Remain[6.80h]
=================================================================
Epoch 114: Train (100%)  Score: 10.1033,  Loss: -0.4739
Epoch 114/1000: Time Est.: Elapsed[52.44m], Remain[6.79h]
=================================================================
Epoch 115: Train (100%)  Score: 10.5913,  Loss: -0.4976
Epoch 115/1000: Time Est.: Elapsed[52.90m], Remain[6.79h]
=================================================================
Epoch 116: Train (100%)  Score: 10.3576,  Loss: -0.5002
Epoch 116/1000: Time Est.: Elapsed[53.36m], Remain[6.78h]
=================================================================
Epoch 117: Train (100%)  Score: 10.2011,  Loss: -0.4900
Epoch 117/1000: Time Est.: Elapsed[53.80m], Remain[6.77h]
=================================================================
Epoch 118: Train (100%)  Score: 10.6961,  Loss: -0.4909
Epoch 118/1000: Time Est.: Elapsed[54.24m], Remain[6.76h]
=================================================================
Epoch 119: Train (100%)  Score: 10.9460,  Loss: -0.4929
Epoch 119/1000: Time Est.: Elapsed[54.71m], Remain[6.75h]
=================================================================
Epoch 120: Train (100%)  Score: 10.4212,  Loss: -0.4866
Epoch 120/1000: Time Est.: Elapsed[55.19m], Remain[6.75h]
=================================================================
Epoch 121: Train (100%)  Score: 10.7252,  Loss: -0.4977
Epoch 121/1000: Time Est.: Elapsed[55.64m], Remain[6.74h]
=================================================================
Epoch 122: Train (100%)  Score: 10.6517,  Loss: -0.4879
Epoch 122/1000: Time Est.: Elapsed[56.10m], Remain[6.73h]
=================================================================
Epoch 123: Train (100%)  Score: 10.3395,  Loss: -0.4875
Epoch 123/1000: Time Est.: Elapsed[56.56m], Remain[6.72h]
=================================================================
Epoch 124: Train (100%)  Score: 10.6477,  Loss: -0.4819
Epoch 124/1000: Time Est.: Elapsed[57.02m], Remain[6.71h]
=================================================================
Epoch 125: Train (100%)  Score: 10.6939,  Loss: -0.4863
Epoch 125/1000: Time Est.: Elapsed[57.46m], Remain[6.70h]
=================================================================
Epoch 126: Train (100%)  Score: 10.7401,  Loss: -0.4808
Epoch 126/1000: Time Est.: Elapsed[57.93m], Remain[6.70h]
=================================================================
Epoch 127: Train (100%)  Score: 10.6477,  Loss: -0.4839
Epoch 127/1000: Time Est.: Elapsed[58.40m], Remain[6.69h]
=================================================================
Epoch 128: Train (100%)  Score: 10.2387,  Loss: -0.4690
Epoch 128/1000: Time Est.: Elapsed[58.86m], Remain[6.68h]
=================================================================
Epoch 129: Train (100%)  Score: 10.2932,  Loss: -0.4746
Epoch 129/1000: Time Est.: Elapsed[59.31m], Remain[6.67h]
=================================================================
Epoch 130: Train (100%)  Score: 10.6522,  Loss: -0.4786
Epoch 130/1000: Time Est.: Elapsed[59.77m], Remain[6.67h]
=================================================================
Epoch 131: Train (100%)  Score: 10.7053,  Loss: -0.4780
Epoch 131/1000: Time Est.: Elapsed[1.00h], Remain[6.66h]
=================================================================
Epoch 132: Train (100%)  Score: 10.4161,  Loss: -0.4799
Epoch 132/1000: Time Est.: Elapsed[1.01h], Remain[6.65h]
=================================================================
Epoch 133: Train (100%)  Score: 10.7083,  Loss: -0.4735
Epoch 133/1000: Time Est.: Elapsed[1.02h], Remain[6.64h]
=================================================================
Epoch 134: Train (100%)  Score: 10.9340,  Loss: -0.4805
Epoch 134/1000: Time Est.: Elapsed[1.03h], Remain[6.63h]
=================================================================
Epoch 135: Train (100%)  Score: 10.2398,  Loss: -0.4583
Epoch 135/1000: Time Est.: Elapsed[1.03h], Remain[6.63h]
=================================================================
Epoch 136: Train (100%)  Score: 10.1753,  Loss: -0.4538
Epoch 136/1000: Time Est.: Elapsed[1.04h], Remain[6.62h]
=================================================================
Epoch 137: Train (100%)  Score: 10.2535,  Loss: -0.4730
Epoch 137/1000: Time Est.: Elapsed[1.05h], Remain[6.61h]
=================================================================
Epoch 138: Train (100%)  Score: 10.6650,  Loss: -0.4685
Epoch 138/1000: Time Est.: Elapsed[1.06h], Remain[6.60h]
=================================================================
Epoch 139: Train (100%)  Score: 10.4719,  Loss: -0.4642
Epoch 139/1000: Time Est.: Elapsed[1.06h], Remain[6.59h]
=================================================================
Epoch 140: Train (100%)  Score: 10.7168,  Loss: -0.4749
Epoch 140/1000: Time Est.: Elapsed[1.07h], Remain[6.59h]
=================================================================
Epoch 141: Train (100%)  Score: 10.3354,  Loss: -0.4813
Epoch 141/1000: Time Est.: Elapsed[1.08h], Remain[6.58h]
=================================================================
Epoch 142: Train (100%)  Score: 10.4691,  Loss: -0.4645
Epoch 142/1000: Time Est.: Elapsed[1.09h], Remain[6.57h]
=================================================================
Epoch 143: Train (100%)  Score: 9.8856,  Loss: -0.4553
Epoch 143/1000: Time Est.: Elapsed[1.09h], Remain[6.56h]
=================================================================
Epoch 144: Train (100%)  Score: 10.2926,  Loss: -0.4636
Epoch 144/1000: Time Est.: Elapsed[1.10h], Remain[6.55h]
=================================================================
Epoch 145: Train (100%)  Score: 10.3692,  Loss: -0.4562
Epoch 145/1000: Time Est.: Elapsed[1.11h], Remain[6.55h]
=================================================================
Epoch 146: Train (100%)  Score: 10.4793,  Loss: -0.4654
Epoch 146/1000: Time Est.: Elapsed[1.12h], Remain[6.54h]
=================================================================
Epoch 147: Train (100%)  Score: 10.4073,  Loss: -0.4679
Epoch 147/1000: Time Est.: Elapsed[1.13h], Remain[6.53h]
=================================================================
Epoch 148: Train (100%)  Score: 10.7332,  Loss: -0.4730
Epoch 148/1000: Time Est.: Elapsed[1.13h], Remain[6.52h]
=================================================================
Epoch 149: Train (100%)  Score: 10.1548,  Loss: -0.4541
Epoch 149/1000: Time Est.: Elapsed[1.14h], Remain[6.52h]
=================================================================
Epoch 150: Train (100%)  Score: 10.2620,  Loss: -0.4631
Epoch 150/1000: Time Est.: Elapsed[1.15h], Remain[6.51h]
=================================================================
Epoch 151: Train (100%)  Score: 10.4373,  Loss: -0.4659
Epoch 151/1000: Time Est.: Elapsed[1.16h], Remain[6.50h]
=================================================================
Epoch 152: Train (100%)  Score: 10.1051,  Loss: -0.4637
Epoch 152/1000: Time Est.: Elapsed[1.16h], Remain[6.49h]
=================================================================
Epoch 153: Train (100%)  Score: 10.5075,  Loss: -0.4589
Epoch 153/1000: Time Est.: Elapsed[1.17h], Remain[6.48h]
=================================================================
Epoch 154: Train (100%)  Score: 10.2253,  Loss: -0.4595
Epoch 154/1000: Time Est.: Elapsed[1.18h], Remain[6.48h]
=================================================================
Epoch 155: Train (100%)  Score: 10.5550,  Loss: -0.4551
Epoch 155/1000: Time Est.: Elapsed[1.19h], Remain[6.47h]
=================================================================
Epoch 156: Train (100%)  Score: 10.7436,  Loss: -0.4517
Epoch 156/1000: Time Est.: Elapsed[1.19h], Remain[6.46h]
=================================================================
Epoch 157: Train (100%)  Score: 10.2354,  Loss: -0.4447
Epoch 157/1000: Time Est.: Elapsed[1.20h], Remain[6.45h]
=================================================================
Epoch 158: Train (100%)  Score: 10.2368,  Loss: -0.4453
Epoch 158/1000: Time Est.: Elapsed[1.21h], Remain[6.44h]
=================================================================
Epoch 159: Train (100%)  Score: 10.1246,  Loss: -0.4533
Epoch 159/1000: Time Est.: Elapsed[1.22h], Remain[6.44h]
=================================================================
Epoch 160: Train (100%)  Score: 10.6616,  Loss: -0.4655
Epoch 160/1000: Time Est.: Elapsed[1.22h], Remain[6.43h]
=================================================================
Epoch 161: Train (100%)  Score: 10.1447,  Loss: -0.4497
Epoch 161/1000: Time Est.: Elapsed[1.23h], Remain[6.42h]
=================================================================
Epoch 162: Train (100%)  Score: 10.1371,  Loss: -0.4379
Epoch 162/1000: Time Est.: Elapsed[1.24h], Remain[6.41h]
=================================================================
Epoch 163: Train (100%)  Score: 10.3003,  Loss: -0.4450
Epoch 163/1000: Time Est.: Elapsed[1.25h], Remain[6.40h]
=================================================================
Epoch 164: Train (100%)  Score: 10.4595,  Loss: -0.4476
Epoch 164/1000: Time Est.: Elapsed[1.25h], Remain[6.40h]
=================================================================
Epoch 165: Train (100%)  Score: 10.3446,  Loss: -0.4456
Epoch 165/1000: Time Est.: Elapsed[1.26h], Remain[6.39h]
=================================================================
Epoch 166: Train (100%)  Score: 10.3867,  Loss: -0.4500
Epoch 166/1000: Time Est.: Elapsed[1.27h], Remain[6.38h]
=================================================================
Epoch 167: Train (100%)  Score: 10.3081,  Loss: -0.4402
Epoch 167/1000: Time Est.: Elapsed[1.28h], Remain[6.37h]
=================================================================
>> Invalid instances, Re-generating ...
Epoch 168: Train (100%)  Score: 10.7481,  Loss: -0.4388
Epoch 168/1000: Time Est.: Elapsed[1.29h], Remain[6.36h]
=================================================================
Epoch 169: Train (100%)  Score: 10.2722,  Loss: -0.4347
Epoch 169/1000: Time Est.: Elapsed[1.29h], Remain[6.36h]
=================================================================
Epoch 170: Train (100%)  Score: 10.3840,  Loss: -0.4271
Epoch 170/1000: Time Est.: Elapsed[1.30h], Remain[6.35h]
=================================================================
Epoch 171: Train (100%)  Score: 10.5694,  Loss: -0.4463
Epoch 171/1000: Time Est.: Elapsed[1.31h], Remain[6.34h]
=================================================================
Epoch 172: Train (100%)  Score: 10.4475,  Loss: -0.4309
Epoch 172/1000: Time Est.: Elapsed[1.32h], Remain[6.33h]
=================================================================
Epoch 173: Train (100%)  Score: 10.2255,  Loss: -0.4357
Epoch 173/1000: Time Est.: Elapsed[1.32h], Remain[6.33h]
=================================================================
Epoch 174: Train (100%)  Score: 10.1491,  Loss: -0.4308
Epoch 174/1000: Time Est.: Elapsed[1.33h], Remain[6.32h]
=================================================================
Epoch 175: Train (100%)  Score: 10.3789,  Loss: -0.4374
Epoch 175/1000: Time Est.: Elapsed[1.34h], Remain[6.31h]
=================================================================
Epoch 176: Train (100%)  Score: 10.2578,  Loss: -0.4239
Epoch 176/1000: Time Est.: Elapsed[1.35h], Remain[6.30h]
=================================================================
>> Invalid instances, Re-generating ...
Epoch 177: Train (100%)  Score: 10.5638,  Loss: -0.4487
Epoch 177/1000: Time Est.: Elapsed[1.35h], Remain[6.29h]
=================================================================
Epoch 178: Train (100%)  Score: 10.2685,  Loss: -0.4324
Epoch 178/1000: Time Est.: Elapsed[1.36h], Remain[6.29h]
=================================================================
Epoch 179: Train (100%)  Score: 10.3420,  Loss: -0.4356
Epoch 179/1000: Time Est.: Elapsed[1.37h], Remain[6.28h]
=================================================================
Epoch 180: Train (100%)  Score: 10.1000,  Loss: -0.4242
Epoch 180/1000: Time Est.: Elapsed[1.38h], Remain[6.27h]
=================================================================
Epoch 181: Train (100%)  Score: 10.3198,  Loss: -0.4240
Epoch 181/1000: Time Est.: Elapsed[1.38h], Remain[6.26h]
=================================================================
Epoch 182: Train (100%)  Score: 10.7046,  Loss: -0.4438
Epoch 182/1000: Time Est.: Elapsed[1.39h], Remain[6.26h]
=================================================================
Epoch 183: Train (100%)  Score: 10.5538,  Loss: -0.4240
Epoch 183/1000: Time Est.: Elapsed[1.40h], Remain[6.25h]
=================================================================
Epoch 184: Train (100%)  Score: 10.1106,  Loss: -0.4137
Epoch 184/1000: Time Est.: Elapsed[1.41h], Remain[6.25h]
=================================================================
Epoch 185: Train (100%)  Score: 10.0063,  Loss: -0.4334
Epoch 185/1000: Time Est.: Elapsed[1.42h], Remain[6.24h]
=================================================================
Epoch 186: Train (100%)  Score: 10.4519,  Loss: -0.4266
Epoch 186/1000: Time Est.: Elapsed[1.42h], Remain[6.23h]
=================================================================
Epoch 187: Train (100%)  Score: 10.2033,  Loss: -0.4211
Epoch 187/1000: Time Est.: Elapsed[1.43h], Remain[6.22h]
=================================================================
Epoch 188: Train (100%)  Score: 10.4140,  Loss: -0.4275
Epoch 188/1000: Time Est.: Elapsed[1.44h], Remain[6.21h]
=================================================================
Epoch 189: Train (100%)  Score: 10.4215,  Loss: -0.4301
Epoch 189/1000: Time Est.: Elapsed[1.45h], Remain[6.20h]
=================================================================
Epoch 190: Train (100%)  Score: 10.6666,  Loss: -0.4270
Epoch 190/1000: Time Est.: Elapsed[1.45h], Remain[6.20h]
=================================================================
Epoch 191: Train (100%)  Score: 10.2523,  Loss: -0.4280
Epoch 191/1000: Time Est.: Elapsed[1.46h], Remain[6.19h]
=================================================================
Epoch 192: Train (100%)  Score: 10.3714,  Loss: -0.4184
Epoch 192/1000: Time Est.: Elapsed[1.47h], Remain[6.18h]
=================================================================
Epoch 193: Train (100%)  Score: 10.2707,  Loss: -0.4176
Epoch 193/1000: Time Est.: Elapsed[1.48h], Remain[6.17h]
=================================================================
Epoch 194: Train (100%)  Score: 10.5172,  Loss: -0.4218
Epoch 194/1000: Time Est.: Elapsed[1.48h], Remain[6.17h]
=================================================================
Epoch 195: Train (100%)  Score: 10.5314,  Loss: -0.4324
Epoch 195/1000: Time Est.: Elapsed[1.48h], Remain[6.12h]
=================================================================
Epoch 196: Train (100%)  Score: 10.3809,  Loss: -0.4231
Epoch 196/1000: Time Est.: Elapsed[1.50h], Remain[6.15h]
=================================================================
Epoch 197: Train (100%)  Score: 10.7355,  Loss: -0.4161
Epoch 197/1000: Time Est.: Elapsed[1.51h], Remain[6.14h]
=================================================================
Epoch 198: Train (100%)  Score: 10.0813,  Loss: -0.4214
Epoch 198/1000: Time Est.: Elapsed[1.51h], Remain[6.13h]
=================================================================
Epoch 199: Train (100%)  Score: 10.5570,  Loss: -0.4150
Epoch 199/1000: Time Est.: Elapsed[1.52h], Remain[6.13h]
=================================================================
Epoch 200: Train (100%)  Score: 10.4747,  Loss: -0.4228
Epoch 200/1000: Time Est.: Elapsed[1.53h], Remain[6.12h]
Saving trained_model
=================================================================
Epoch 201: Train (100%)  Score: 10.0032,  Loss: -0.4106
Epoch 201/1000: Time Est.: Elapsed[1.54h], Remain[6.11h]
=================================================================
Epoch 202: Train (100%)  Score: 10.0276,  Loss: -0.4196
Epoch 202/1000: Time Est.: Elapsed[1.54h], Remain[6.10h]
=================================================================
Epoch 203: Train (100%)  Score: 10.2002,  Loss: -0.4246
Epoch 203/1000: Time Est.: Elapsed[1.55h], Remain[6.09h]
=================================================================
Epoch 204: Train (100%)  Score: 10.8790,  Loss: -0.4203
Epoch 204/1000: Time Est.: Elapsed[1.56h], Remain[6.09h]
=================================================================
Epoch 205: Train (100%)  Score: 10.5731,  Loss: -0.4265
Epoch 205/1000: Time Est.: Elapsed[1.57h], Remain[6.08h]
=================================================================
Epoch 206: Train (100%)  Score: 10.4153,  Loss: -0.4250
Epoch 206/1000: Time Est.: Elapsed[1.58h], Remain[6.07h]
=================================================================
Epoch 207: Train (100%)  Score: 10.5135,  Loss: -0.4155
Epoch 207/1000: Time Est.: Elapsed[1.58h], Remain[6.06h]
=================================================================
Epoch 208: Train (100%)  Score: 10.4357,  Loss: -0.4185
Epoch 208/1000: Time Est.: Elapsed[1.59h], Remain[6.06h]
=================================================================
Epoch 209: Train (100%)  Score: 10.2892,  Loss: -0.4179
Epoch 209/1000: Time Est.: Elapsed[1.60h], Remain[6.05h]
=================================================================
Epoch 210: Train (100%)  Score: 10.2753,  Loss: -0.4139
Epoch 210/1000: Time Est.: Elapsed[1.61h], Remain[6.04h]
=================================================================
Epoch 211: Train (100%)  Score: 10.3559,  Loss: -0.4145
Epoch 211/1000: Time Est.: Elapsed[1.61h], Remain[6.03h]
=================================================================
Epoch 212: Train (100%)  Score: 10.7000,  Loss: -0.4218
Epoch 212/1000: Time Est.: Elapsed[1.62h], Remain[6.02h]
=================================================================
Epoch 213: Train (100%)  Score: 10.3024,  Loss: -0.4048
Epoch 213/1000: Time Est.: Elapsed[1.63h], Remain[6.02h]
=================================================================
Epoch 214: Train (100%)  Score: 10.5220,  Loss: -0.4094
Epoch 214/1000: Time Est.: Elapsed[1.64h], Remain[6.01h]
=================================================================
Epoch 215: Train (100%)  Score: 10.2872,  Loss: -0.4102
Epoch 215/1000: Time Est.: Elapsed[1.64h], Remain[6.00h]
=================================================================
Epoch 216: Train (100%)  Score: 10.1863,  Loss: -0.4105
Epoch 216/1000: Time Est.: Elapsed[1.65h], Remain[5.99h]
=================================================================
Epoch 217: Train (100%)  Score: 10.5811,  Loss: -0.4066
Epoch 217/1000: Time Est.: Elapsed[1.66h], Remain[5.98h]
=================================================================
Epoch 218: Train (100%)  Score: 10.1545,  Loss: -0.4069
Epoch 218/1000: Time Est.: Elapsed[1.67h], Remain[5.98h]
=================================================================
Epoch 219: Train (100%)  Score: 10.5907,  Loss: -0.4101
Epoch 219/1000: Time Est.: Elapsed[1.67h], Remain[5.97h]
=================================================================
Epoch 220: Train (100%)  Score: 10.2703,  Loss: -0.4056
Epoch 220/1000: Time Est.: Elapsed[1.68h], Remain[5.96h]
=================================================================
Epoch 221: Train (100%)  Score: 10.4070,  Loss: -0.4067
Epoch 221/1000: Time Est.: Elapsed[1.69h], Remain[5.95h]
=================================================================
Epoch 222: Train (100%)  Score: 10.4892,  Loss: -0.4111
Epoch 222/1000: Time Est.: Elapsed[1.70h], Remain[5.95h]
=================================================================
Epoch 223: Train (100%)  Score: 10.3153,  Loss: -0.4083
Epoch 223/1000: Time Est.: Elapsed[1.70h], Remain[5.94h]
=================================================================
Epoch 224: Train (100%)  Score: 10.3452,  Loss: -0.4085
Epoch 224/1000: Time Est.: Elapsed[1.71h], Remain[5.93h]
=================================================================
Epoch 225: Train (100%)  Score: 10.2780,  Loss: -0.4029
Epoch 225/1000: Time Est.: Elapsed[1.72h], Remain[5.92h]
=================================================================
Epoch 226: Train (100%)  Score: 10.4311,  Loss: -0.4031
Epoch 226/1000: Time Est.: Elapsed[1.73h], Remain[5.92h]
=================================================================
Epoch 227: Train (100%)  Score: 10.3136,  Loss: -0.4047
Epoch 227/1000: Time Est.: Elapsed[1.73h], Remain[5.91h]
=================================================================
Epoch 228: Train (100%)  Score: 10.3144,  Loss: -0.4070
Epoch 228/1000: Time Est.: Elapsed[1.74h], Remain[5.90h]
=================================================================
Epoch 229: Train (100%)  Score: 10.1046,  Loss: -0.4001
Epoch 229/1000: Time Est.: Elapsed[1.75h], Remain[5.89h]
=================================================================
Epoch 230: Train (100%)  Score: 10.2348,  Loss: -0.4025
Epoch 230/1000: Time Est.: Elapsed[1.76h], Remain[5.88h]
=================================================================
Epoch 231: Train (100%)  Score: 10.4855,  Loss: -0.4043
Epoch 231/1000: Time Est.: Elapsed[1.76h], Remain[5.88h]
=================================================================
Epoch 232: Train (100%)  Score: 10.6774,  Loss: -0.4084
Epoch 232/1000: Time Est.: Elapsed[1.77h], Remain[5.87h]
=================================================================
Epoch 233: Train (100%)  Score: 10.1283,  Loss: -0.4061
Epoch 233/1000: Time Est.: Elapsed[1.78h], Remain[5.86h]
=================================================================
Epoch 234: Train (100%)  Score: 10.4319,  Loss: -0.3976
Epoch 234/1000: Time Est.: Elapsed[1.79h], Remain[5.85h]
=================================================================
Epoch 235: Train (100%)  Score: 10.3326,  Loss: -0.4104
Epoch 235/1000: Time Est.: Elapsed[1.80h], Remain[5.84h]
=================================================================
Epoch 236: Train (100%)  Score: 10.8591,  Loss: -0.4099
Epoch 236/1000: Time Est.: Elapsed[1.80h], Remain[5.84h]
=================================================================
Epoch 237: Train (100%)  Score: 10.2037,  Loss: -0.4110
Epoch 237/1000: Time Est.: Elapsed[1.81h], Remain[5.83h]
=================================================================
Epoch 238: Train (100%)  Score: 10.3499,  Loss: -0.3967
Epoch 238/1000: Time Est.: Elapsed[1.82h], Remain[5.82h]
=================================================================
Epoch 239: Train (100%)  Score: 9.8893,  Loss: -0.4032
Epoch 239/1000: Time Est.: Elapsed[1.83h], Remain[5.81h]
=================================================================
Epoch 240: Train (100%)  Score: 10.3426,  Loss: -0.3951
Epoch 240/1000: Time Est.: Elapsed[1.83h], Remain[5.81h]
=================================================================
Epoch 241: Train (100%)  Score: 10.5408,  Loss: -0.4083
Epoch 241/1000: Time Est.: Elapsed[1.84h], Remain[5.80h]
=================================================================
Epoch 242: Train (100%)  Score: 10.5007,  Loss: -0.4047
Epoch 242/1000: Time Est.: Elapsed[1.85h], Remain[5.79h]
=================================================================
Epoch 243: Train (100%)  Score: 10.2850,  Loss: -0.3975
Epoch 243/1000: Time Est.: Elapsed[1.86h], Remain[5.78h]
=================================================================
Epoch 244: Train (100%)  Score: 10.3383,  Loss: -0.3974
Epoch 244/1000: Time Est.: Elapsed[1.86h], Remain[5.77h]
=================================================================
Epoch 245: Train (100%)  Score: 10.1899,  Loss: -0.3886
Epoch 245/1000: Time Est.: Elapsed[1.87h], Remain[5.77h]
=================================================================
Epoch 246: Train (100%)  Score: 10.8017,  Loss: -0.3982
Epoch 246/1000: Time Est.: Elapsed[1.88h], Remain[5.76h]
=================================================================
Epoch 247: Train (100%)  Score: 10.1058,  Loss: -0.3998
Epoch 247/1000: Time Est.: Elapsed[1.89h], Remain[5.75h]
=================================================================
Epoch 248: Train (100%)  Score: 10.2345,  Loss: -0.3914
Epoch 248/1000: Time Est.: Elapsed[1.89h], Remain[5.74h]
=================================================================
Epoch 249: Train (100%)  Score: 10.2646,  Loss: -0.3971
Epoch 249/1000: Time Est.: Elapsed[1.90h], Remain[5.74h]
=================================================================
Epoch 250: Train (100%)  Score: 10.3929,  Loss: -0.4039
Epoch 250/1000: Time Est.: Elapsed[1.91h], Remain[5.73h]
=================================================================
Epoch 251: Train (100%)  Score: 10.1104,  Loss: -0.3948
Epoch 251/1000: Time Est.: Elapsed[1.92h], Remain[5.72h]
=================================================================
Epoch 252: Train (100%)  Score: 10.4368,  Loss: -0.3911
Epoch 252/1000: Time Est.: Elapsed[1.92h], Remain[5.71h]
=================================================================
Epoch 253: Train (100%)  Score: 10.3988,  Loss: -0.3971
Epoch 253/1000: Time Est.: Elapsed[1.93h], Remain[5.70h]
=================================================================
Epoch 254: Train (100%)  Score: 10.4378,  Loss: -0.3886
Epoch 254/1000: Time Est.: Elapsed[1.94h], Remain[5.70h]
=================================================================
Epoch 255: Train (100%)  Score: 10.8617,  Loss: -0.4004
Epoch 255/1000: Time Est.: Elapsed[1.94h], Remain[5.66h]
=================================================================
Epoch 256: Train (100%)  Score: 10.5998,  Loss: -0.3937
Epoch 256/1000: Time Est.: Elapsed[1.96h], Remain[5.68h]
=================================================================
Epoch 257: Train (100%)  Score: 10.1528,  Loss: -0.3847
Epoch 257/1000: Time Est.: Elapsed[1.96h], Remain[5.67h]
=================================================================
Epoch 258: Train (100%)  Score: 10.4597,  Loss: -0.4001
Epoch 258/1000: Time Est.: Elapsed[1.97h], Remain[5.67h]
=================================================================
Epoch 259: Train (100%)  Score: 10.4763,  Loss: -0.3975
Epoch 259/1000: Time Est.: Elapsed[1.98h], Remain[5.66h]
=================================================================
Epoch 260: Train (100%)  Score: 10.4723,  Loss: -0.3910
Epoch 260/1000: Time Est.: Elapsed[1.99h], Remain[5.65h]
=================================================================
Epoch 261: Train (100%)  Score: 10.3221,  Loss: -0.3875
Epoch 261/1000: Time Est.: Elapsed[1.99h], Remain[5.64h]
=================================================================
Epoch 262: Train (100%)  Score: 10.1148,  Loss: -0.3919
Epoch 262/1000: Time Est.: Elapsed[2.00h], Remain[5.64h]
=================================================================
Epoch 263: Train (100%)  Score: 10.2746,  Loss: -0.3925
Epoch 263/1000: Time Est.: Elapsed[2.01h], Remain[5.63h]
=================================================================
Epoch 264: Train (100%)  Score: 10.4971,  Loss: -0.3924
Epoch 264/1000: Time Est.: Elapsed[2.02h], Remain[5.62h]
=================================================================
Epoch 265: Train (100%)  Score: 10.7245,  Loss: -0.3939
Epoch 265/1000: Time Est.: Elapsed[2.02h], Remain[5.61h]
=================================================================
Epoch 266: Train (100%)  Score: 9.8149,  Loss: -0.3774
Epoch 266/1000: Time Est.: Elapsed[2.03h], Remain[5.60h]
=================================================================
Epoch 267: Train (100%)  Score: 10.4246,  Loss: -0.3936
Epoch 267/1000: Time Est.: Elapsed[2.04h], Remain[5.60h]
=================================================================
Epoch 268: Train (100%)  Score: 10.3493,  Loss: -0.3761
Epoch 268/1000: Time Est.: Elapsed[2.05h], Remain[5.59h]
=================================================================
Epoch 269: Train (100%)  Score: 10.2780,  Loss: -0.3902
Epoch 269/1000: Time Est.: Elapsed[2.05h], Remain[5.58h]
=================================================================
Epoch 270: Train (100%)  Score: 10.6575,  Loss: -0.3921
Epoch 270/1000: Time Est.: Elapsed[2.06h], Remain[5.57h]
=================================================================
Epoch 271: Train (100%)  Score: 10.6035,  Loss: -0.3803
Epoch 271/1000: Time Est.: Elapsed[2.07h], Remain[5.57h]
=================================================================
Epoch 272: Train (100%)  Score: 10.4106,  Loss: -0.3820
Epoch 272/1000: Time Est.: Elapsed[2.08h], Remain[5.56h]
=================================================================
Epoch 273: Train (100%)  Score: 9.9691,  Loss: -0.3846
Epoch 273/1000: Time Est.: Elapsed[2.08h], Remain[5.55h]
=================================================================
Epoch 274: Train (100%)  Score: 10.2673,  Loss: -0.3811
Epoch 274/1000: Time Est.: Elapsed[2.09h], Remain[5.54h]
=================================================================
Epoch 275: Train (100%)  Score: 10.1977,  Loss: -0.3856
Epoch 275/1000: Time Est.: Elapsed[2.10h], Remain[5.54h]
=================================================================
Epoch 276: Train (100%)  Score: 10.3762,  Loss: -0.3924
Epoch 276/1000: Time Est.: Elapsed[2.11h], Remain[5.53h]
=================================================================
Epoch 277: Train (100%)  Score: 10.5071,  Loss: -0.3892
Epoch 277/1000: Time Est.: Elapsed[2.11h], Remain[5.52h]
=================================================================
Epoch 278: Train (100%)  Score: 10.5252,  Loss: -0.3901
Epoch 278/1000: Time Est.: Elapsed[2.12h], Remain[5.51h]
=================================================================
Epoch 279: Train (100%)  Score: 10.1644,  Loss: -0.3870
Epoch 279/1000: Time Est.: Elapsed[2.13h], Remain[5.50h]
=================================================================
Epoch 280: Train (100%)  Score: 10.0009,  Loss: -0.3864
Epoch 280/1000: Time Est.: Elapsed[2.13h], Remain[5.47h]
=================================================================
Epoch 281: Train (100%)  Score: 10.3011,  Loss: -0.3753
Epoch 281/1000: Time Est.: Elapsed[2.15h], Remain[5.49h]
=================================================================
>> Invalid instances, Re-generating ...
Epoch 282: Train (100%)  Score: 10.4081,  Loss: -0.3842
Epoch 282/1000: Time Est.: Elapsed[2.15h], Remain[5.48h]
=================================================================
Epoch 283: Train (100%)  Score: 10.4419,  Loss: -0.3974
Epoch 283/1000: Time Est.: Elapsed[2.16h], Remain[5.47h]
=================================================================
Epoch 284: Train (100%)  Score: 10.3761,  Loss: -0.3871
Epoch 284/1000: Time Est.: Elapsed[2.17h], Remain[5.47h]
=================================================================
Epoch 285: Train (100%)  Score: 10.0220,  Loss: -0.3873
Epoch 285/1000: Time Est.: Elapsed[2.18h], Remain[5.46h]
=================================================================
Epoch 286: Train (100%)  Score: 10.1948,  Loss: -0.3775
Epoch 286/1000: Time Est.: Elapsed[2.18h], Remain[5.45h]
=================================================================
Epoch 287: Train (100%)  Score: 10.5992,  Loss: -0.3888
Epoch 287/1000: Time Est.: Elapsed[2.19h], Remain[5.44h]
=================================================================
Epoch 288: Train (100%)  Score: 10.6484,  Loss: -0.3896
Epoch 288/1000: Time Est.: Elapsed[2.20h], Remain[5.43h]
=================================================================
Epoch 289: Train (100%)  Score: 10.3240,  Loss: -0.3735
Epoch 289/1000: Time Est.: Elapsed[2.21h], Remain[5.43h]
=================================================================
Epoch 290: Train (100%)  Score: 10.2381,  Loss: -0.3841
Epoch 290/1000: Time Est.: Elapsed[2.21h], Remain[5.42h]
=================================================================
Epoch 291: Train (100%)  Score: 10.5064,  Loss: -0.3824
Epoch 291/1000: Time Est.: Elapsed[2.22h], Remain[5.41h]
=================================================================
Epoch 292: Train (100%)  Score: 9.9971,  Loss: -0.3790
Epoch 292/1000: Time Est.: Elapsed[2.23h], Remain[5.40h]
=================================================================
Epoch 293: Train (100%)  Score: 10.5908,  Loss: -0.3807
Epoch 293/1000: Time Est.: Elapsed[2.24h], Remain[5.40h]
=================================================================
Epoch 294: Train (100%)  Score: 10.1863,  Loss: -0.3803
Epoch 294/1000: Time Est.: Elapsed[2.24h], Remain[5.39h]
=================================================================
Epoch 295: Train (100%)  Score: 9.9092,  Loss: -0.3796
Epoch 295/1000: Time Est.: Elapsed[2.25h], Remain[5.38h]
=================================================================
Epoch 296: Train (100%)  Score: 10.4317,  Loss: -0.3880
Epoch 296/1000: Time Est.: Elapsed[2.26h], Remain[5.37h]
=================================================================
Epoch 297: Train (100%)  Score: 10.0772,  Loss: -0.3727
Epoch 297/1000: Time Est.: Elapsed[2.27h], Remain[5.36h]
=================================================================
Epoch 298: Train (100%)  Score: 10.4270,  Loss: -0.3746
Epoch 298/1000: Time Est.: Elapsed[2.27h], Remain[5.36h]
=================================================================
Epoch 299: Train (100%)  Score: 11.1357,  Loss: -0.3897
Epoch 299/1000: Time Est.: Elapsed[2.28h], Remain[5.35h]
=================================================================
Epoch 300: Train (100%)  Score: 10.6612,  Loss: -0.3803
Epoch 300/1000: Time Est.: Elapsed[2.29h], Remain[5.34h]
Saving trained_model
=================================================================
Epoch 301: Train (100%)  Score: 10.0408,  Loss: -0.3793
Epoch 301/1000: Time Est.: Elapsed[2.30h], Remain[5.33h]
=================================================================
Epoch 302: Train (100%)  Score: 10.0118,  Loss: -0.3754
Epoch 302/1000: Time Est.: Elapsed[2.30h], Remain[5.33h]
=================================================================
Epoch 303: Train (100%)  Score: 10.3369,  Loss: -0.3812
Epoch 303/1000: Time Est.: Elapsed[2.31h], Remain[5.32h]
=================================================================
Epoch 304: Train (100%)  Score: 10.3138,  Loss: -0.3760
Epoch 304/1000: Time Est.: Elapsed[2.32h], Remain[5.31h]
=================================================================
Epoch 305: Train (100%)  Score: 10.6204,  Loss: -0.3791
Epoch 305/1000: Time Est.: Elapsed[2.33h], Remain[5.30h]
=================================================================
Epoch 306: Train (100%)  Score: 10.1238,  Loss: -0.3807
Epoch 306/1000: Time Est.: Elapsed[2.33h], Remain[5.30h]
=================================================================
Epoch 307: Train (100%)  Score: 10.5008,  Loss: -0.3859
Epoch 307/1000: Time Est.: Elapsed[2.34h], Remain[5.29h]
=================================================================
Epoch 308: Train (100%)  Score: 10.3327,  Loss: -0.3781
Epoch 308/1000: Time Est.: Elapsed[2.35h], Remain[5.28h]
=================================================================
Epoch 309: Train (100%)  Score: 9.9244,  Loss: -0.3728
Epoch 309/1000: Time Est.: Elapsed[2.36h], Remain[5.27h]
=================================================================
Epoch 310: Train (100%)  Score: 9.7877,  Loss: -0.3717
Epoch 310/1000: Time Est.: Elapsed[2.37h], Remain[5.26h]
=================================================================
Epoch 311: Train (100%)  Score: 10.7163,  Loss: -0.3908
Epoch 311/1000: Time Est.: Elapsed[2.37h], Remain[5.26h]
=================================================================
Epoch 312: Train (100%)  Score: 10.2508,  Loss: -0.3736
Epoch 312/1000: Time Est.: Elapsed[2.38h], Remain[5.25h]
=================================================================
Epoch 313: Train (100%)  Score: 10.1211,  Loss: -0.3767
Epoch 313/1000: Time Est.: Elapsed[2.39h], Remain[5.24h]
=================================================================
Epoch 314: Train (100%)  Score: 10.3076,  Loss: -0.3798
Epoch 314/1000: Time Est.: Elapsed[2.40h], Remain[5.23h]
=================================================================
Epoch 315: Train (100%)  Score: 10.2454,  Loss: -0.3722
Epoch 315/1000: Time Est.: Elapsed[2.40h], Remain[5.23h]
=================================================================
Epoch 316: Train (100%)  Score: 10.1879,  Loss: -0.3801
Epoch 316/1000: Time Est.: Elapsed[2.41h], Remain[5.22h]
=================================================================
Epoch 317: Train (100%)  Score: 10.0393,  Loss: -0.3788
Epoch 317/1000: Time Est.: Elapsed[2.42h], Remain[5.21h]
=================================================================
Epoch 318: Train (100%)  Score: 10.2438,  Loss: -0.3684
Epoch 318/1000: Time Est.: Elapsed[2.43h], Remain[5.20h]
=================================================================
Epoch 319: Train (100%)  Score: 10.2998,  Loss: -0.3779
Epoch 319/1000: Time Est.: Elapsed[2.43h], Remain[5.20h]
=================================================================
Epoch 320: Train (100%)  Score: 10.3408,  Loss: -0.3676
Epoch 320/1000: Time Est.: Elapsed[2.44h], Remain[5.19h]
=================================================================
Epoch 321: Train (100%)  Score: 10.4628,  Loss: -0.3713
Epoch 321/1000: Time Est.: Elapsed[2.45h], Remain[5.18h]
=================================================================
Epoch 322: Train (100%)  Score: 9.9368,  Loss: -0.3655
Epoch 322/1000: Time Est.: Elapsed[2.46h], Remain[5.17h]
=================================================================
Epoch 323: Train (100%)  Score: 10.2597,  Loss: -0.3732
Epoch 323/1000: Time Est.: Elapsed[2.46h], Remain[5.16h]
=================================================================
Epoch 324: Train (100%)  Score: 10.0228,  Loss: -0.3717
Epoch 324/1000: Time Est.: Elapsed[2.47h], Remain[5.16h]
=================================================================
Epoch 325: Train (100%)  Score: 10.2322,  Loss: -0.3802
Epoch 325/1000: Time Est.: Elapsed[2.47h], Remain[5.13h]
=================================================================
Epoch 326: Train (100%)  Score: 10.0664,  Loss: -0.3609
Epoch 326/1000: Time Est.: Elapsed[2.49h], Remain[5.14h]
=================================================================
Epoch 327: Train (100%)  Score: 10.6930,  Loss: -0.3688
Epoch 327/1000: Time Est.: Elapsed[2.49h], Remain[5.13h]
=================================================================
Epoch 328: Train (100%)  Score: 10.0503,  Loss: -0.3601
Epoch 328/1000: Time Est.: Elapsed[2.50h], Remain[5.13h]
=================================================================
Epoch 329: Train (100%)  Score: 9.9799,  Loss: -0.3738
Epoch 329/1000: Time Est.: Elapsed[2.51h], Remain[5.12h]
=================================================================
Epoch 330: Train (100%)  Score: 10.4378,  Loss: -0.3821
Epoch 330/1000: Time Est.: Elapsed[2.52h], Remain[5.11h]
=================================================================
Epoch 331: Train (100%)  Score: 10.2829,  Loss: -0.3658
Epoch 331/1000: Time Est.: Elapsed[2.52h], Remain[5.10h]
=================================================================
Epoch 332: Train (100%)  Score: 10.1484,  Loss: -0.3629
Epoch 332/1000: Time Est.: Elapsed[2.53h], Remain[5.09h]
=================================================================
Epoch 333: Train (100%)  Score: 10.4816,  Loss: -0.3677
Epoch 333/1000: Time Est.: Elapsed[2.54h], Remain[5.09h]
=================================================================
Epoch 334: Train (100%)  Score: 10.4755,  Loss: -0.3611
Epoch 334/1000: Time Est.: Elapsed[2.55h], Remain[5.08h]
=================================================================
Epoch 335: Train (100%)  Score: 10.1314,  Loss: -0.3675
Epoch 335/1000: Time Est.: Elapsed[2.56h], Remain[5.07h]
=================================================================
Epoch 336: Train (100%)  Score: 10.2244,  Loss: -0.3568
Epoch 336/1000: Time Est.: Elapsed[2.56h], Remain[5.06h]
=================================================================
Epoch 337: Train (100%)  Score: 10.3718,  Loss: -0.3736
Epoch 337/1000: Time Est.: Elapsed[2.57h], Remain[5.06h]
=================================================================
Epoch 338: Train (100%)  Score: 10.4601,  Loss: -0.3599
Epoch 338/1000: Time Est.: Elapsed[2.58h], Remain[5.05h]
=================================================================
Epoch 339: Train (100%)  Score: 10.1443,  Loss: -0.3594
Epoch 339/1000: Time Est.: Elapsed[2.59h], Remain[5.04h]
=================================================================
Epoch 340: Train (100%)  Score: 10.4006,  Loss: -0.3680
Epoch 340/1000: Time Est.: Elapsed[2.59h], Remain[5.03h]
=================================================================
Epoch 341: Train (100%)  Score: 10.0378,  Loss: -0.3594
Epoch 341/1000: Time Est.: Elapsed[2.60h], Remain[5.03h]
=================================================================
Epoch 342: Train (100%)  Score: 10.0637,  Loss: -0.3629
Epoch 342/1000: Time Est.: Elapsed[2.61h], Remain[5.02h]
=================================================================
Epoch 343: Train (100%)  Score: 10.6398,  Loss: -0.3774
Epoch 343/1000: Time Est.: Elapsed[2.62h], Remain[5.01h]
=================================================================
Epoch 344: Train (100%)  Score: 10.1075,  Loss: -0.3570
Epoch 344/1000: Time Est.: Elapsed[2.62h], Remain[5.00h]
=================================================================
Epoch 345: Train (100%)  Score: 10.3529,  Loss: -0.3680
Epoch 345/1000: Time Est.: Elapsed[2.63h], Remain[5.00h]
=================================================================
Epoch 346: Train (100%)  Score: 10.1772,  Loss: -0.3668
Epoch 346/1000: Time Est.: Elapsed[2.64h], Remain[4.99h]
=================================================================
Epoch 347: Train (100%)  Score: 10.3069,  Loss: -0.3728
Epoch 347/1000: Time Est.: Elapsed[2.65h], Remain[4.98h]
=================================================================
Epoch 348: Train (100%)  Score: 10.1981,  Loss: -0.3691
Epoch 348/1000: Time Est.: Elapsed[2.65h], Remain[4.97h]
=================================================================
Epoch 349: Train (100%)  Score: 10.6041,  Loss: -0.3810
Epoch 349/1000: Time Est.: Elapsed[2.66h], Remain[4.96h]
=================================================================
Epoch 350: Train (100%)  Score: 10.6185,  Loss: -0.3635
Epoch 350/1000: Time Est.: Elapsed[2.67h], Remain[4.96h]
=================================================================
Epoch 351: Train (100%)  Score: 10.2712,  Loss: -0.3620
Epoch 351/1000: Time Est.: Elapsed[2.68h], Remain[4.95h]
=================================================================
Epoch 352: Train (100%)  Score: 10.5810,  Loss: -0.3715
Epoch 352/1000: Time Est.: Elapsed[2.68h], Remain[4.94h]
=================================================================
Epoch 353: Train (100%)  Score: 10.1423,  Loss: -0.3658
Epoch 353/1000: Time Est.: Elapsed[2.69h], Remain[4.93h]
=================================================================
Epoch 354: Train (100%)  Score: 10.0228,  Loss: -0.3689
Epoch 354/1000: Time Est.: Elapsed[2.70h], Remain[4.93h]
=================================================================
Epoch 355: Train (100%)  Score: 10.4270,  Loss: -0.3631
Epoch 355/1000: Time Est.: Elapsed[2.71h], Remain[4.92h]
=================================================================
Epoch 356: Train (100%)  Score: 9.8946,  Loss: -0.3635
Epoch 356/1000: Time Est.: Elapsed[2.71h], Remain[4.91h]
=================================================================
Epoch 357: Train (100%)  Score: 10.3164,  Loss: -0.3691
Epoch 357/1000: Time Est.: Elapsed[2.72h], Remain[4.90h]
=================================================================
Epoch 358: Train (100%)  Score: 10.6367,  Loss: -0.3763
Epoch 358/1000: Time Est.: Elapsed[2.73h], Remain[4.90h]
=================================================================
Epoch 359: Train (100%)  Score: 10.2650,  Loss: -0.3659
Epoch 359/1000: Time Est.: Elapsed[2.73h], Remain[4.87h]
=================================================================
Epoch 360: Train (100%)  Score: 10.2559,  Loss: -0.3707
Epoch 360/1000: Time Est.: Elapsed[2.75h], Remain[4.88h]
=================================================================
Epoch 361: Train (100%)  Score: 10.1062,  Loss: -0.3562
Epoch 361/1000: Time Est.: Elapsed[2.75h], Remain[4.87h]
=================================================================
Epoch 362: Train (100%)  Score: 10.1292,  Loss: -0.3602
Epoch 362/1000: Time Est.: Elapsed[2.76h], Remain[4.86h]
=================================================================
Epoch 363: Train (100%)  Score: 10.0918,  Loss: -0.3584
Epoch 363/1000: Time Est.: Elapsed[2.77h], Remain[4.86h]
=================================================================
Epoch 364: Train (100%)  Score: 10.0782,  Loss: -0.3597
Epoch 364/1000: Time Est.: Elapsed[2.78h], Remain[4.85h]
=================================================================
Epoch 365: Train (100%)  Score: 10.5745,  Loss: -0.3654
Epoch 365/1000: Time Est.: Elapsed[2.78h], Remain[4.84h]
=================================================================
Epoch 366: Train (100%)  Score: 10.3746,  Loss: -0.3614
Epoch 366/1000: Time Est.: Elapsed[2.79h], Remain[4.83h]
=================================================================
Epoch 367: Train (100%)  Score: 10.3222,  Loss: -0.3597
Epoch 367/1000: Time Est.: Elapsed[2.80h], Remain[4.83h]
=================================================================
Epoch 368: Train (100%)  Score: 10.0342,  Loss: -0.3642
Epoch 368/1000: Time Est.: Elapsed[2.81h], Remain[4.82h]
=================================================================
Epoch 369: Train (100%)  Score: 9.9073,  Loss: -0.3485
Epoch 369/1000: Time Est.: Elapsed[2.81h], Remain[4.81h]
=================================================================
Epoch 370: Train (100%)  Score: 10.2974,  Loss: -0.3601
Epoch 370/1000: Time Est.: Elapsed[2.81h], Remain[4.79h]
=================================================================
Epoch 371: Train (100%)  Score: 10.5784,  Loss: -0.3657
Epoch 371/1000: Time Est.: Elapsed[2.83h], Remain[4.80h]
=================================================================
Epoch 372: Train (100%)  Score: 9.9914,  Loss: -0.3527
Epoch 372/1000: Time Est.: Elapsed[2.84h], Remain[4.79h]
=================================================================
Epoch 373: Train (100%)  Score: 10.3487,  Loss: -0.3543
Epoch 373/1000: Time Est.: Elapsed[2.84h], Remain[4.78h]
=================================================================
Epoch 374: Train (100%)  Score: 10.3896,  Loss: -0.3580
Epoch 374/1000: Time Est.: Elapsed[2.85h], Remain[4.77h]
=================================================================
Epoch 375: Train (100%)  Score: 10.5043,  Loss: -0.3752
Epoch 375/1000: Time Est.: Elapsed[2.86h], Remain[4.77h]
=================================================================
Epoch 376: Train (100%)  Score: 10.2151,  Loss: -0.3523
Epoch 376/1000: Time Est.: Elapsed[2.87h], Remain[4.76h]
=================================================================
Epoch 377: Train (100%)  Score: 10.3673,  Loss: -0.3641
Epoch 377/1000: Time Est.: Elapsed[2.87h], Remain[4.75h]
=================================================================
Epoch 378: Train (100%)  Score: 10.0699,  Loss: -0.3615
Epoch 378/1000: Time Est.: Elapsed[2.88h], Remain[4.74h]
=================================================================
Epoch 379: Train (100%)  Score: 10.3089,  Loss: -0.3599
Epoch 379/1000: Time Est.: Elapsed[2.88h], Remain[4.72h]
=================================================================
Epoch 380: Train (100%)  Score: 10.2243,  Loss: -0.3568
Epoch 380/1000: Time Est.: Elapsed[2.90h], Remain[4.73h]
=================================================================
Epoch 381: Train (100%)  Score: 10.2062,  Loss: -0.3619
Epoch 381/1000: Time Est.: Elapsed[2.90h], Remain[4.72h]
=================================================================
Epoch 382: Train (100%)  Score: 10.4890,  Loss: -0.3617
Epoch 382/1000: Time Est.: Elapsed[2.91h], Remain[4.71h]
=================================================================
Epoch 383: Train (100%)  Score: 10.5879,  Loss: -0.3621
Epoch 383/1000: Time Est.: Elapsed[2.92h], Remain[4.70h]
=================================================================
Epoch 384: Train (100%)  Score: 10.0945,  Loss: -0.3546
Epoch 384/1000: Time Est.: Elapsed[2.93h], Remain[4.70h]
=================================================================
Epoch 385: Train (100%)  Score: 10.2711,  Loss: -0.3539
Epoch 385/1000: Time Est.: Elapsed[2.94h], Remain[4.69h]
=================================================================
Epoch 386: Train (100%)  Score: 10.1068,  Loss: -0.3523
Epoch 386/1000: Time Est.: Elapsed[2.94h], Remain[4.68h]
=================================================================
Epoch 387: Train (100%)  Score: 9.9522,  Loss: -0.3585
Epoch 387/1000: Time Est.: Elapsed[2.95h], Remain[4.67h]
=================================================================
Epoch 388: Train (100%)  Score: 10.3722,  Loss: -0.3602
Epoch 388/1000: Time Est.: Elapsed[2.96h], Remain[4.67h]
=================================================================
Epoch 389: Train (100%)  Score: 10.0406,  Loss: -0.3533
Epoch 389/1000: Time Est.: Elapsed[2.97h], Remain[4.66h]
=================================================================
Epoch 390: Train (100%)  Score: 9.9223,  Loss: -0.3464
Epoch 390/1000: Time Est.: Elapsed[2.97h], Remain[4.65h]
=================================================================
Epoch 391: Train (100%)  Score: 9.9971,  Loss: -0.3630
Epoch 391/1000: Time Est.: Elapsed[2.98h], Remain[4.64h]
=================================================================
Epoch 392: Train (100%)  Score: 10.4246,  Loss: -0.3608
Epoch 392/1000: Time Est.: Elapsed[2.99h], Remain[4.63h]
=================================================================
Epoch 393: Train (100%)  Score: 10.4801,  Loss: -0.3622
Epoch 393/1000: Time Est.: Elapsed[2.99h], Remain[4.61h]
=================================================================
Epoch 394: Train (100%)  Score: 10.1528,  Loss: -0.3525
Epoch 394/1000: Time Est.: Elapsed[3.00h], Remain[4.62h]
=================================================================
Epoch 395: Train (100%)  Score: 10.1821,  Loss: -0.3524
Epoch 395/1000: Time Est.: Elapsed[3.01h], Remain[4.61h]
=================================================================
Epoch 396: Train (100%)  Score: 10.1688,  Loss: -0.3534
Epoch 396/1000: Time Est.: Elapsed[3.02h], Remain[4.60h]
=================================================================
Epoch 397: Train (100%)  Score: 10.4397,  Loss: -0.3566
Epoch 397/1000: Time Est.: Elapsed[3.03h], Remain[4.60h]
=================================================================
Epoch 398: Train (100%)  Score: 10.3943,  Loss: -0.3554
Epoch 398/1000: Time Est.: Elapsed[3.03h], Remain[4.59h]
=================================================================
Epoch 399: Train (100%)  Score: 10.0231,  Loss: -0.3515
Epoch 399/1000: Time Est.: Elapsed[3.04h], Remain[4.58h]
=================================================================
Epoch 400: Train (100%)  Score: 10.1422,  Loss: -0.3580
Epoch 400/1000: Time Est.: Elapsed[3.05h], Remain[4.57h]
Saving trained_model
=================================================================
Epoch 401: Train (100%)  Score: 10.1692,  Loss: -0.3524
Epoch 401/1000: Time Est.: Elapsed[3.06h], Remain[4.57h]
=================================================================
Epoch 402: Train (100%)  Score: 10.1284,  Loss: -0.3535
Epoch 402/1000: Time Est.: Elapsed[3.06h], Remain[4.56h]
=================================================================
Epoch 403: Train (100%)  Score: 10.1264,  Loss: -0.3510
Epoch 403/1000: Time Est.: Elapsed[3.07h], Remain[4.55h]
=================================================================
Epoch 404: Train (100%)  Score: 10.1744,  Loss: -0.3546
Epoch 404/1000: Time Est.: Elapsed[3.08h], Remain[4.54h]
=================================================================
Epoch 405: Train (100%)  Score: 10.4655,  Loss: -0.3560
Epoch 405/1000: Time Est.: Elapsed[3.09h], Remain[4.53h]
=================================================================
Epoch 406: Train (100%)  Score: 10.6638,  Loss: -0.3576
Epoch 406/1000: Time Est.: Elapsed[3.09h], Remain[4.53h]
=================================================================
Epoch 407: Train (100%)  Score: 10.5166,  Loss: -0.3614
Epoch 407/1000: Time Est.: Elapsed[3.10h], Remain[4.52h]
=================================================================
Epoch 408: Train (100%)  Score: 10.3179,  Loss: -0.3457
Epoch 408/1000: Time Est.: Elapsed[3.11h], Remain[4.51h]
=================================================================
Epoch 409: Train (100%)  Score: 10.2669,  Loss: -0.3532
Epoch 409/1000: Time Est.: Elapsed[3.12h], Remain[4.50h]
=================================================================
Epoch 410: Train (100%)  Score: 9.9070,  Loss: -0.3544
Epoch 410/1000: Time Est.: Elapsed[3.12h], Remain[4.50h]
=================================================================
Epoch 411: Train (100%)  Score: 10.1446,  Loss: -0.3563
Epoch 411/1000: Time Est.: Elapsed[3.13h], Remain[4.49h]
=================================================================
Epoch 412: Train (100%)  Score: 10.1842,  Loss: -0.3413
Epoch 412/1000: Time Est.: Elapsed[3.14h], Remain[4.48h]
=================================================================
Epoch 413: Train (100%)  Score: 10.2366,  Loss: -0.3574
Epoch 413/1000: Time Est.: Elapsed[3.15h], Remain[4.47h]
=================================================================
Epoch 414: Train (100%)  Score: 10.4539,  Loss: -0.3528
Epoch 414/1000: Time Est.: Elapsed[3.15h], Remain[4.47h]
=================================================================
Epoch 415: Train (100%)  Score: 10.2032,  Loss: -0.3515
Epoch 415/1000: Time Est.: Elapsed[3.16h], Remain[4.46h]
=================================================================
Epoch 416: Train (100%)  Score: 10.2931,  Loss: -0.3538
Epoch 416/1000: Time Est.: Elapsed[3.17h], Remain[4.45h]
=================================================================
Epoch 417: Train (100%)  Score: 10.4193,  Loss: -0.3539
Epoch 417/1000: Time Est.: Elapsed[3.18h], Remain[4.44h]
=================================================================
Epoch 418: Train (100%)  Score: 10.2768,  Loss: -0.3592
Epoch 418/1000: Time Est.: Elapsed[3.19h], Remain[4.44h]
=================================================================
Epoch 419: Train (100%)  Score: 9.9210,  Loss: -0.3468
Epoch 419/1000: Time Est.: Elapsed[3.19h], Remain[4.43h]
=================================================================
Epoch 420: Train (100%)  Score: 10.2192,  Loss: -0.3397
Epoch 420/1000: Time Est.: Elapsed[3.20h], Remain[4.42h]
=================================================================
Epoch 421: Train (100%)  Score: 10.4991,  Loss: -0.3581
Epoch 421/1000: Time Est.: Elapsed[3.21h], Remain[4.41h]
=================================================================
Epoch 422: Train (100%)  Score: 10.1012,  Loss: -0.3557
Epoch 422/1000: Time Est.: Elapsed[3.22h], Remain[4.40h]
=================================================================
Epoch 423: Train (100%)  Score: 10.0103,  Loss: -0.3585
Epoch 423/1000: Time Est.: Elapsed[3.22h], Remain[4.40h]
=================================================================
Epoch 424: Train (100%)  Score: 10.4430,  Loss: -0.3583
Epoch 424/1000: Time Est.: Elapsed[3.23h], Remain[4.39h]
=================================================================
Epoch 425: Train (100%)  Score: 10.2969,  Loss: -0.3552
Epoch 425/1000: Time Est.: Elapsed[3.24h], Remain[4.38h]
=================================================================
Epoch 426: Train (100%)  Score: 10.2558,  Loss: -0.3526
Epoch 426/1000: Time Est.: Elapsed[3.25h], Remain[4.37h]
=================================================================
Epoch 427: Train (100%)  Score: 9.8851,  Loss: -0.3470
Epoch 427/1000: Time Est.: Elapsed[3.25h], Remain[4.37h]
=================================================================
Epoch 428: Train (100%)  Score: 10.6992,  Loss: -0.3572
Epoch 428/1000: Time Est.: Elapsed[3.26h], Remain[4.36h]
=================================================================
Epoch 429: Train (100%)  Score: 10.1247,  Loss: -0.3552
Epoch 429/1000: Time Est.: Elapsed[3.27h], Remain[4.35h]
=================================================================
Epoch 430: Train (100%)  Score: 10.1716,  Loss: -0.3472
Epoch 430/1000: Time Est.: Elapsed[3.28h], Remain[4.34h]
=================================================================
Epoch 431: Train (100%)  Score: 10.3269,  Loss: -0.3479
Epoch 431/1000: Time Est.: Elapsed[3.28h], Remain[4.34h]
=================================================================
Epoch 432: Train (100%)  Score: 10.0476,  Loss: -0.3538
Epoch 432/1000: Time Est.: Elapsed[3.29h], Remain[4.33h]
=================================================================
Epoch 433: Train (100%)  Score: 10.1667,  Loss: -0.3460
Epoch 433/1000: Time Est.: Elapsed[3.30h], Remain[4.32h]
=================================================================
Epoch 434: Train (100%)  Score: 10.3607,  Loss: -0.3578
Epoch 434/1000: Time Est.: Elapsed[3.31h], Remain[4.31h]
=================================================================
Epoch 435: Train (100%)  Score: 10.1646,  Loss: -0.3442
Epoch 435/1000: Time Est.: Elapsed[3.31h], Remain[4.30h]
=================================================================
Epoch 436: Train (100%)  Score: 10.3251,  Loss: -0.3463
Epoch 436/1000: Time Est.: Elapsed[3.32h], Remain[4.30h]
=================================================================
Epoch 437: Train (100%)  Score: 10.1317,  Loss: -0.3384
Epoch 437/1000: Time Est.: Elapsed[3.33h], Remain[4.29h]
=================================================================
Epoch 438: Train (100%)  Score: 10.0243,  Loss: -0.3465
Epoch 438/1000: Time Est.: Elapsed[3.34h], Remain[4.28h]
=================================================================
Epoch 439: Train (100%)  Score: 10.0239,  Loss: -0.3432
Epoch 439/1000: Time Est.: Elapsed[3.33h], Remain[4.26h]
=================================================================
Epoch 440: Train (100%)  Score: 10.8648,  Loss: -0.3529
Epoch 440/1000: Time Est.: Elapsed[3.35h], Remain[4.27h]
=================================================================
Epoch 441: Train (100%)  Score: 10.2286,  Loss: -0.3389
Epoch 441/1000: Time Est.: Elapsed[3.36h], Remain[4.26h]
=================================================================
Epoch 442: Train (100%)  Score: 10.0767,  Loss: -0.3481
Epoch 442/1000: Time Est.: Elapsed[3.37h], Remain[4.25h]
=================================================================
Epoch 443: Train (100%)  Score: 10.4411,  Loss: -0.3496
Epoch 443/1000: Time Est.: Elapsed[3.37h], Remain[4.24h]
=================================================================
Epoch 444: Train (100%)  Score: 10.1236,  Loss: -0.3443
Epoch 444/1000: Time Est.: Elapsed[3.38h], Remain[4.24h]
=================================================================
Epoch 445: Train (100%)  Score: 10.1289,  Loss: -0.3457
Epoch 445/1000: Time Est.: Elapsed[3.39h], Remain[4.23h]
=================================================================
Epoch 446: Train (100%)  Score: 10.2691,  Loss: -0.3458
Epoch 446/1000: Time Est.: Elapsed[3.39h], Remain[4.21h]
=================================================================
Epoch 447: Train (100%)  Score: 10.1580,  Loss: -0.3513
Epoch 447/1000: Time Est.: Elapsed[3.41h], Remain[4.21h]
=================================================================
Epoch 448: Train (100%)  Score: 10.4943,  Loss: -0.3458
Epoch 448/1000: Time Est.: Elapsed[3.41h], Remain[4.21h]
=================================================================
Epoch 449: Train (100%)  Score: 10.5979,  Loss: -0.3544
Epoch 449/1000: Time Est.: Elapsed[3.42h], Remain[4.20h]
=================================================================
Epoch 450: Train (100%)  Score: 10.2610,  Loss: -0.3425
Epoch 450/1000: Time Est.: Elapsed[3.42h], Remain[4.18h]
=================================================================
Epoch 451: Train (100%)  Score: 10.2840,  Loss: -0.3432
Epoch 451/1000: Time Est.: Elapsed[3.44h], Remain[4.18h]
=================================================================
Epoch 452: Train (100%)  Score: 10.4804,  Loss: -0.3456
Epoch 452/1000: Time Est.: Elapsed[3.44h], Remain[4.17h]
=================================================================
Epoch 453: Train (100%)  Score: 10.3648,  Loss: -0.3512
Epoch 453/1000: Time Est.: Elapsed[3.45h], Remain[4.17h]
=================================================================
Epoch 454: Train (100%)  Score: 10.5620,  Loss: -0.3509
Epoch 454/1000: Time Est.: Elapsed[3.46h], Remain[4.16h]
=================================================================
Epoch 455: Train (100%)  Score: 10.2516,  Loss: -0.3453
Epoch 455/1000: Time Est.: Elapsed[3.47h], Remain[4.15h]
=================================================================
Epoch 456: Train (100%)  Score: 10.2383,  Loss: -0.3509
Epoch 456/1000: Time Est.: Elapsed[3.47h], Remain[4.14h]
=================================================================
Epoch 457: Train (100%)  Score: 10.1774,  Loss: -0.3478
Epoch 457/1000: Time Est.: Elapsed[3.48h], Remain[4.14h]
=================================================================
Epoch 458: Train (100%)  Score: 10.4976,  Loss: -0.3399
Epoch 458/1000: Time Est.: Elapsed[3.49h], Remain[4.13h]
=================================================================
Epoch 459: Train (100%)  Score: 10.2370,  Loss: -0.3491
Epoch 459/1000: Time Est.: Elapsed[3.50h], Remain[4.12h]
=================================================================
Epoch 460: Train (100%)  Score: 10.2855,  Loss: -0.3442
Epoch 460/1000: Time Est.: Elapsed[3.50h], Remain[4.11h]
=================================================================
Epoch 461: Train (100%)  Score: 10.4139,  Loss: -0.3468
Epoch 461/1000: Time Est.: Elapsed[3.51h], Remain[4.11h]
=================================================================
Epoch 462: Train (100%)  Score: 9.8783,  Loss: -0.3496
Epoch 462/1000: Time Est.: Elapsed[3.52h], Remain[4.10h]
=================================================================
Epoch 463: Train (100%)  Score: 10.1906,  Loss: -0.3446
Epoch 463/1000: Time Est.: Elapsed[3.53h], Remain[4.09h]
=================================================================
Epoch 464: Train (100%)  Score: 10.2610,  Loss: -0.3490
Epoch 464/1000: Time Est.: Elapsed[3.53h], Remain[4.08h]
=================================================================
Epoch 465: Train (100%)  Score: 10.5534,  Loss: -0.3478
Epoch 465/1000: Time Est.: Elapsed[3.54h], Remain[4.07h]
=================================================================
Epoch 466: Train (100%)  Score: 10.2303,  Loss: -0.3462
Epoch 466/1000: Time Est.: Elapsed[3.55h], Remain[4.07h]
=================================================================
Epoch 467: Train (100%)  Score: 10.3710,  Loss: -0.3472
Epoch 467/1000: Time Est.: Elapsed[3.56h], Remain[4.06h]
=================================================================
Epoch 468: Train (100%)  Score: 10.5205,  Loss: -0.3502
Epoch 468/1000: Time Est.: Elapsed[3.56h], Remain[4.05h]
=================================================================
Epoch 469: Train (100%)  Score: 10.3281,  Loss: -0.3422
Epoch 469/1000: Time Est.: Elapsed[3.57h], Remain[4.04h]
=================================================================
Epoch 470: Train (100%)  Score: 11.1169,  Loss: -0.3510
Epoch 470/1000: Time Est.: Elapsed[3.58h], Remain[4.04h]
=================================================================
Epoch 471: Train (100%)  Score: 10.7075,  Loss: -0.3512
Epoch 471/1000: Time Est.: Elapsed[3.59h], Remain[4.03h]
=================================================================
Epoch 472: Train (100%)  Score: 10.2661,  Loss: -0.3412
Epoch 472/1000: Time Est.: Elapsed[3.59h], Remain[4.02h]
=================================================================
Epoch 473: Train (100%)  Score: 10.3129,  Loss: -0.3394
Epoch 473/1000: Time Est.: Elapsed[3.60h], Remain[4.01h]
=================================================================
Epoch 474: Train (100%)  Score: 10.1843,  Loss: -0.3359
Epoch 474/1000: Time Est.: Elapsed[3.61h], Remain[4.01h]
=================================================================
Epoch 475: Train (100%)  Score: 10.3262,  Loss: -0.3496
Epoch 475/1000: Time Est.: Elapsed[3.62h], Remain[4.00h]
=================================================================
Epoch 476: Train (100%)  Score: 10.3940,  Loss: -0.3541
Epoch 476/1000: Time Est.: Elapsed[3.62h], Remain[3.99h]
=================================================================
Epoch 477: Train (100%)  Score: 10.2016,  Loss: -0.3558
Epoch 477/1000: Time Est.: Elapsed[3.63h], Remain[3.98h]
=================================================================
Epoch 478: Train (100%)  Score: 9.8624,  Loss: -0.3396
Epoch 478/1000: Time Est.: Elapsed[3.64h], Remain[3.97h]
=================================================================
Epoch 479: Train (100%)  Score: 10.1776,  Loss: -0.3466
Epoch 479/1000: Time Est.: Elapsed[3.65h], Remain[3.97h]
=================================================================
Epoch 480: Train (100%)  Score: 10.4705,  Loss: -0.3408
Epoch 480/1000: Time Est.: Elapsed[3.65h], Remain[3.96h]
=================================================================
Epoch 481: Train (100%)  Score: 10.7585,  Loss: -0.3484
Epoch 481/1000: Time Est.: Elapsed[3.66h], Remain[3.95h]
=================================================================
Epoch 482: Train (100%)  Score: 9.8418,  Loss: -0.3384
Epoch 482/1000: Time Est.: Elapsed[3.67h], Remain[3.94h]
=================================================================
Epoch 483: Train (100%)  Score: 10.1819,  Loss: -0.3353
Epoch 483/1000: Time Est.: Elapsed[3.68h], Remain[3.94h]
=================================================================
Epoch 484: Train (100%)  Score: 9.9822,  Loss: -0.3378
Epoch 484/1000: Time Est.: Elapsed[3.69h], Remain[3.93h]
=================================================================
Epoch 485: Train (100%)  Score: 10.3856,  Loss: -0.3402
Epoch 485/1000: Time Est.: Elapsed[3.69h], Remain[3.92h]
=================================================================
Epoch 486: Train (100%)  Score: 10.3871,  Loss: -0.3373
Epoch 486/1000: Time Est.: Elapsed[3.70h], Remain[3.91h]
=================================================================
Epoch 487: Train (100%)  Score: 10.3258,  Loss: -0.3426
Epoch 487/1000: Time Est.: Elapsed[3.71h], Remain[3.91h]
=================================================================
Epoch 488: Train (100%)  Score: 10.1660,  Loss: -0.3391
Epoch 488/1000: Time Est.: Elapsed[3.72h], Remain[3.90h]
=================================================================
Epoch 489: Train (100%)  Score: 10.1931,  Loss: -0.3342
Epoch 489/1000: Time Est.: Elapsed[3.72h], Remain[3.89h]
=================================================================
Epoch 490: Train (100%)  Score: 10.4351,  Loss: -0.3455
Epoch 490/1000: Time Est.: Elapsed[3.73h], Remain[3.88h]
=================================================================
Epoch 491: Train (100%)  Score: 10.0868,  Loss: -0.3432
Epoch 491/1000: Time Est.: Elapsed[3.74h], Remain[3.88h]
=================================================================
Epoch 492: Train (100%)  Score: 10.2388,  Loss: -0.3346
Epoch 492/1000: Time Est.: Elapsed[3.75h], Remain[3.87h]
=================================================================
Epoch 493: Train (100%)  Score: 10.3879,  Loss: -0.3437
Epoch 493/1000: Time Est.: Elapsed[3.75h], Remain[3.86h]
=================================================================
Epoch 494: Train (100%)  Score: 10.3806,  Loss: -0.3464
Epoch 494/1000: Time Est.: Elapsed[3.76h], Remain[3.85h]
=================================================================
Epoch 495: Train (100%)  Score: 10.1189,  Loss: -0.3464
Epoch 495/1000: Time Est.: Elapsed[3.77h], Remain[3.84h]
=================================================================
Epoch 496: Train (100%)  Score: 10.4774,  Loss: -0.3495
Epoch 496/1000: Time Est.: Elapsed[3.78h], Remain[3.84h]
=================================================================
Epoch 497: Train (100%)  Score: 10.3924,  Loss: -0.3405
Epoch 497/1000: Time Est.: Elapsed[3.78h], Remain[3.83h]
=================================================================
Epoch 498: Train (100%)  Score: 10.5149,  Loss: -0.3451
Epoch 498/1000: Time Est.: Elapsed[3.79h], Remain[3.82h]
=================================================================
Epoch 499: Train (100%)  Score: 10.3424,  Loss: -0.3378
Epoch 499/1000: Time Est.: Elapsed[3.80h], Remain[3.81h]
=================================================================
Epoch 500: Train (100%)  Score: 10.1315,  Loss: -0.3432
Epoch 500/1000: Time Est.: Elapsed[3.81h], Remain[3.81h]
Saving trained_model
=================================================================
Epoch 501: Train (100%)  Score: 10.3702,  Loss: -0.3434
Epoch 501/1000: Time Est.: Elapsed[3.81h], Remain[3.80h]
=================================================================
Epoch 502: Train (100%)  Score: 10.0696,  Loss: -0.3316
Epoch 502/1000: Time Est.: Elapsed[3.82h], Remain[3.79h]
=================================================================
Epoch 503: Train (100%)  Score: 10.5803,  Loss: -0.3443
Epoch 503/1000: Time Est.: Elapsed[3.83h], Remain[3.78h]
=================================================================
Epoch 504: Train (100%)  Score: 10.3748,  Loss: -0.3410
Epoch 504/1000: Time Est.: Elapsed[3.84h], Remain[3.78h]
=================================================================
Epoch 505: Train (100%)  Score: 10.6975,  Loss: -0.3451
Epoch 505/1000: Time Est.: Elapsed[3.84h], Remain[3.77h]
=================================================================
Epoch 506: Train (100%)  Score: 10.0151,  Loss: -0.3429
Epoch 506/1000: Time Est.: Elapsed[3.85h], Remain[3.76h]
=================================================================
Epoch 507: Train (100%)  Score: 10.3279,  Loss: -0.3441
Epoch 507/1000: Time Est.: Elapsed[3.86h], Remain[3.75h]
=================================================================
Epoch 508: Train (100%)  Score: 10.2115,  Loss: -0.3369
Epoch 508/1000: Time Est.: Elapsed[3.87h], Remain[3.75h]
=================================================================
Epoch 509: Train (100%)  Score: 10.3028,  Loss: -0.3321
Epoch 509/1000: Time Est.: Elapsed[3.88h], Remain[3.74h]
=================================================================
Epoch 510: Train (100%)  Score: 10.2859,  Loss: -0.3340
Epoch 510/1000: Time Est.: Elapsed[3.88h], Remain[3.73h]
=================================================================
Epoch 511: Train (100%)  Score: 10.4318,  Loss: -0.3445
Epoch 511/1000: Time Est.: Elapsed[3.89h], Remain[3.72h]
=================================================================
Epoch 512: Train (100%)  Score: 10.4384,  Loss: -0.3418
Epoch 512/1000: Time Est.: Elapsed[3.90h], Remain[3.72h]
=================================================================
Epoch 513: Train (100%)  Score: 10.3920,  Loss: -0.3425
Epoch 513/1000: Time Est.: Elapsed[3.91h], Remain[3.71h]
=================================================================
Epoch 514: Train (100%)  Score: 10.2217,  Loss: -0.3391
Epoch 514/1000: Time Est.: Elapsed[3.91h], Remain[3.70h]
=================================================================
Epoch 515: Train (100%)  Score: 10.4743,  Loss: -0.3378
Epoch 515/1000: Time Est.: Elapsed[3.92h], Remain[3.69h]
=================================================================
Epoch 516: Train (100%)  Score: 10.2984,  Loss: -0.3390
Epoch 516/1000: Time Est.: Elapsed[3.93h], Remain[3.68h]
=================================================================
Epoch 517: Train (100%)  Score: 9.7691,  Loss: -0.3354
Epoch 517/1000: Time Est.: Elapsed[3.94h], Remain[3.68h]
=================================================================
Epoch 518: Train (100%)  Score: 10.3538,  Loss: -0.3417
Epoch 518/1000: Time Est.: Elapsed[3.94h], Remain[3.67h]
=================================================================
Epoch 519: Train (100%)  Score: 10.3377,  Loss: -0.3453
Epoch 519/1000: Time Est.: Elapsed[3.95h], Remain[3.66h]
=================================================================
Epoch 520: Train (100%)  Score: 10.5326,  Loss: -0.3449
Epoch 520/1000: Time Est.: Elapsed[3.96h], Remain[3.65h]
=================================================================
Epoch 521: Train (100%)  Score: 10.1217,  Loss: -0.3427
Epoch 521/1000: Time Est.: Elapsed[3.97h], Remain[3.65h]
=================================================================
Epoch 522: Train (100%)  Score: 10.4273,  Loss: -0.3333
Epoch 522/1000: Time Est.: Elapsed[3.96h], Remain[3.63h]
=================================================================
Epoch 523: Train (100%)  Score: 10.1879,  Loss: -0.3379
Epoch 523/1000: Time Est.: Elapsed[3.98h], Remain[3.63h]
=================================================================
Epoch 524: Train (100%)  Score: 10.3935,  Loss: -0.3374
Epoch 524/1000: Time Est.: Elapsed[3.99h], Remain[3.62h]
=================================================================
Epoch 525: Train (100%)  Score: 10.4752,  Loss: -0.3489
Epoch 525/1000: Time Est.: Elapsed[4.00h], Remain[3.62h]
=================================================================
Epoch 526: Train (100%)  Score: 9.8579,  Loss: -0.3323
Epoch 526/1000: Time Est.: Elapsed[4.00h], Remain[3.61h]
=================================================================
Epoch 527: Train (100%)  Score: 10.1405,  Loss: -0.3386
Epoch 527/1000: Time Est.: Elapsed[4.01h], Remain[3.60h]
=================================================================
Epoch 528: Train (100%)  Score: 10.2388,  Loss: -0.3447
Epoch 528/1000: Time Est.: Elapsed[4.02h], Remain[3.59h]
=================================================================
Epoch 529: Train (100%)  Score: 10.2658,  Loss: -0.3351
Epoch 529/1000: Time Est.: Elapsed[4.03h], Remain[3.59h]
=================================================================
Epoch 530: Train (100%)  Score: 10.5731,  Loss: -0.3446
Epoch 530/1000: Time Est.: Elapsed[4.03h], Remain[3.58h]
=================================================================
Epoch 531: Train (100%)  Score: 10.5222,  Loss: -0.3424
Epoch 531/1000: Time Est.: Elapsed[4.04h], Remain[3.57h]
=================================================================
Epoch 532: Train (100%)  Score: 10.6294,  Loss: -0.3456
Epoch 532/1000: Time Est.: Elapsed[4.05h], Remain[3.56h]
=================================================================
Epoch 533: Train (100%)  Score: 10.3137,  Loss: -0.3348
Epoch 533/1000: Time Est.: Elapsed[4.06h], Remain[3.55h]
=================================================================
Epoch 534: Train (100%)  Score: 9.8700,  Loss: -0.3368
Epoch 534/1000: Time Est.: Elapsed[4.06h], Remain[3.55h]
=================================================================
Epoch 535: Train (100%)  Score: 10.1247,  Loss: -0.3342
Epoch 535/1000: Time Est.: Elapsed[4.07h], Remain[3.54h]
=================================================================
Epoch 536: Train (100%)  Score: 10.4251,  Loss: -0.3394
Epoch 536/1000: Time Est.: Elapsed[4.08h], Remain[3.53h]
=================================================================
Epoch 537: Train (100%)  Score: 10.2456,  Loss: -0.3406
Epoch 537/1000: Time Est.: Elapsed[4.09h], Remain[3.52h]
=================================================================
Epoch 538: Train (100%)  Score: 10.2097,  Loss: -0.3328
Epoch 538/1000: Time Est.: Elapsed[4.09h], Remain[3.52h]
=================================================================
Epoch 539: Train (100%)  Score: 10.1178,  Loss: -0.3426
Epoch 539/1000: Time Est.: Elapsed[4.10h], Remain[3.51h]
=================================================================
Epoch 540: Train (100%)  Score: 10.3530,  Loss: -0.3324
Epoch 540/1000: Time Est.: Elapsed[4.11h], Remain[3.50h]
=================================================================
Epoch 541: Train (100%)  Score: 10.3941,  Loss: -0.3434
Epoch 541/1000: Time Est.: Elapsed[4.12h], Remain[3.49h]
=================================================================
Epoch 542: Train (100%)  Score: 10.4348,  Loss: -0.3382
Epoch 542/1000: Time Est.: Elapsed[4.12h], Remain[3.49h]
=================================================================
Epoch 543: Train (100%)  Score: 10.0301,  Loss: -0.3377
Epoch 543/1000: Time Est.: Elapsed[4.13h], Remain[3.48h]
=================================================================
Epoch 544: Train (100%)  Score: 10.3886,  Loss: -0.3401
Epoch 544/1000: Time Est.: Elapsed[4.14h], Remain[3.47h]
=================================================================
Epoch 545: Train (100%)  Score: 10.1914,  Loss: -0.3372
Epoch 545/1000: Time Est.: Elapsed[4.15h], Remain[3.46h]
=================================================================
Epoch 546: Train (100%)  Score: 10.4158,  Loss: -0.3359
Epoch 546/1000: Time Est.: Elapsed[4.15h], Remain[3.45h]
=================================================================
Epoch 547: Train (100%)  Score: 10.2676,  Loss: -0.3351
Epoch 547/1000: Time Est.: Elapsed[4.16h], Remain[3.45h]
=================================================================
Epoch 548: Train (100%)  Score: 10.5252,  Loss: -0.3334
Epoch 548/1000: Time Est.: Elapsed[4.17h], Remain[3.44h]
=================================================================
Epoch 549: Train (100%)  Score: 10.0132,  Loss: -0.3336
Epoch 549/1000: Time Est.: Elapsed[4.18h], Remain[3.43h]
=================================================================
Epoch 550: Train (100%)  Score: 10.5111,  Loss: -0.3407
Epoch 550/1000: Time Est.: Elapsed[4.19h], Remain[3.42h]
=================================================================
Epoch 551: Train (100%)  Score: 10.6228,  Loss: -0.3454
Epoch 551/1000: Time Est.: Elapsed[4.19h], Remain[3.42h]
=================================================================
Epoch 552: Train (100%)  Score: 10.3950,  Loss: -0.3359
Epoch 552/1000: Time Est.: Elapsed[4.20h], Remain[3.41h]
=================================================================
Epoch 553: Train (100%)  Score: 10.0670,  Loss: -0.3383
Epoch 553/1000: Time Est.: Elapsed[4.21h], Remain[3.40h]
=================================================================
Epoch 554: Train (100%)  Score: 10.2111,  Loss: -0.3415
Epoch 554/1000: Time Est.: Elapsed[4.22h], Remain[3.39h]
=================================================================
Epoch 555: Train (100%)  Score: 10.1638,  Loss: -0.3383
Epoch 555/1000: Time Est.: Elapsed[4.22h], Remain[3.39h]
=================================================================
Epoch 556: Train (100%)  Score: 10.0730,  Loss: -0.3350
Epoch 556/1000: Time Est.: Elapsed[4.23h], Remain[3.38h]
=================================================================
Epoch 557: Train (100%)  Score: 10.1464,  Loss: -0.3335
Epoch 557/1000: Time Est.: Elapsed[4.24h], Remain[3.37h]
=================================================================
Epoch 558: Train (100%)  Score: 10.0863,  Loss: -0.3341
Epoch 558/1000: Time Est.: Elapsed[4.25h], Remain[3.36h]
=================================================================
Epoch 559: Train (100%)  Score: 10.1948,  Loss: -0.3369
Epoch 559/1000: Time Est.: Elapsed[4.25h], Remain[3.36h]
=================================================================
Epoch 560: Train (100%)  Score: 10.8053,  Loss: -0.3439
Epoch 560/1000: Time Est.: Elapsed[4.26h], Remain[3.35h]
=================================================================
Epoch 561: Train (100%)  Score: 10.0103,  Loss: -0.3381
Epoch 561/1000: Time Est.: Elapsed[4.27h], Remain[3.34h]
=================================================================
Epoch 562: Train (100%)  Score: 9.8952,  Loss: -0.3271
Epoch 562/1000: Time Est.: Elapsed[4.28h], Remain[3.33h]
=================================================================
Epoch 563: Train (100%)  Score: 10.0129,  Loss: -0.3312
Epoch 563/1000: Time Est.: Elapsed[4.28h], Remain[3.32h]
=================================================================
Epoch 564: Train (100%)  Score: 9.8203,  Loss: -0.3338
Epoch 564/1000: Time Est.: Elapsed[4.29h], Remain[3.32h]
=================================================================
Epoch 565: Train (100%)  Score: 10.3215,  Loss: -0.3418
Epoch 565/1000: Time Est.: Elapsed[4.30h], Remain[3.31h]
=================================================================
Epoch 566: Train (100%)  Score: 10.3015,  Loss: -0.3347
Epoch 566/1000: Time Est.: Elapsed[4.31h], Remain[3.30h]
=================================================================
Epoch 567: Train (100%)  Score: 10.3308,  Loss: -0.3343
Epoch 567/1000: Time Est.: Elapsed[4.31h], Remain[3.29h]
=================================================================
Epoch 568: Train (100%)  Score: 10.4302,  Loss: -0.3364
Epoch 568/1000: Time Est.: Elapsed[4.32h], Remain[3.29h]
=================================================================
Epoch 569: Train (100%)  Score: 10.3307,  Loss: -0.3340
Epoch 569/1000: Time Est.: Elapsed[4.33h], Remain[3.28h]
=================================================================
Epoch 570: Train (100%)  Score: 10.4839,  Loss: -0.3334
Epoch 570/1000: Time Est.: Elapsed[4.34h], Remain[3.27h]
=================================================================
Epoch 571: Train (100%)  Score: 10.0062,  Loss: -0.3385
Epoch 571/1000: Time Est.: Elapsed[4.33h], Remain[3.26h]
=================================================================
Epoch 572: Train (100%)  Score: 10.0441,  Loss: -0.3264
Epoch 572/1000: Time Est.: Elapsed[4.35h], Remain[3.26h]
=================================================================
Epoch 573: Train (100%)  Score: 10.1080,  Loss: -0.3292
Epoch 573/1000: Time Est.: Elapsed[4.35h], Remain[3.24h]
=================================================================
Epoch 574: Train (100%)  Score: 9.8089,  Loss: -0.3322
Epoch 574/1000: Time Est.: Elapsed[4.37h], Remain[3.24h]
=================================================================
Epoch 575: Train (100%)  Score: 9.9844,  Loss: -0.3311
Epoch 575/1000: Time Est.: Elapsed[4.37h], Remain[3.23h]
=================================================================
Epoch 576: Train (100%)  Score: 10.3795,  Loss: -0.3350
Epoch 576/1000: Time Est.: Elapsed[4.38h], Remain[3.23h]
=================================================================
Epoch 577: Train (100%)  Score: 10.1812,  Loss: -0.3328
Epoch 577/1000: Time Est.: Elapsed[4.39h], Remain[3.22h]
=================================================================
Epoch 578: Train (100%)  Score: 10.4678,  Loss: -0.3367
Epoch 578/1000: Time Est.: Elapsed[4.40h], Remain[3.21h]
=================================================================
Epoch 579: Train (100%)  Score: 9.7272,  Loss: -0.3270
Epoch 579/1000: Time Est.: Elapsed[4.39h], Remain[3.20h]
=================================================================
Epoch 580: Train (100%)  Score: 9.8294,  Loss: -0.3396
Epoch 580/1000: Time Est.: Elapsed[4.41h], Remain[3.19h]
=================================================================
Epoch 581: Train (100%)  Score: 10.6755,  Loss: -0.3422
Epoch 581/1000: Time Est.: Elapsed[4.42h], Remain[3.19h]
=================================================================
Epoch 582: Train (100%)  Score: 10.3932,  Loss: -0.3350
Epoch 582/1000: Time Est.: Elapsed[4.43h], Remain[3.18h]
=================================================================
>> Invalid instances, Re-generating ...
Epoch 583: Train (100%)  Score: 10.5211,  Loss: -0.3369
Epoch 583/1000: Time Est.: Elapsed[4.43h], Remain[3.17h]
=================================================================
Epoch 584: Train (100%)  Score: 10.0753,  Loss: -0.3331
Epoch 584/1000: Time Est.: Elapsed[4.44h], Remain[3.16h]
=================================================================
Epoch 585: Train (100%)  Score: 9.8658,  Loss: -0.3334
Epoch 585/1000: Time Est.: Elapsed[4.45h], Remain[3.16h]
=================================================================
Epoch 586: Train (100%)  Score: 10.6672,  Loss: -0.3358
Epoch 586/1000: Time Est.: Elapsed[4.46h], Remain[3.15h]
=================================================================
Epoch 587: Train (100%)  Score: 10.1064,  Loss: -0.3295
Epoch 587/1000: Time Est.: Elapsed[4.46h], Remain[3.14h]
=================================================================
Epoch 588: Train (100%)  Score: 10.1495,  Loss: -0.3259
Epoch 588/1000: Time Est.: Elapsed[4.47h], Remain[3.13h]
=================================================================
Epoch 589: Train (100%)  Score: 10.3577,  Loss: -0.3338
Epoch 589/1000: Time Est.: Elapsed[4.48h], Remain[3.13h]
=================================================================
Epoch 590: Train (100%)  Score: 9.9567,  Loss: -0.3260
Epoch 590/1000: Time Est.: Elapsed[4.49h], Remain[3.12h]
=================================================================
Epoch 591: Train (100%)  Score: 10.2482,  Loss: -0.3372
Epoch 591/1000: Time Est.: Elapsed[4.49h], Remain[3.11h]
=================================================================
Epoch 592: Train (100%)  Score: 10.2438,  Loss: -0.3278
Epoch 592/1000: Time Est.: Elapsed[4.50h], Remain[3.10h]
=================================================================
Epoch 593: Train (100%)  Score: 10.2101,  Loss: -0.3288
Epoch 593/1000: Time Est.: Elapsed[4.51h], Remain[3.10h]
=================================================================
Epoch 594: Train (100%)  Score: 10.4376,  Loss: -0.3328
Epoch 594/1000: Time Est.: Elapsed[4.52h], Remain[3.09h]
=================================================================
Epoch 595: Train (100%)  Score: 10.2177,  Loss: -0.3320
Epoch 595/1000: Time Est.: Elapsed[4.53h], Remain[3.08h]
=================================================================
Epoch 596: Train (100%)  Score: 10.6337,  Loss: -0.3378
Epoch 596/1000: Time Est.: Elapsed[4.53h], Remain[3.07h]
=================================================================
Epoch 597: Train (100%)  Score: 10.2205,  Loss: -0.3354
Epoch 597/1000: Time Est.: Elapsed[4.54h], Remain[3.06h]
=================================================================
Epoch 598: Train (100%)  Score: 10.2912,  Loss: -0.3317
Epoch 598/1000: Time Est.: Elapsed[4.55h], Remain[3.06h]
=================================================================
Epoch 599: Train (100%)  Score: 10.0261,  Loss: -0.3320
Epoch 599/1000: Time Est.: Elapsed[4.56h], Remain[3.05h]
=================================================================
Epoch 600: Train (100%)  Score: 10.5688,  Loss: -0.3355
Epoch 600/1000: Time Est.: Elapsed[4.56h], Remain[3.04h]
Saving trained_model
=================================================================
Epoch 601: Train (100%)  Score: 10.3019,  Loss: -0.3294
Epoch 601/1000: Time Est.: Elapsed[4.57h], Remain[3.03h]
=================================================================
Epoch 602: Train (100%)  Score: 10.3380,  Loss: -0.3378
Epoch 602/1000: Time Est.: Elapsed[4.58h], Remain[3.03h]
=================================================================
Epoch 603: Train (100%)  Score: 10.3700,  Loss: -0.3282
Epoch 603/1000: Time Est.: Elapsed[4.59h], Remain[3.02h]
=================================================================
Epoch 604: Train (100%)  Score: 10.5309,  Loss: -0.3284
Epoch 604/1000: Time Est.: Elapsed[4.59h], Remain[3.01h]
=================================================================
Epoch 605: Train (100%)  Score: 10.3695,  Loss: -0.3310
Epoch 605/1000: Time Est.: Elapsed[4.60h], Remain[3.00h]
=================================================================
Epoch 606: Train (100%)  Score: 10.2781,  Loss: -0.3351
Epoch 606/1000: Time Est.: Elapsed[4.60h], Remain[2.99h]
=================================================================
Epoch 607: Train (100%)  Score: 10.0903,  Loss: -0.3267
Epoch 607/1000: Time Est.: Elapsed[4.62h], Remain[2.99h]
=================================================================
Epoch 608: Train (100%)  Score: 10.4873,  Loss: -0.3314
Epoch 608/1000: Time Est.: Elapsed[4.62h], Remain[2.98h]
=================================================================
Epoch 609: Train (100%)  Score: 10.1317,  Loss: -0.3271
Epoch 609/1000: Time Est.: Elapsed[4.63h], Remain[2.97h]
=================================================================
Epoch 610: Train (100%)  Score: 10.0963,  Loss: -0.3344
Epoch 610/1000: Time Est.: Elapsed[4.64h], Remain[2.97h]
=================================================================
Epoch 611: Train (100%)  Score: 10.2720,  Loss: -0.3299
Epoch 611/1000: Time Est.: Elapsed[4.65h], Remain[2.96h]
=================================================================
Epoch 612: Train (100%)  Score: 10.4399,  Loss: -0.3328
Epoch 612/1000: Time Est.: Elapsed[4.65h], Remain[2.95h]
=================================================================
Epoch 613: Train (100%)  Score: 10.8053,  Loss: -0.3329
Epoch 613/1000: Time Est.: Elapsed[4.66h], Remain[2.94h]
=================================================================
Epoch 614: Train (100%)  Score: 10.1530,  Loss: -0.3366
Epoch 614/1000: Time Est.: Elapsed[4.67h], Remain[2.94h]
=================================================================
Epoch 615: Train (100%)  Score: 10.2530,  Loss: -0.3190
Epoch 615/1000: Time Est.: Elapsed[4.68h], Remain[2.93h]
=================================================================
Epoch 616: Train (100%)  Score: 9.9820,  Loss: -0.3334
Epoch 616/1000: Time Est.: Elapsed[4.68h], Remain[2.92h]
=================================================================
Epoch 617: Train (100%)  Score: 10.5472,  Loss: -0.3377
Epoch 617/1000: Time Est.: Elapsed[4.69h], Remain[2.91h]
=================================================================
Epoch 618: Train (100%)  Score: 10.3603,  Loss: -0.3287
Epoch 618/1000: Time Est.: Elapsed[4.70h], Remain[2.90h]
=================================================================
Epoch 619: Train (100%)  Score: 10.3610,  Loss: -0.3300
Epoch 619/1000: Time Est.: Elapsed[4.71h], Remain[2.90h]
=================================================================
Epoch 620: Train (100%)  Score: 9.9050,  Loss: -0.3274
Epoch 620/1000: Time Est.: Elapsed[4.71h], Remain[2.89h]
=================================================================
Epoch 621: Train (100%)  Score: 10.4410,  Loss: -0.3345
Epoch 621/1000: Time Est.: Elapsed[4.72h], Remain[2.88h]
=================================================================
Epoch 622: Train (100%)  Score: 10.0121,  Loss: -0.3352
Epoch 622/1000: Time Est.: Elapsed[4.73h], Remain[2.87h]
=================================================================
Epoch 623: Train (100%)  Score: 10.3796,  Loss: -0.3392
Epoch 623/1000: Time Est.: Elapsed[4.74h], Remain[2.87h]
=================================================================
Epoch 624: Train (100%)  Score: 10.4404,  Loss: -0.3253
Epoch 624/1000: Time Est.: Elapsed[4.74h], Remain[2.86h]
=================================================================
Epoch 625: Train (100%)  Score: 10.3645,  Loss: -0.3327
Epoch 625/1000: Time Est.: Elapsed[4.75h], Remain[2.85h]
=================================================================
Epoch 626: Train (100%)  Score: 10.0401,  Loss: -0.3292
Epoch 626/1000: Time Est.: Elapsed[4.76h], Remain[2.84h]
=================================================================
Epoch 627: Train (100%)  Score: 10.5473,  Loss: -0.3301
Epoch 627/1000: Time Est.: Elapsed[4.77h], Remain[2.84h]
=================================================================
Epoch 628: Train (100%)  Score: 10.2210,  Loss: -0.3315
Epoch 628/1000: Time Est.: Elapsed[4.77h], Remain[2.83h]
=================================================================
Epoch 629: Train (100%)  Score: 10.7654,  Loss: -0.3349
Epoch 629/1000: Time Est.: Elapsed[4.78h], Remain[2.82h]
=================================================================
Epoch 630: Train (100%)  Score: 10.1249,  Loss: -0.3318
Epoch 630/1000: Time Est.: Elapsed[4.79h], Remain[2.81h]
=================================================================
Epoch 631: Train (100%)  Score: 10.1367,  Loss: -0.3304
Epoch 631/1000: Time Est.: Elapsed[4.80h], Remain[2.81h]
=================================================================
Epoch 632: Train (100%)  Score: 10.2460,  Loss: -0.3242
Epoch 632/1000: Time Est.: Elapsed[4.80h], Remain[2.80h]
=================================================================
Epoch 633: Train (100%)  Score: 10.2630,  Loss: -0.3288
Epoch 633/1000: Time Est.: Elapsed[4.81h], Remain[2.79h]
=================================================================
Epoch 634: Train (100%)  Score: 10.0104,  Loss: -0.3214
Epoch 634/1000: Time Est.: Elapsed[4.81h], Remain[2.78h]
=================================================================
Epoch 635: Train (100%)  Score: 10.6047,  Loss: -0.3285
Epoch 635/1000: Time Est.: Elapsed[4.83h], Remain[2.77h]
=================================================================
Epoch 636: Train (100%)  Score: 10.0761,  Loss: -0.3283
Epoch 636/1000: Time Est.: Elapsed[4.83h], Remain[2.77h]
=================================================================
Epoch 637: Train (100%)  Score: 10.2661,  Loss: -0.3391
Epoch 637/1000: Time Est.: Elapsed[4.84h], Remain[2.76h]
=================================================================
Epoch 638: Train (100%)  Score: 10.3690,  Loss: -0.3333
Epoch 638/1000: Time Est.: Elapsed[4.85h], Remain[2.75h]
=================================================================
Epoch 639: Train (100%)  Score: 10.4062,  Loss: -0.3266
Epoch 639/1000: Time Est.: Elapsed[4.86h], Remain[2.74h]
=================================================================
Epoch 640: Train (100%)  Score: 10.4226,  Loss: -0.3291
Epoch 640/1000: Time Est.: Elapsed[4.86h], Remain[2.74h]
=================================================================
Epoch 641: Train (100%)  Score: 10.1936,  Loss: -0.3298
Epoch 641/1000: Time Est.: Elapsed[4.87h], Remain[2.73h]
=================================================================
Epoch 642: Train (100%)  Score: 10.2940,  Loss: -0.3384
Epoch 642/1000: Time Est.: Elapsed[4.88h], Remain[2.72h]
=================================================================
Epoch 643: Train (100%)  Score: 10.2145,  Loss: -0.3309
Epoch 643/1000: Time Est.: Elapsed[4.89h], Remain[2.71h]
=================================================================
Epoch 644: Train (100%)  Score: 10.1171,  Loss: -0.3255
Epoch 644/1000: Time Est.: Elapsed[4.90h], Remain[2.71h]
=================================================================
Epoch 645: Train (100%)  Score: 10.3185,  Loss: -0.3270
Epoch 645/1000: Time Est.: Elapsed[4.90h], Remain[2.70h]
=================================================================
Epoch 646: Train (100%)  Score: 10.4230,  Loss: -0.3333
Epoch 646/1000: Time Est.: Elapsed[4.91h], Remain[2.69h]
=================================================================
Epoch 647: Train (100%)  Score: 9.8816,  Loss: -0.3287
Epoch 647/1000: Time Est.: Elapsed[4.92h], Remain[2.68h]
=================================================================
Epoch 648: Train (100%)  Score: 10.2120,  Loss: -0.3277
Epoch 648/1000: Time Est.: Elapsed[4.93h], Remain[2.68h]
=================================================================
Epoch 649: Train (100%)  Score: 10.3648,  Loss: -0.3336
Epoch 649/1000: Time Est.: Elapsed[4.93h], Remain[2.67h]
=================================================================
Epoch 650: Train (100%)  Score: 10.2300,  Loss: -0.3396
Epoch 650/1000: Time Est.: Elapsed[4.94h], Remain[2.66h]
=================================================================
Epoch 651: Train (100%)  Score: 10.1960,  Loss: -0.3253
Epoch 651/1000: Time Est.: Elapsed[4.95h], Remain[2.65h]
=================================================================
Epoch 652: Train (100%)  Score: 10.2049,  Loss: -0.3197
Epoch 652/1000: Time Est.: Elapsed[4.96h], Remain[2.65h]
=================================================================
Epoch 653: Train (100%)  Score: 10.1089,  Loss: -0.3311
Epoch 653/1000: Time Est.: Elapsed[4.96h], Remain[2.64h]
=================================================================
Epoch 654: Train (100%)  Score: 11.0671,  Loss: -0.3468
Epoch 654/1000: Time Est.: Elapsed[4.97h], Remain[2.63h]
=================================================================
Epoch 655: Train (100%)  Score: 10.2295,  Loss: -0.3284
Epoch 655/1000: Time Est.: Elapsed[4.98h], Remain[2.62h]
=================================================================
Epoch 656: Train (100%)  Score: 10.0708,  Loss: -0.3277
Epoch 656/1000: Time Est.: Elapsed[4.99h], Remain[2.61h]
=================================================================
Epoch 657: Train (100%)  Score: 10.3561,  Loss: -0.3274
Epoch 657/1000: Time Est.: Elapsed[4.99h], Remain[2.61h]
=================================================================
Epoch 658: Train (100%)  Score: 10.0893,  Loss: -0.3306
Epoch 658/1000: Time Est.: Elapsed[5.00h], Remain[2.60h]
=================================================================
Epoch 659: Train (100%)  Score: 10.1556,  Loss: -0.3304
Epoch 659/1000: Time Est.: Elapsed[5.01h], Remain[2.59h]
=================================================================
Epoch 660: Train (100%)  Score: 9.9351,  Loss: -0.3159
Epoch 660/1000: Time Est.: Elapsed[5.02h], Remain[2.58h]
=================================================================
Epoch 661: Train (100%)  Score: 9.9208,  Loss: -0.3319
Epoch 661/1000: Time Est.: Elapsed[5.02h], Remain[2.58h]
=================================================================
Epoch 662: Train (100%)  Score: 10.1858,  Loss: -0.3222
Epoch 662/1000: Time Est.: Elapsed[5.03h], Remain[2.57h]
=================================================================
Epoch 663: Train (100%)  Score: 10.1413,  Loss: -0.3251
Epoch 663/1000: Time Est.: Elapsed[5.04h], Remain[2.56h]
=================================================================
Epoch 664: Train (100%)  Score: 10.0444,  Loss: -0.3211
Epoch 664/1000: Time Est.: Elapsed[5.05h], Remain[2.55h]
=================================================================
Epoch 665: Train (100%)  Score: 10.2804,  Loss: -0.3291
Epoch 665/1000: Time Est.: Elapsed[5.05h], Remain[2.55h]
=================================================================
Epoch 666: Train (100%)  Score: 10.2842,  Loss: -0.3318
Epoch 666/1000: Time Est.: Elapsed[5.06h], Remain[2.54h]
=================================================================
Epoch 667: Train (100%)  Score: 10.2498,  Loss: -0.3236
Epoch 667/1000: Time Est.: Elapsed[5.07h], Remain[2.53h]
=================================================================
Epoch 668: Train (100%)  Score: 10.5674,  Loss: -0.3288
Epoch 668/1000: Time Est.: Elapsed[5.08h], Remain[2.52h]
=================================================================
Epoch 669: Train (100%)  Score: 10.1324,  Loss: -0.3188
Epoch 669/1000: Time Est.: Elapsed[5.08h], Remain[2.52h]
=================================================================
Epoch 670: Train (100%)  Score: 10.4766,  Loss: -0.3269
Epoch 670/1000: Time Est.: Elapsed[5.09h], Remain[2.51h]
=================================================================
Epoch 671: Train (100%)  Score: 9.9362,  Loss: -0.3286
Epoch 671/1000: Time Est.: Elapsed[5.10h], Remain[2.50h]
=================================================================
Epoch 672: Train (100%)  Score: 10.1708,  Loss: -0.3264
Epoch 672/1000: Time Est.: Elapsed[5.11h], Remain[2.49h]
=================================================================
Epoch 673: Train (100%)  Score: 10.2542,  Loss: -0.3291
Epoch 673/1000: Time Est.: Elapsed[5.11h], Remain[2.49h]
=================================================================
Epoch 674: Train (100%)  Score: 10.0120,  Loss: -0.3219
Epoch 674/1000: Time Est.: Elapsed[5.12h], Remain[2.48h]
=================================================================
Epoch 675: Train (100%)  Score: 9.9473,  Loss: -0.3232
Epoch 675/1000: Time Est.: Elapsed[5.13h], Remain[2.47h]
=================================================================
Epoch 676: Train (100%)  Score: 10.2654,  Loss: -0.3246
Epoch 676/1000: Time Est.: Elapsed[5.14h], Remain[2.46h]
=================================================================
Epoch 677: Train (100%)  Score: 10.3723,  Loss: -0.3240
Epoch 677/1000: Time Est.: Elapsed[5.14h], Remain[2.45h]
=================================================================
Epoch 678: Train (100%)  Score: 10.5074,  Loss: -0.3204
Epoch 678/1000: Time Est.: Elapsed[5.15h], Remain[2.45h]
=================================================================
Epoch 679: Train (100%)  Score: 9.9768,  Loss: -0.3155
Epoch 679/1000: Time Est.: Elapsed[5.16h], Remain[2.44h]
=================================================================
Epoch 680: Train (100%)  Score: 10.6298,  Loss: -0.3280
Epoch 680/1000: Time Est.: Elapsed[5.17h], Remain[2.43h]
=================================================================
Epoch 681: Train (100%)  Score: 9.9899,  Loss: -0.3234
Epoch 681/1000: Time Est.: Elapsed[5.18h], Remain[2.42h]
=================================================================
Epoch 682: Train (100%)  Score: 10.1902,  Loss: -0.3225
Epoch 682/1000: Time Est.: Elapsed[5.18h], Remain[2.42h]
=================================================================
Epoch 683: Train (100%)  Score: 10.2409,  Loss: -0.3325
Epoch 683/1000: Time Est.: Elapsed[5.19h], Remain[2.41h]
=================================================================
Epoch 684: Train (100%)  Score: 10.6948,  Loss: -0.3268
Epoch 684/1000: Time Est.: Elapsed[5.20h], Remain[2.40h]
=================================================================
Epoch 685: Train (100%)  Score: 10.3030,  Loss: -0.3293
Epoch 685/1000: Time Est.: Elapsed[5.21h], Remain[2.39h]
=================================================================
Epoch 686: Train (100%)  Score: 9.9629,  Loss: -0.3188
Epoch 686/1000: Time Est.: Elapsed[5.21h], Remain[2.39h]
=================================================================
Epoch 687: Train (100%)  Score: 10.1097,  Loss: -0.3192
Epoch 687/1000: Time Est.: Elapsed[5.22h], Remain[2.38h]
=================================================================
Epoch 688: Train (100%)  Score: 10.4938,  Loss: -0.3279
Epoch 688/1000: Time Est.: Elapsed[5.23h], Remain[2.37h]
=================================================================
Epoch 689: Train (100%)  Score: 10.3874,  Loss: -0.3315
Epoch 689/1000: Time Est.: Elapsed[5.24h], Remain[2.36h]
=================================================================
Epoch 690: Train (100%)  Score: 10.4364,  Loss: -0.3305
Epoch 690/1000: Time Est.: Elapsed[5.24h], Remain[2.36h]
=================================================================
Epoch 691: Train (100%)  Score: 10.2721,  Loss: -0.3227
Epoch 691/1000: Time Est.: Elapsed[5.25h], Remain[2.35h]
=================================================================
Epoch 692: Train (100%)  Score: 10.2518,  Loss: -0.3255
Epoch 692/1000: Time Est.: Elapsed[5.25h], Remain[2.34h]
=================================================================
Epoch 693: Train (100%)  Score: 10.3107,  Loss: -0.3239
Epoch 693/1000: Time Est.: Elapsed[5.27h], Remain[2.33h]
=================================================================
Epoch 694: Train (100%)  Score: 9.9716,  Loss: -0.3165
Epoch 694/1000: Time Est.: Elapsed[5.27h], Remain[2.33h]
=================================================================
Epoch 695: Train (100%)  Score: 10.3194,  Loss: -0.3238
Epoch 695/1000: Time Est.: Elapsed[5.28h], Remain[2.32h]
=================================================================
Epoch 696: Train (100%)  Score: 10.3915,  Loss: -0.3279
Epoch 696/1000: Time Est.: Elapsed[5.29h], Remain[2.31h]
=================================================================
Epoch 697: Train (100%)  Score: 10.5018,  Loss: -0.3189
Epoch 697/1000: Time Est.: Elapsed[5.30h], Remain[2.30h]
=================================================================
Epoch 698: Train (100%)  Score: 10.2587,  Loss: -0.3211
Epoch 698/1000: Time Est.: Elapsed[5.30h], Remain[2.29h]
=================================================================
Epoch 699: Train (100%)  Score: 10.1483,  Loss: -0.3256
Epoch 699/1000: Time Est.: Elapsed[5.31h], Remain[2.29h]
=================================================================
Epoch 700: Train (100%)  Score: 10.1655,  Loss: -0.3235
Epoch 700/1000: Time Est.: Elapsed[5.32h], Remain[2.28h]
Saving trained_model
=================================================================
Epoch 701: Train (100%)  Score: 10.1894,  Loss: -0.3169
Epoch 701/1000: Time Est.: Elapsed[5.33h], Remain[2.27h]
=================================================================
Epoch 702: Train (100%)  Score: 10.0148,  Loss: -0.3193
Epoch 702/1000: Time Est.: Elapsed[5.33h], Remain[2.26h]
=================================================================
Epoch 703: Train (100%)  Score: 10.5319,  Loss: -0.3246
Epoch 703/1000: Time Est.: Elapsed[5.34h], Remain[2.26h]
=================================================================
Epoch 704: Train (100%)  Score: 10.4175,  Loss: -0.3288
Epoch 704/1000: Time Est.: Elapsed[5.35h], Remain[2.25h]
=================================================================
Epoch 705: Train (100%)  Score: 10.7367,  Loss: -0.3257
Epoch 705/1000: Time Est.: Elapsed[5.36h], Remain[2.24h]
=================================================================
Epoch 706: Train (100%)  Score: 10.0661,  Loss: -0.3223
Epoch 706/1000: Time Est.: Elapsed[5.36h], Remain[2.23h]
=================================================================
Epoch 707: Train (100%)  Score: 10.7001,  Loss: -0.3212
Epoch 707/1000: Time Est.: Elapsed[5.37h], Remain[2.23h]
=================================================================
Epoch 708: Train (100%)  Score: 10.2859,  Loss: -0.3281
Epoch 708/1000: Time Est.: Elapsed[5.38h], Remain[2.22h]
=================================================================
Epoch 709: Train (100%)  Score: 10.4875,  Loss: -0.3232
Epoch 709/1000: Time Est.: Elapsed[5.39h], Remain[2.21h]
=================================================================
Epoch 710: Train (100%)  Score: 10.0891,  Loss: -0.3294
Epoch 710/1000: Time Est.: Elapsed[5.39h], Remain[2.20h]
=================================================================
Epoch 711: Train (100%)  Score: 10.4659,  Loss: -0.3315
Epoch 711/1000: Time Est.: Elapsed[5.40h], Remain[2.20h]
=================================================================
Epoch 712: Train (100%)  Score: 10.3809,  Loss: -0.3255
Epoch 712/1000: Time Est.: Elapsed[5.41h], Remain[2.19h]
=================================================================
Epoch 713: Train (100%)  Score: 10.0579,  Loss: -0.3270
Epoch 713/1000: Time Est.: Elapsed[5.42h], Remain[2.18h]
=================================================================
Epoch 714: Train (100%)  Score: 10.2234,  Loss: -0.3242
Epoch 714/1000: Time Est.: Elapsed[5.42h], Remain[2.17h]
=================================================================
Epoch 715: Train (100%)  Score: 10.0165,  Loss: -0.3131
Epoch 715/1000: Time Est.: Elapsed[5.43h], Remain[2.17h]
=================================================================
Epoch 716: Train (100%)  Score: 10.1775,  Loss: -0.3184
Epoch 716/1000: Time Est.: Elapsed[5.44h], Remain[2.16h]
=================================================================
Epoch 717: Train (100%)  Score: 10.0930,  Loss: -0.3217
Epoch 717/1000: Time Est.: Elapsed[5.45h], Remain[2.15h]
=================================================================
Epoch 718: Train (100%)  Score: 9.8743,  Loss: -0.3168
Epoch 718/1000: Time Est.: Elapsed[5.45h], Remain[2.14h]
=================================================================
Epoch 719: Train (100%)  Score: 10.4345,  Loss: -0.3275
Epoch 719/1000: Time Est.: Elapsed[5.46h], Remain[2.13h]
=================================================================
Epoch 720: Train (100%)  Score: 10.4501,  Loss: -0.3316
Epoch 720/1000: Time Est.: Elapsed[5.47h], Remain[2.13h]
=================================================================
Epoch 721: Train (100%)  Score: 10.2314,  Loss: -0.3271
Epoch 721/1000: Time Est.: Elapsed[5.48h], Remain[2.12h]
=================================================================
Epoch 722: Train (100%)  Score: 10.5904,  Loss: -0.3232
Epoch 722/1000: Time Est.: Elapsed[5.48h], Remain[2.11h]
=================================================================
Epoch 723: Train (100%)  Score: 10.4797,  Loss: -0.3270
Epoch 723/1000: Time Est.: Elapsed[5.49h], Remain[2.10h]
=================================================================
Epoch 724: Train (100%)  Score: 10.3674,  Loss: -0.3246
Epoch 724/1000: Time Est.: Elapsed[5.50h], Remain[2.10h]
=================================================================
Epoch 725: Train (100%)  Score: 10.4587,  Loss: -0.3268
Epoch 725/1000: Time Est.: Elapsed[5.51h], Remain[2.09h]
=================================================================
Epoch 726: Train (100%)  Score: 10.7632,  Loss: -0.3315
Epoch 726/1000: Time Est.: Elapsed[5.52h], Remain[2.08h]
=================================================================
Epoch 727: Train (100%)  Score: 10.5151,  Loss: -0.3189
Epoch 727/1000: Time Est.: Elapsed[5.52h], Remain[2.07h]
=================================================================
Epoch 728: Train (100%)  Score: 9.9766,  Loss: -0.3185
Epoch 728/1000: Time Est.: Elapsed[5.53h], Remain[2.07h]
=================================================================
Epoch 729: Train (100%)  Score: 10.0379,  Loss: -0.3218
Epoch 729/1000: Time Est.: Elapsed[5.54h], Remain[2.06h]
=================================================================
Epoch 730: Train (100%)  Score: 10.0101,  Loss: -0.3206
Epoch 730/1000: Time Est.: Elapsed[5.55h], Remain[2.05h]
=================================================================
Epoch 731: Train (100%)  Score: 9.7029,  Loss: -0.3150
Epoch 731/1000: Time Est.: Elapsed[5.55h], Remain[2.04h]
=================================================================
Epoch 732: Train (100%)  Score: 10.0537,  Loss: -0.3222
Epoch 732/1000: Time Est.: Elapsed[5.56h], Remain[2.04h]
=================================================================
Epoch 733: Train (100%)  Score: 10.0499,  Loss: -0.3152
Epoch 733/1000: Time Est.: Elapsed[5.57h], Remain[2.03h]
=================================================================
Epoch 734: Train (100%)  Score: 9.9640,  Loss: -0.3220
Epoch 734/1000: Time Est.: Elapsed[5.58h], Remain[2.02h]
=================================================================
Epoch 735: Train (100%)  Score: 9.9321,  Loss: -0.3194
Epoch 735/1000: Time Est.: Elapsed[5.58h], Remain[2.01h]
=================================================================
Epoch 736: Train (100%)  Score: 10.4850,  Loss: -0.3215
Epoch 736/1000: Time Est.: Elapsed[5.59h], Remain[2.01h]
=================================================================
Epoch 737: Train (100%)  Score: 10.1963,  Loss: -0.3243
Epoch 737/1000: Time Est.: Elapsed[5.60h], Remain[2.00h]
=================================================================
Epoch 738: Train (100%)  Score: 10.1336,  Loss: -0.3168
Epoch 738/1000: Time Est.: Elapsed[5.61h], Remain[1.99h]
=================================================================
Epoch 739: Train (100%)  Score: 10.4168,  Loss: -0.3214
Epoch 739/1000: Time Est.: Elapsed[5.61h], Remain[1.98h]
=================================================================
Epoch 740: Train (100%)  Score: 10.0156,  Loss: -0.3139
Epoch 740/1000: Time Est.: Elapsed[5.62h], Remain[1.97h]
=================================================================
Epoch 741: Train (100%)  Score: 10.1302,  Loss: -0.3254
Epoch 741/1000: Time Est.: Elapsed[5.63h], Remain[1.97h]
=================================================================
Epoch 742: Train (100%)  Score: 10.2529,  Loss: -0.3191
Epoch 742/1000: Time Est.: Elapsed[5.64h], Remain[1.96h]
=================================================================
Epoch 743: Train (100%)  Score: 10.1792,  Loss: -0.3191
Epoch 743/1000: Time Est.: Elapsed[5.64h], Remain[1.95h]
=================================================================
Epoch 744: Train (100%)  Score: 10.5406,  Loss: -0.3215
Epoch 744/1000: Time Est.: Elapsed[5.65h], Remain[1.94h]
=================================================================
Epoch 745: Train (100%)  Score: 10.2965,  Loss: -0.3217
Epoch 745/1000: Time Est.: Elapsed[5.66h], Remain[1.94h]
=================================================================
Epoch 746: Train (100%)  Score: 10.4588,  Loss: -0.3262
Epoch 746/1000: Time Est.: Elapsed[5.67h], Remain[1.93h]
=================================================================
Epoch 747: Train (100%)  Score: 10.1456,  Loss: -0.3280
Epoch 747/1000: Time Est.: Elapsed[5.67h], Remain[1.92h]
=================================================================
Epoch 748: Train (100%)  Score: 10.1901,  Loss: -0.3278
Epoch 748/1000: Time Est.: Elapsed[5.68h], Remain[1.91h]
=================================================================
Epoch 749: Train (100%)  Score: 10.3746,  Loss: -0.3160
Epoch 749/1000: Time Est.: Elapsed[5.69h], Remain[1.91h]
=================================================================
Epoch 750: Train (100%)  Score: 10.2579,  Loss: -0.3148
Epoch 750/1000: Time Est.: Elapsed[5.70h], Remain[1.90h]
=================================================================
Epoch 751: Train (100%)  Score: 10.2162,  Loss: -0.3140
Epoch 751/1000: Time Est.: Elapsed[5.70h], Remain[1.89h]
=================================================================
Epoch 752: Train (100%)  Score: 10.0365,  Loss: -0.3207
Epoch 752/1000: Time Est.: Elapsed[5.71h], Remain[1.88h]
=================================================================
Epoch 753: Train (100%)  Score: 10.6425,  Loss: -0.3202
Epoch 753/1000: Time Est.: Elapsed[5.72h], Remain[1.88h]
=================================================================
Epoch 754: Train (100%)  Score: 10.1202,  Loss: -0.3068
Epoch 754/1000: Time Est.: Elapsed[5.73h], Remain[1.87h]
=================================================================
Epoch 755: Train (100%)  Score: 10.0554,  Loss: -0.3166
Epoch 755/1000: Time Est.: Elapsed[5.73h], Remain[1.86h]
=================================================================
Epoch 756: Train (100%)  Score: 10.2120,  Loss: -0.3265
Epoch 756/1000: Time Est.: Elapsed[5.74h], Remain[1.85h]
=================================================================
Epoch 757: Train (100%)  Score: 10.4087,  Loss: -0.3159
Epoch 757/1000: Time Est.: Elapsed[5.75h], Remain[1.85h]
=================================================================
Epoch 758: Train (100%)  Score: 10.5631,  Loss: -0.3298
Epoch 758/1000: Time Est.: Elapsed[5.76h], Remain[1.84h]
=================================================================
Epoch 759: Train (100%)  Score: 10.3524,  Loss: -0.3221
Epoch 759/1000: Time Est.: Elapsed[5.76h], Remain[1.83h]
=================================================================
Epoch 760: Train (100%)  Score: 10.3328,  Loss: -0.3174
Epoch 760/1000: Time Est.: Elapsed[5.77h], Remain[1.82h]
=================================================================
Epoch 761: Train (100%)  Score: 10.4825,  Loss: -0.3216
Epoch 761/1000: Time Est.: Elapsed[5.78h], Remain[1.82h]
=================================================================
Epoch 762: Train (100%)  Score: 10.4742,  Loss: -0.3268
Epoch 762/1000: Time Est.: Elapsed[5.79h], Remain[1.81h]
=================================================================
Epoch 763: Train (100%)  Score: 9.8883,  Loss: -0.3172
Epoch 763/1000: Time Est.: Elapsed[5.79h], Remain[1.80h]
=================================================================
Epoch 764: Train (100%)  Score: 9.8210,  Loss: -0.3168
Epoch 764/1000: Time Est.: Elapsed[5.80h], Remain[1.79h]
=================================================================
Epoch 765: Train (100%)  Score: 10.2914,  Loss: -0.3160
Epoch 765/1000: Time Est.: Elapsed[5.80h], Remain[1.78h]
=================================================================
Epoch 766: Train (100%)  Score: 10.2099,  Loss: -0.3137
Epoch 766/1000: Time Est.: Elapsed[5.82h], Remain[1.78h]
=================================================================
Epoch 767: Train (100%)  Score: 9.7307,  Loss: -0.3105
Epoch 767/1000: Time Est.: Elapsed[5.82h], Remain[1.77h]
=================================================================
Epoch 768: Train (100%)  Score: 10.0533,  Loss: -0.3185
Epoch 768/1000: Time Est.: Elapsed[5.83h], Remain[1.76h]
=================================================================
Epoch 769: Train (100%)  Score: 10.3164,  Loss: -0.3266
Epoch 769/1000: Time Est.: Elapsed[5.84h], Remain[1.75h]
=================================================================
Epoch 770: Train (100%)  Score: 10.0029,  Loss: -0.3111
Epoch 770/1000: Time Est.: Elapsed[5.85h], Remain[1.75h]
=================================================================
Epoch 771: Train (100%)  Score: 9.8900,  Loss: -0.3147
Epoch 771/1000: Time Est.: Elapsed[5.86h], Remain[1.74h]
=================================================================
Epoch 772: Train (100%)  Score: 10.1303,  Loss: -0.3203
Epoch 772/1000: Time Est.: Elapsed[5.87h], Remain[1.73h]
=================================================================
Epoch 773: Train (100%)  Score: 10.6508,  Loss: -0.3248
Epoch 773/1000: Time Est.: Elapsed[5.87h], Remain[1.72h]
=================================================================
Epoch 774: Train (100%)  Score: 10.2965,  Loss: -0.3216
Epoch 774/1000: Time Est.: Elapsed[5.88h], Remain[1.72h]
=================================================================
Epoch 775: Train (100%)  Score: 9.9874,  Loss: -0.3194
Epoch 775/1000: Time Est.: Elapsed[5.89h], Remain[1.71h]
=================================================================
Epoch 776: Train (100%)  Score: 10.2763,  Loss: -0.3153
Epoch 776/1000: Time Est.: Elapsed[5.90h], Remain[1.70h]
=================================================================
Epoch 777: Train (100%)  Score: 10.2000,  Loss: -0.3159
Epoch 777/1000: Time Est.: Elapsed[5.89h], Remain[1.69h]
=================================================================
Epoch 778: Train (100%)  Score: 10.5432,  Loss: -0.3192
Epoch 778/1000: Time Est.: Elapsed[5.91h], Remain[1.69h]
=================================================================
Epoch 779: Train (100%)  Score: 10.3705,  Loss: -0.3236
Epoch 779/1000: Time Est.: Elapsed[5.92h], Remain[1.68h]
=================================================================
Epoch 780: Train (100%)  Score: 10.1722,  Loss: -0.3173
Epoch 780/1000: Time Est.: Elapsed[5.93h], Remain[1.67h]
=================================================================
Epoch 781: Train (100%)  Score: 10.2585,  Loss: -0.3217
Epoch 781/1000: Time Est.: Elapsed[5.94h], Remain[1.66h]
=================================================================
Epoch 782: Train (100%)  Score: 10.4900,  Loss: -0.3232
Epoch 782/1000: Time Est.: Elapsed[5.94h], Remain[1.66h]
=================================================================
Epoch 783: Train (100%)  Score: 10.1875,  Loss: -0.3193
Epoch 783/1000: Time Est.: Elapsed[5.95h], Remain[1.65h]
=================================================================
Epoch 784: Train (100%)  Score: 10.1970,  Loss: -0.3130
Epoch 784/1000: Time Est.: Elapsed[5.96h], Remain[1.64h]
=================================================================
Epoch 785: Train (100%)  Score: 10.3698,  Loss: -0.3185
Epoch 785/1000: Time Est.: Elapsed[5.97h], Remain[1.63h]
=================================================================
Epoch 786: Train (100%)  Score: 9.9406,  Loss: -0.3180
Epoch 786/1000: Time Est.: Elapsed[5.97h], Remain[1.63h]
=================================================================
Epoch 787: Train (100%)  Score: 10.3115,  Loss: -0.3135
Epoch 787/1000: Time Est.: Elapsed[5.98h], Remain[1.62h]
=================================================================
Epoch 788: Train (100%)  Score: 10.6969,  Loss: -0.3227
Epoch 788/1000: Time Est.: Elapsed[5.99h], Remain[1.61h]
=================================================================
Epoch 789: Train (100%)  Score: 10.1267,  Loss: -0.3142
Epoch 789/1000: Time Est.: Elapsed[6.00h], Remain[1.60h]
=================================================================
Epoch 790: Train (100%)  Score: 9.9392,  Loss: -0.3194
Epoch 790/1000: Time Est.: Elapsed[6.00h], Remain[1.60h]
=================================================================
Epoch 791: Train (100%)  Score: 10.3687,  Loss: -0.3226
Epoch 791/1000: Time Est.: Elapsed[6.01h], Remain[1.59h]
=================================================================
Epoch 792: Train (100%)  Score: 10.3049,  Loss: -0.3205
Epoch 792/1000: Time Est.: Elapsed[6.02h], Remain[1.58h]
=================================================================
Epoch 793: Train (100%)  Score: 10.6581,  Loss: -0.3264
Epoch 793/1000: Time Est.: Elapsed[6.03h], Remain[1.57h]
=================================================================
Epoch 794: Train (100%)  Score: 10.5067,  Loss: -0.3119
Epoch 794/1000: Time Est.: Elapsed[6.03h], Remain[1.57h]
=================================================================
Epoch 795: Train (100%)  Score: 10.4407,  Loss: -0.3256
Epoch 795/1000: Time Est.: Elapsed[6.04h], Remain[1.56h]
=================================================================
Epoch 796: Train (100%)  Score: 10.0712,  Loss: -0.3187
Epoch 796/1000: Time Est.: Elapsed[6.05h], Remain[1.55h]
=================================================================
Epoch 797: Train (100%)  Score: 10.3631,  Loss: -0.3216
Epoch 797/1000: Time Est.: Elapsed[6.06h], Remain[1.54h]
=================================================================
Epoch 798: Train (100%)  Score: 10.4394,  Loss: -0.3192
Epoch 798/1000: Time Est.: Elapsed[6.06h], Remain[1.53h]
=================================================================
Epoch 799: Train (100%)  Score: 10.2289,  Loss: -0.3159
Epoch 799/1000: Time Est.: Elapsed[6.07h], Remain[1.53h]
=================================================================
Epoch 800: Train (100%)  Score: 10.1688,  Loss: -0.3199
Epoch 800/1000: Time Est.: Elapsed[6.08h], Remain[1.52h]
Saving trained_model
=================================================================
Epoch 801: Train (100%)  Score: 10.0252,  Loss: -0.3168
Epoch 801/1000: Time Est.: Elapsed[6.09h], Remain[1.51h]
=================================================================
Epoch 802: Train (100%)  Score: 10.8199,  Loss: -0.3237
Epoch 802/1000: Time Est.: Elapsed[6.09h], Remain[1.50h]
=================================================================
Epoch 803: Train (100%)  Score: 10.0447,  Loss: -0.3149
Epoch 803/1000: Time Est.: Elapsed[6.10h], Remain[1.50h]
=================================================================
Epoch 804: Train (100%)  Score: 10.1048,  Loss: -0.3104
Epoch 804/1000: Time Est.: Elapsed[6.11h], Remain[1.49h]
=================================================================
Epoch 805: Train (100%)  Score: 10.4159,  Loss: -0.3243
Epoch 805/1000: Time Est.: Elapsed[6.12h], Remain[1.48h]
=================================================================
Epoch 806: Train (100%)  Score: 10.7602,  Loss: -0.3182
Epoch 806/1000: Time Est.: Elapsed[6.13h], Remain[1.47h]
=================================================================
Epoch 807: Train (100%)  Score: 10.2357,  Loss: -0.3135
Epoch 807/1000: Time Est.: Elapsed[6.14h], Remain[1.47h]
=================================================================
Epoch 808: Train (100%)  Score: 10.4794,  Loss: -0.3175
Epoch 808/1000: Time Est.: Elapsed[6.14h], Remain[1.46h]
=================================================================
Epoch 809: Train (100%)  Score: 10.3969,  Loss: -0.3235
Epoch 809/1000: Time Est.: Elapsed[6.15h], Remain[1.45h]
=================================================================
Epoch 810: Train (100%)  Score: 10.4609,  Loss: -0.3133
Epoch 810/1000: Time Est.: Elapsed[6.15h], Remain[1.44h]
=================================================================
Epoch 811: Train (100%)  Score: 10.2253,  Loss: -0.3157
Epoch 811/1000: Time Est.: Elapsed[6.17h], Remain[1.44h]
=================================================================
Epoch 812: Train (100%)  Score: 10.0287,  Loss: -0.3050
Epoch 812/1000: Time Est.: Elapsed[6.18h], Remain[1.43h]
=================================================================
Epoch 813: Train (100%)  Score: 10.3997,  Loss: -0.3147
Epoch 813/1000: Time Est.: Elapsed[6.18h], Remain[1.42h]
=================================================================
Epoch 814: Train (100%)  Score: 9.9107,  Loss: -0.3115
Epoch 814/1000: Time Est.: Elapsed[6.19h], Remain[1.41h]
=================================================================
Epoch 815: Train (100%)  Score: 10.3913,  Loss: -0.3155
Epoch 815/1000: Time Est.: Elapsed[6.20h], Remain[1.41h]
=================================================================
Epoch 816: Train (100%)  Score: 10.5516,  Loss: -0.3146
Epoch 816/1000: Time Est.: Elapsed[6.21h], Remain[1.40h]
=================================================================
Epoch 817: Train (100%)  Score: 10.1520,  Loss: -0.3189
Epoch 817/1000: Time Est.: Elapsed[6.21h], Remain[1.39h]
=================================================================
Epoch 818: Train (100%)  Score: 10.2859,  Loss: -0.3165
Epoch 818/1000: Time Est.: Elapsed[6.22h], Remain[1.38h]
=================================================================
Epoch 819: Train (100%)  Score: 10.4027,  Loss: -0.3141
Epoch 819/1000: Time Est.: Elapsed[6.23h], Remain[1.38h]
=================================================================
Epoch 820: Train (100%)  Score: 10.1586,  Loss: -0.3172
Epoch 820/1000: Time Est.: Elapsed[6.24h], Remain[1.37h]
=================================================================
Epoch 821: Train (100%)  Score: 10.1616,  Loss: -0.3189
Epoch 821/1000: Time Est.: Elapsed[6.24h], Remain[1.36h]
=================================================================
Epoch 822: Train (100%)  Score: 10.5362,  Loss: -0.3166
Epoch 822/1000: Time Est.: Elapsed[6.25h], Remain[1.35h]
=================================================================
Epoch 823: Train (100%)  Score: 10.4144,  Loss: -0.3131
Epoch 823/1000: Time Est.: Elapsed[6.26h], Remain[1.35h]
=================================================================
Epoch 824: Train (100%)  Score: 10.1212,  Loss: -0.3169
Epoch 824/1000: Time Est.: Elapsed[6.27h], Remain[1.34h]
=================================================================
Epoch 825: Train (100%)  Score: 9.9992,  Loss: -0.3147
Epoch 825/1000: Time Est.: Elapsed[6.28h], Remain[1.33h]
=================================================================
Epoch 826: Train (100%)  Score: 10.2742,  Loss: -0.3194
Epoch 826/1000: Time Est.: Elapsed[6.28h], Remain[1.32h]
=================================================================
Epoch 827: Train (100%)  Score: 10.0559,  Loss: -0.3087
Epoch 827/1000: Time Est.: Elapsed[6.29h], Remain[1.32h]
=================================================================
Epoch 828: Train (100%)  Score: 10.3128,  Loss: -0.3098
Epoch 828/1000: Time Est.: Elapsed[6.30h], Remain[1.31h]
=================================================================
Epoch 829: Train (100%)  Score: 10.2745,  Loss: -0.3231
Epoch 829/1000: Time Est.: Elapsed[6.31h], Remain[1.30h]
=================================================================
Epoch 830: Train (100%)  Score: 10.0021,  Loss: -0.3137
Epoch 830/1000: Time Est.: Elapsed[6.32h], Remain[1.29h]
=================================================================
>> Invalid instances, Re-generating ...
Epoch 831: Train (100%)  Score: 10.4167,  Loss: -0.3181
Epoch 831/1000: Time Est.: Elapsed[6.32h], Remain[1.29h]
=================================================================
Epoch 832: Train (100%)  Score: 10.5436,  Loss: -0.3224
Epoch 832/1000: Time Est.: Elapsed[6.33h], Remain[1.28h]
=================================================================
Epoch 833: Train (100%)  Score: 10.0902,  Loss: -0.3152
Epoch 833/1000: Time Est.: Elapsed[6.34h], Remain[1.27h]
=================================================================
Epoch 834: Train (100%)  Score: 9.9438,  Loss: -0.3179
Epoch 834/1000: Time Est.: Elapsed[6.35h], Remain[1.26h]
=================================================================
Epoch 835: Train (100%)  Score: 9.9909,  Loss: -0.3050
Epoch 835/1000: Time Est.: Elapsed[6.36h], Remain[1.26h]
=================================================================
Epoch 836: Train (100%)  Score: 9.8146,  Loss: -0.3108
Epoch 836/1000: Time Est.: Elapsed[6.37h], Remain[1.25h]
=================================================================
Epoch 837: Train (100%)  Score: 10.4567,  Loss: -0.3078
Epoch 837/1000: Time Est.: Elapsed[6.37h], Remain[1.24h]
=================================================================
Epoch 838: Train (100%)  Score: 10.1235,  Loss: -0.3109
Epoch 838/1000: Time Est.: Elapsed[6.38h], Remain[1.23h]
=================================================================
Epoch 839: Train (100%)  Score: 10.1643,  Loss: -0.3108
Epoch 839/1000: Time Est.: Elapsed[6.39h], Remain[1.23h]
=================================================================
Epoch 840: Train (100%)  Score: 10.4438,  Loss: -0.3157
Epoch 840/1000: Time Est.: Elapsed[6.40h], Remain[1.22h]
=================================================================
Epoch 841: Train (100%)  Score: 10.3767,  Loss: -0.3150
Epoch 841/1000: Time Est.: Elapsed[6.41h], Remain[1.21h]
=================================================================
Epoch 842: Train (100%)  Score: 10.2442,  Loss: -0.3146
Epoch 842/1000: Time Est.: Elapsed[6.41h], Remain[1.20h]
=================================================================
Epoch 843: Train (100%)  Score: 9.9210,  Loss: -0.3106
Epoch 843/1000: Time Est.: Elapsed[6.42h], Remain[1.20h]
=================================================================
Epoch 844: Train (100%)  Score: 10.2138,  Loss: -0.3132
Epoch 844/1000: Time Est.: Elapsed[6.43h], Remain[1.19h]
=================================================================
Epoch 845: Train (100%)  Score: 10.0870,  Loss: -0.3169
Epoch 845/1000: Time Est.: Elapsed[6.44h], Remain[1.18h]
=================================================================
Epoch 846: Train (100%)  Score: 9.7429,  Loss: -0.3044
Epoch 846/1000: Time Est.: Elapsed[6.45h], Remain[1.17h]
=================================================================
Epoch 847: Train (100%)  Score: 10.4729,  Loss: -0.3172
Epoch 847/1000: Time Est.: Elapsed[6.46h], Remain[1.17h]
=================================================================
Epoch 848: Train (100%)  Score: 10.0243,  Loss: -0.3094
Epoch 848/1000: Time Est.: Elapsed[6.46h], Remain[1.16h]
=================================================================
Epoch 849: Train (100%)  Score: 10.3009,  Loss: -0.3169
Epoch 849/1000: Time Est.: Elapsed[6.47h], Remain[1.15h]
=================================================================
Epoch 850: Train (100%)  Score: 10.1015,  Loss: -0.3125
Epoch 850/1000: Time Est.: Elapsed[6.48h], Remain[1.14h]
=================================================================
Epoch 851: Train (100%)  Score: 10.0582,  Loss: -0.3154
Epoch 851/1000: Time Est.: Elapsed[6.49h], Remain[1.14h]
=================================================================
Epoch 852: Train (100%)  Score: 9.9580,  Loss: -0.3095
Epoch 852/1000: Time Est.: Elapsed[6.50h], Remain[1.13h]
=================================================================
Epoch 853: Train (100%)  Score: 10.3488,  Loss: -0.3102
Epoch 853/1000: Time Est.: Elapsed[6.51h], Remain[1.12h]
=================================================================
Epoch 854: Train (100%)  Score: 10.0919,  Loss: -0.3170
Epoch 854/1000: Time Est.: Elapsed[6.51h], Remain[1.11h]
=================================================================
Epoch 855: Train (100%)  Score: 10.4806,  Loss: -0.3150
Epoch 855/1000: Time Est.: Elapsed[6.52h], Remain[1.11h]
=================================================================
Epoch 856: Train (100%)  Score: 10.0364,  Loss: -0.3073
Epoch 856/1000: Time Est.: Elapsed[6.53h], Remain[1.10h]
=================================================================
Epoch 857: Train (100%)  Score: 10.1472,  Loss: -0.3143
Epoch 857/1000: Time Est.: Elapsed[6.54h], Remain[1.09h]
=================================================================
Epoch 858: Train (100%)  Score: 10.3768,  Loss: -0.3177
Epoch 858/1000: Time Est.: Elapsed[6.55h], Remain[1.08h]
=================================================================
Epoch 859: Train (100%)  Score: 10.2471,  Loss: -0.3157
Epoch 859/1000: Time Est.: Elapsed[6.56h], Remain[1.08h]
=================================================================
Epoch 860: Train (100%)  Score: 10.3275,  Loss: -0.3150
Epoch 860/1000: Time Est.: Elapsed[6.56h], Remain[1.07h]
=================================================================
Epoch 861: Train (100%)  Score: 10.5650,  Loss: -0.3202
Epoch 861/1000: Time Est.: Elapsed[6.57h], Remain[1.06h]
=================================================================
Epoch 862: Train (100%)  Score: 10.2330,  Loss: -0.3119
Epoch 862/1000: Time Est.: Elapsed[6.58h], Remain[1.05h]
=================================================================
Epoch 863: Train (100%)  Score: 10.3283,  Loss: -0.3183
Epoch 863/1000: Time Est.: Elapsed[6.59h], Remain[1.05h]
=================================================================
Epoch 864: Train (100%)  Score: 10.1666,  Loss: -0.3129
Epoch 864/1000: Time Est.: Elapsed[6.60h], Remain[1.04h]
=================================================================
Epoch 865: Train (100%)  Score: 10.1431,  Loss: -0.3135
Epoch 865/1000: Time Est.: Elapsed[6.60h], Remain[1.03h]
=================================================================
Epoch 866: Train (100%)  Score: 10.0898,  Loss: -0.3099
Epoch 866/1000: Time Est.: Elapsed[6.61h], Remain[1.02h]
=================================================================
Epoch 867: Train (100%)  Score: 10.2023,  Loss: -0.3188
Epoch 867/1000: Time Est.: Elapsed[6.62h], Remain[1.02h]
=================================================================
Epoch 868: Train (100%)  Score: 10.1998,  Loss: -0.3148
Epoch 868/1000: Time Est.: Elapsed[6.63h], Remain[1.01h]
=================================================================
Epoch 869: Train (100%)  Score: 10.2093,  Loss: -0.3138
Epoch 869/1000: Time Est.: Elapsed[6.64h], Remain[1.00h]
=================================================================
Epoch 870: Train (100%)  Score: 10.3203,  Loss: -0.3180
Epoch 870/1000: Time Est.: Elapsed[6.65h], Remain[59.59m]
=================================================================
Epoch 871: Train (100%)  Score: 10.0832,  Loss: -0.3196
Epoch 871/1000: Time Est.: Elapsed[6.65h], Remain[59.13m]
=================================================================
Epoch 872: Train (100%)  Score: 10.3749,  Loss: -0.3117
Epoch 872/1000: Time Est.: Elapsed[6.66h], Remain[58.68m]
=================================================================
Epoch 873: Train (100%)  Score: 10.2671,  Loss: -0.3209
Epoch 873/1000: Time Est.: Elapsed[6.67h], Remain[58.23m]
=================================================================
Epoch 874: Train (100%)  Score: 10.3762,  Loss: -0.3105
Epoch 874/1000: Time Est.: Elapsed[6.68h], Remain[57.78m]
=================================================================
Epoch 875: Train (100%)  Score: 10.2219,  Loss: -0.3088
Epoch 875/1000: Time Est.: Elapsed[6.69h], Remain[57.32m]
=================================================================
>> Invalid instances, Re-generating ...
Epoch 876: Train (100%)  Score: 9.8646,  Loss: -0.3118
Epoch 876/1000: Time Est.: Elapsed[6.70h], Remain[56.87m]
=================================================================
Epoch 877: Train (100%)  Score: 10.0987,  Loss: -0.3199
Epoch 877/1000: Time Est.: Elapsed[6.70h], Remain[56.42m]
=================================================================
Epoch 878: Train (100%)  Score: 10.3035,  Loss: -0.3141
Epoch 878/1000: Time Est.: Elapsed[6.71h], Remain[55.96m]
=================================================================
Epoch 879: Train (100%)  Score: 10.4923,  Loss: -0.3126
Epoch 879/1000: Time Est.: Elapsed[6.72h], Remain[55.51m]
=================================================================
Epoch 880: Train (100%)  Score: 10.2981,  Loss: -0.3113
Epoch 880/1000: Time Est.: Elapsed[6.73h], Remain[55.06m]
=================================================================
Epoch 881: Train (100%)  Score: 10.0804,  Loss: -0.3120
Epoch 881/1000: Time Est.: Elapsed[6.74h], Remain[54.60m]
=================================================================
Epoch 882: Train (100%)  Score: 10.5387,  Loss: -0.3208
Epoch 882/1000: Time Est.: Elapsed[6.75h], Remain[54.15m]
=================================================================
Epoch 883: Train (100%)  Score: 10.4933,  Loss: -0.3145
Epoch 883/1000: Time Est.: Elapsed[6.75h], Remain[53.69m]
=================================================================
Epoch 884: Train (100%)  Score: 10.0200,  Loss: -0.3089
Epoch 884/1000: Time Est.: Elapsed[6.76h], Remain[53.24m]
=================================================================
Epoch 885: Train (100%)  Score: 10.5584,  Loss: -0.3159
Epoch 885/1000: Time Est.: Elapsed[6.77h], Remain[52.79m]
=================================================================
Epoch 886: Train (100%)  Score: 9.8666,  Loss: -0.3080
Epoch 886/1000: Time Est.: Elapsed[6.77h], Remain[52.25m]
=================================================================
Epoch 887: Train (100%)  Score: 10.2404,  Loss: -0.3127
Epoch 887/1000: Time Est.: Elapsed[6.79h], Remain[51.87m]
=================================================================
Epoch 888: Train (100%)  Score: 10.4034,  Loss: -0.3108
Epoch 888/1000: Time Est.: Elapsed[6.79h], Remain[51.42m]
=================================================================
Epoch 889: Train (100%)  Score: 10.1650,  Loss: -0.3168
Epoch 889/1000: Time Est.: Elapsed[6.80h], Remain[50.97m]
=================================================================
Epoch 890: Train (100%)  Score: 10.3174,  Loss: -0.3160
Epoch 890/1000: Time Est.: Elapsed[6.81h], Remain[50.51m]
=================================================================
Epoch 891: Train (100%)  Score: 10.3453,  Loss: -0.3137
Epoch 891/1000: Time Est.: Elapsed[6.82h], Remain[50.06m]
=================================================================
Epoch 892: Train (100%)  Score: 10.2431,  Loss: -0.3137
Epoch 892/1000: Time Est.: Elapsed[6.83h], Remain[49.60m]
=================================================================
Epoch 893: Train (100%)  Score: 10.3585,  Loss: -0.3080
Epoch 893/1000: Time Est.: Elapsed[6.84h], Remain[49.15m]
=================================================================
Epoch 894: Train (100%)  Score: 10.0780,  Loss: -0.3070
Epoch 894/1000: Time Est.: Elapsed[6.84h], Remain[48.69m]
=================================================================
Epoch 895: Train (100%)  Score: 10.0741,  Loss: -0.3100
Epoch 895/1000: Time Est.: Elapsed[6.85h], Remain[48.23m]
=================================================================
Epoch 896: Train (100%)  Score: 10.2590,  Loss: -0.3046
Epoch 896/1000: Time Est.: Elapsed[6.86h], Remain[47.78m]
=================================================================
Epoch 897: Train (100%)  Score: 10.3747,  Loss: -0.3125
Epoch 897/1000: Time Est.: Elapsed[6.87h], Remain[47.32m]
=================================================================
Epoch 898: Train (100%)  Score: 10.2554,  Loss: -0.3127
Epoch 898/1000: Time Est.: Elapsed[6.88h], Remain[46.87m]
=================================================================
Epoch 899: Train (100%)  Score: 10.5716,  Loss: -0.3141
Epoch 899/1000: Time Est.: Elapsed[6.89h], Remain[46.41m]
=================================================================
Epoch 900: Train (100%)  Score: 10.3780,  Loss: -0.3173
Epoch 900/1000: Time Est.: Elapsed[6.89h], Remain[45.96m]
Saving trained_model
=================================================================
Epoch 901: Train (100%)  Score: 10.5105,  Loss: -0.3118
Epoch 901/1000: Time Est.: Elapsed[6.90h], Remain[45.50m]
=================================================================
Epoch 902: Train (100%)  Score: 10.0737,  Loss: -0.3137
Epoch 902/1000: Time Est.: Elapsed[6.91h], Remain[45.05m]
=================================================================
Epoch 903: Train (100%)  Score: 10.2686,  Loss: -0.3208
Epoch 903/1000: Time Est.: Elapsed[6.92h], Remain[44.59m]
=================================================================
Epoch 904: Train (100%)  Score: 10.5376,  Loss: -0.3191
Epoch 904/1000: Time Est.: Elapsed[6.93h], Remain[44.13m]
=================================================================
Epoch 905: Train (100%)  Score: 10.2485,  Loss: -0.3097
Epoch 905/1000: Time Est.: Elapsed[6.93h], Remain[43.68m]
=================================================================
Epoch 906: Train (100%)  Score: 9.6756,  Loss: -0.3032
Epoch 906/1000: Time Est.: Elapsed[6.94h], Remain[43.22m]
=================================================================
Epoch 907: Train (100%)  Score: 10.3871,  Loss: -0.3162
Epoch 907/1000: Time Est.: Elapsed[6.95h], Remain[42.76m]
=================================================================
Epoch 908: Train (100%)  Score: 10.0671,  Loss: -0.3155
Epoch 908/1000: Time Est.: Elapsed[6.96h], Remain[42.31m]
=================================================================
Epoch 909: Train (100%)  Score: 10.2159,  Loss: -0.3119
Epoch 909/1000: Time Est.: Elapsed[6.97h], Remain[41.85m]
=================================================================
Epoch 910: Train (100%)  Score: 10.2658,  Loss: -0.3126
Epoch 910/1000: Time Est.: Elapsed[6.98h], Remain[41.39m]
=================================================================
Epoch 911: Train (100%)  Score: 10.4046,  Loss: -0.3205
Epoch 911/1000: Time Est.: Elapsed[6.98h], Remain[40.94m]
=================================================================
Epoch 912: Train (100%)  Score: 10.2841,  Loss: -0.3095
Epoch 912/1000: Time Est.: Elapsed[6.99h], Remain[40.48m]
=================================================================
Epoch 913: Train (100%)  Score: 9.8491,  Loss: -0.3084
Epoch 913/1000: Time Est.: Elapsed[7.00h], Remain[40.02m]
=================================================================
Epoch 914: Train (100%)  Score: 10.4633,  Loss: -0.3080
Epoch 914/1000: Time Est.: Elapsed[7.01h], Remain[39.57m]
=================================================================
Epoch 915: Train (100%)  Score: 10.1736,  Loss: -0.3131
Epoch 915/1000: Time Est.: Elapsed[7.02h], Remain[39.11m]
=================================================================
Epoch 916: Train (100%)  Score: 9.9732,  Loss: -0.3125
Epoch 916/1000: Time Est.: Elapsed[7.02h], Remain[38.65m]
=================================================================
Epoch 917: Train (100%)  Score: 9.9110,  Loss: -0.3122
Epoch 917/1000: Time Est.: Elapsed[7.03h], Remain[38.19m]
=================================================================
Epoch 918: Train (100%)  Score: 10.3081,  Loss: -0.3092
Epoch 918/1000: Time Est.: Elapsed[7.04h], Remain[37.74m]
=================================================================
Epoch 919: Train (100%)  Score: 10.1653,  Loss: -0.3152
Epoch 919/1000: Time Est.: Elapsed[7.05h], Remain[37.28m]
=================================================================
Epoch 920: Train (100%)  Score: 10.4810,  Loss: -0.3140
Epoch 920/1000: Time Est.: Elapsed[7.06h], Remain[36.82m]
=================================================================
Epoch 921: Train (100%)  Score: 9.8258,  Loss: -0.3040
Epoch 921/1000: Time Est.: Elapsed[7.07h], Remain[36.36m]
=================================================================
Epoch 922: Train (100%)  Score: 10.3512,  Loss: -0.3129
Epoch 922/1000: Time Est.: Elapsed[7.07h], Remain[35.91m]
=================================================================
Epoch 923: Train (100%)  Score: 10.1442,  Loss: -0.3165
Epoch 923/1000: Time Est.: Elapsed[7.08h], Remain[35.45m]
=================================================================
Epoch 924: Train (100%)  Score: 10.1552,  Loss: -0.3063
Epoch 924/1000: Time Est.: Elapsed[7.09h], Remain[34.99m]
=================================================================
Epoch 925: Train (100%)  Score: 10.0552,  Loss: -0.3036
Epoch 925/1000: Time Est.: Elapsed[7.10h], Remain[34.53m]
=================================================================
Epoch 926: Train (100%)  Score: 10.4057,  Loss: -0.3170
Epoch 926/1000: Time Est.: Elapsed[7.11h], Remain[34.07m]
=================================================================
Epoch 927: Train (100%)  Score: 10.2339,  Loss: -0.3132
Epoch 927/1000: Time Est.: Elapsed[7.11h], Remain[33.62m]
=================================================================
Epoch 928: Train (100%)  Score: 10.2025,  Loss: -0.3156
Epoch 928/1000: Time Est.: Elapsed[7.12h], Remain[33.16m]
=================================================================
Epoch 929: Train (100%)  Score: 10.4663,  Loss: -0.3079
Epoch 929/1000: Time Est.: Elapsed[7.12h], Remain[32.66m]
=================================================================
Epoch 930: Train (100%)  Score: 10.0655,  Loss: -0.3178
Epoch 930/1000: Time Est.: Elapsed[7.14h], Remain[32.24m]
=================================================================
Epoch 931: Train (100%)  Score: 9.9880,  Loss: -0.3068
Epoch 931/1000: Time Est.: Elapsed[7.15h], Remain[31.78m]
=================================================================
Epoch 932: Train (100%)  Score: 10.3858,  Loss: -0.3147
Epoch 932/1000: Time Est.: Elapsed[7.16h], Remain[31.33m]
=================================================================
Epoch 933: Train (100%)  Score: 10.3964,  Loss: -0.3155
Epoch 933/1000: Time Est.: Elapsed[7.16h], Remain[30.87m]
=================================================================
Epoch 934: Train (100%)  Score: 10.2834,  Loss: -0.3150
Epoch 934/1000: Time Est.: Elapsed[7.17h], Remain[30.41m]
=================================================================
Epoch 935: Train (100%)  Score: 10.2603,  Loss: -0.3112
Epoch 935/1000: Time Est.: Elapsed[7.18h], Remain[29.95m]
=================================================================
Epoch 936: Train (100%)  Score: 10.1062,  Loss: -0.3086
Epoch 936/1000: Time Est.: Elapsed[7.19h], Remain[29.49m]
=================================================================
Epoch 937: Train (100%)  Score: 10.5080,  Loss: -0.3132
Epoch 937/1000: Time Est.: Elapsed[7.20h], Remain[29.03m]
=================================================================
Epoch 938: Train (100%)  Score: 10.5785,  Loss: -0.3119
Epoch 938/1000: Time Est.: Elapsed[7.21h], Remain[28.58m]
=================================================================
Epoch 939: Train (100%)  Score: 10.1084,  Loss: -0.3083
Epoch 939/1000: Time Est.: Elapsed[7.21h], Remain[28.12m]
=================================================================
Epoch 940: Train (100%)  Score: 10.4993,  Loss: -0.3114
Epoch 940/1000: Time Est.: Elapsed[7.22h], Remain[27.66m]
=================================================================
Epoch 941: Train (100%)  Score: 10.5488,  Loss: -0.3100
Epoch 941/1000: Time Est.: Elapsed[7.23h], Remain[27.20m]
=================================================================
Epoch 942: Train (100%)  Score: 10.1732,  Loss: -0.3109
Epoch 942/1000: Time Est.: Elapsed[7.24h], Remain[26.74m]
=================================================================
Epoch 943: Train (100%)  Score: 10.4674,  Loss: -0.3119
Epoch 943/1000: Time Est.: Elapsed[7.25h], Remain[26.28m]
=================================================================
Epoch 944: Train (100%)  Score: 9.7595,  Loss: -0.3114
Epoch 944/1000: Time Est.: Elapsed[7.25h], Remain[25.82m]
=================================================================
Epoch 945: Train (100%)  Score: 10.1990,  Loss: -0.3087
Epoch 945/1000: Time Est.: Elapsed[7.26h], Remain[25.36m]
=================================================================
Epoch 946: Train (100%)  Score: 10.2351,  Loss: -0.3041
Epoch 946/1000: Time Est.: Elapsed[7.27h], Remain[24.90m]
=================================================================
Epoch 947: Train (100%)  Score: 10.2888,  Loss: -0.3104
Epoch 947/1000: Time Est.: Elapsed[7.28h], Remain[24.44m]
=================================================================
Epoch 948: Train (100%)  Score: 10.2125,  Loss: -0.3060
Epoch 948/1000: Time Est.: Elapsed[7.29h], Remain[23.98m]
=================================================================
Epoch 949: Train (100%)  Score: 10.1516,  Loss: -0.3089
Epoch 949/1000: Time Est.: Elapsed[7.30h], Remain[23.52m]
=================================================================
Epoch 950: Train (100%)  Score: 9.7682,  Loss: -0.3071
Epoch 950/1000: Time Est.: Elapsed[7.30h], Remain[23.06m]
=================================================================
Epoch 951: Train (100%)  Score: 10.5365,  Loss: -0.3020
Epoch 951/1000: Time Est.: Elapsed[7.31h], Remain[22.61m]
=================================================================
Epoch 952: Train (100%)  Score: 10.3665,  Loss: -0.3162
Epoch 952/1000: Time Est.: Elapsed[7.32h], Remain[22.14m]
=================================================================
Epoch 953: Train (100%)  Score: 10.2107,  Loss: -0.3180
Epoch 953/1000: Time Est.: Elapsed[7.33h], Remain[21.69m]
=================================================================
Epoch 954: Train (100%)  Score: 10.3295,  Loss: -0.3143
Epoch 954/1000: Time Est.: Elapsed[7.34h], Remain[21.23m]
=================================================================
Epoch 955: Train (100%)  Score: 10.2199,  Loss: -0.3088
Epoch 955/1000: Time Est.: Elapsed[7.34h], Remain[20.77m]
=================================================================
Epoch 956: Train (100%)  Score: 10.0172,  Loss: -0.3072
Epoch 956/1000: Time Est.: Elapsed[7.35h], Remain[20.31m]
=================================================================
Epoch 957: Train (100%)  Score: 10.3463,  Loss: -0.3117
Epoch 957/1000: Time Est.: Elapsed[7.36h], Remain[19.85m]
=================================================================
Epoch 958: Train (100%)  Score: 10.2851,  Loss: -0.3076
Epoch 958/1000: Time Est.: Elapsed[7.37h], Remain[19.39m]
=================================================================
Epoch 959: Train (100%)  Score: 9.9328,  Loss: -0.3071
Epoch 959/1000: Time Est.: Elapsed[7.38h], Remain[18.93m]
=================================================================
Epoch 960: Train (100%)  Score: 10.3490,  Loss: -0.3121
Epoch 960/1000: Time Est.: Elapsed[7.39h], Remain[18.46m]
=================================================================
Epoch 961: Train (100%)  Score: 10.6529,  Loss: -0.3138
Epoch 961/1000: Time Est.: Elapsed[7.39h], Remain[18.00m]
=================================================================
Epoch 962: Train (100%)  Score: 10.2418,  Loss: -0.3060
Epoch 962/1000: Time Est.: Elapsed[7.40h], Remain[17.54m]
=================================================================
Epoch 963: Train (100%)  Score: 10.5178,  Loss: -0.3130
Epoch 963/1000: Time Est.: Elapsed[7.41h], Remain[17.08m]
=================================================================
Epoch 964: Train (100%)  Score: 10.3469,  Loss: -0.3169
Epoch 964/1000: Time Est.: Elapsed[7.42h], Remain[16.62m]
=================================================================
Epoch 965: Train (100%)  Score: 10.5122,  Loss: -0.3158
Epoch 965/1000: Time Est.: Elapsed[7.43h], Remain[16.16m]
=================================================================
Epoch 966: Train (100%)  Score: 10.0838,  Loss: -0.3046
Epoch 966/1000: Time Est.: Elapsed[7.44h], Remain[15.70m]
=================================================================
Epoch 967: Train (100%)  Score: 9.9250,  Loss: -0.3081
Epoch 967/1000: Time Est.: Elapsed[7.44h], Remain[15.24m]
=================================================================
Epoch 968: Train (100%)  Score: 10.7087,  Loss: -0.3161
Epoch 968/1000: Time Est.: Elapsed[7.45h], Remain[14.78m]
=================================================================
Epoch 969: Train (100%)  Score: 9.9907,  Loss: -0.3059
Epoch 969/1000: Time Est.: Elapsed[7.46h], Remain[14.32m]
=================================================================
Epoch 970: Train (100%)  Score: 10.3461,  Loss: -0.3167
Epoch 970/1000: Time Est.: Elapsed[7.47h], Remain[13.86m]
=================================================================
Epoch 971: Train (100%)  Score: 9.9813,  Loss: -0.3093
Epoch 971/1000: Time Est.: Elapsed[7.48h], Remain[13.40m]
=================================================================
Epoch 972: Train (100%)  Score: 10.3245,  Loss: -0.3109
Epoch 972/1000: Time Est.: Elapsed[7.48h], Remain[12.94m]
=================================================================
Epoch 973: Train (100%)  Score: 10.1004,  Loss: -0.3093
Epoch 973/1000: Time Est.: Elapsed[7.49h], Remain[12.48m]
=================================================================
Epoch 974: Train (100%)  Score: 10.2287,  Loss: -0.3037
Epoch 974/1000: Time Est.: Elapsed[7.50h], Remain[12.01m]
=================================================================
Epoch 975: Train (100%)  Score: 10.3386,  Loss: -0.3121
Epoch 975/1000: Time Est.: Elapsed[7.51h], Remain[11.55m]
=================================================================
Epoch 976: Train (100%)  Score: 10.2050,  Loss: -0.3097
Epoch 976/1000: Time Est.: Elapsed[7.52h], Remain[11.09m]
=================================================================
Epoch 977: Train (100%)  Score: 10.3268,  Loss: -0.3038
Epoch 977/1000: Time Est.: Elapsed[7.53h], Remain[10.63m]
=================================================================
Epoch 978: Train (100%)  Score: 10.5980,  Loss: -0.3025
Epoch 978/1000: Time Est.: Elapsed[7.53h], Remain[10.17m]
=================================================================
Epoch 979: Train (100%)  Score: 10.1801,  Loss: -0.3042
Epoch 979/1000: Time Est.: Elapsed[7.54h], Remain[9.71m]
=================================================================
Epoch 980: Train (100%)  Score: 10.0890,  Loss: -0.3108
Epoch 980/1000: Time Est.: Elapsed[7.55h], Remain[9.25m]
=================================================================
Epoch 981: Train (100%)  Score: 10.2817,  Loss: -0.3121
Epoch 981/1000: Time Est.: Elapsed[7.56h], Remain[8.78m]
=================================================================
Epoch 982: Train (100%)  Score: 10.2987,  Loss: -0.3082
Epoch 982/1000: Time Est.: Elapsed[7.57h], Remain[8.32m]
=================================================================
Epoch 983: Train (100%)  Score: 9.9395,  Loss: -0.3010
Epoch 983/1000: Time Est.: Elapsed[7.57h], Remain[7.86m]
=================================================================
Epoch 984: Train (100%)  Score: 10.1756,  Loss: -0.3015
Epoch 984/1000: Time Est.: Elapsed[7.58h], Remain[7.40m]
=================================================================
Epoch 985: Train (100%)  Score: 10.0914,  Loss: -0.3098
Epoch 985/1000: Time Est.: Elapsed[7.59h], Remain[6.94m]
=================================================================
Epoch 986: Train (100%)  Score: 10.4128,  Loss: -0.2986
Epoch 986/1000: Time Est.: Elapsed[7.60h], Remain[6.47m]
=================================================================
Epoch 987: Train (100%)  Score: 10.2411,  Loss: -0.3124
Epoch 987/1000: Time Est.: Elapsed[7.61h], Remain[6.01m]
=================================================================
Epoch 988: Train (100%)  Score: 10.2010,  Loss: -0.3075
Epoch 988/1000: Time Est.: Elapsed[7.62h], Remain[5.55m]
=================================================================
Epoch 989: Train (100%)  Score: 10.5464,  Loss: -0.3117
Epoch 989/1000: Time Est.: Elapsed[7.62h], Remain[5.09m]
=================================================================
Epoch 990: Train (100%)  Score: 9.9764,  Loss: -0.3111
Epoch 990/1000: Time Est.: Elapsed[7.63h], Remain[4.63m]
=================================================================
Epoch 991: Train (100%)  Score: 10.3404,  Loss: -0.3130
Epoch 991/1000: Time Est.: Elapsed[7.64h], Remain[4.16m]
=================================================================
Epoch 992: Train (100%)  Score: 10.2418,  Loss: -0.3119
Epoch 992/1000: Time Est.: Elapsed[7.65h], Remain[3.70m]
=================================================================
Epoch 993: Train (100%)  Score: 10.4943,  Loss: -0.3100
Epoch 993/1000: Time Est.: Elapsed[7.66h], Remain[3.24m]
=================================================================
Epoch 994: Train (100%)  Score: 10.4388,  Loss: -0.3050
Epoch 994/1000: Time Est.: Elapsed[7.67h], Remain[2.78m]
=================================================================
Epoch 995: Train (100%)  Score: 10.2985,  Loss: -0.3029
Epoch 995/1000: Time Est.: Elapsed[7.67h], Remain[2.31m]
=================================================================
Epoch 996: Train (100%)  Score: 10.1323,  Loss: -0.3083
Epoch 996/1000: Time Est.: Elapsed[7.68h], Remain[1.85m]
=================================================================
Epoch 997: Train (100%)  Score: 10.1513,  Loss: -0.2983
Epoch 997/1000: Time Est.: Elapsed[7.69h], Remain[1.39m]
=================================================================
Epoch 998: Train (100%)  Score: 10.0874,  Loss: -0.3036
Epoch 998/1000: Time Est.: Elapsed[7.70h], Remain[0.93m]
=================================================================
Epoch 999: Train (100%)  Score: 9.6883,  Loss: -0.3079
Epoch 999/1000: Time Est.: Elapsed[7.71h], Remain[0.46m]
=================================================================
Epoch 1000: Train (100%)  Score: 9.9875,  Loss: -0.3000
Epoch 1000/1000: Time Est.: Elapsed[7.71h], Remain[0.00m]
Saving trained_model

================================================================================
>> Finish Train_ALL Training using SlotDiffModel Model ...
================================================================================
