nohup: ignoring input
/root/miniconda3/envs/drp/lib/python3.10/site-packages/torch/__init__.py:1264: UserWarning: torch.set_default_tensor_type() is deprecated as of PyTorch 2.1, please use torch.set_default_dtype() and torch.set_default_device() as alternatives. (Triggered internally at /pytorch/torch/csrc/tensor/python_tensor.cpp:434.)
  _C._set_default_tensor_type(t)
================================================================================
CONFIGURATION:
================================================================================
{'checkpoint': 'results/slotdiffmoe-128/epoch-1000.pt',
 'decoder_layer_num': 1,
 'denoiser_heads': 4,
 'denoiser_layers': 2,
 'embedding_dim': 128,
 'enable_slot_diffusion': True,
 'enable_slot_reconstruction': False,
 'encoder_layer_num': 6,
 'epochs': 5000,
 'eval_type': 'argmax',
 'expert_loc': ['Enc0', 'Enc1', 'Enc2', 'Enc3', 'Enc4', 'Enc5', 'Dec'],
 'ff_hidden_dim': 512,
 'gamma': 0.1,
 'gpu_id': 1,
 'head_num': 8,
 'lambda_contrastive': 0.01,
 'lambda_diffusion': 0.1,
 'lambda_recon': 0.0,
 'log_dir': './results',
 'logit_clipping': 10,
 'lr': 0.0001,
 'max_timesteps': 1000,
 'milestones': [4501],
 'model_save_interval': 100,
 'model_type': 'SlotDiffMOEModel',
 'no_cuda': False,
 'norm': 'instance',
 'norm_loc': 'norm_last',
 'num_experts': 4,
 'occ_gpu': 0.0,
 'pomo_size': 50,
 'problem': 'Train_ALL',
 'problem_size': 50,
 'qkv_dim': 16,
 'routing_level': 'node',
 'routing_method': 'input_choice',
 'seed': 2023,
 'slot_iter_num': 3,
 'slot_num': 16,
 'sqrt_embedding_dim': 11.313708498984761,
 'topk': 2,
 'train_batch_size': 128,
 'train_episodes': 20000,
 'validation_interval': 5000,
 'weight_decay': 1e-06}
================================================================================

>> DUAL-TASK MODE ENABLED:
   - Nhánh 1 (Policy): VRP Solver
   - Nhánh 2 (Representation): Slot Diffusion
   - Diffusion Timesteps: 1000
   - Denoiser: 2 layers, 4 heads
   - Loss Weights: λ_diffusion=0.1, λ_contrastive=0.01

>> Log Path: ./results/20251128_104729
>> No occupation needed
>> USE_CUDA: True, CUDA_DEVICE_NUM: 1

================================================================================
>> Start Train_ALL Training using SlotDiffMOEModel Model ...
================================================================================

============================================================
LOSS CONFIGURATION:
  - RL Loss: 1.0 (base)
  - Diffusion Loss: 0.1
  - Reconstruction Loss: 0.0
  - Contrastive Loss: 0.01
============================================================
There are 4806794 (4.81 million) parameters in this neural network
>> Checkpoint (Epoch: 1000) Loaded!
=================================================================
Epoch 1001: Train (100%)  Score: 10.1358,  Loss: -0.2455
Epoch 1001/5000: Time Est.: Elapsed[1.13m], Remain[75.50h]
=================================================================
Epoch 1002: Train (100%)  Score: 10.4767,  Loss: -0.2498
Epoch 1002/5000: Time Est.: Elapsed[2.26m], Remain[75.38h]
=================================================================
Epoch 1003: Train (100%)  Score: 10.0872,  Loss: -0.2478
Epoch 1003/5000: Time Est.: Elapsed[3.37m], Remain[74.87h]
=================================================================
Epoch 1004: Train (100%)  Score: 10.2681,  Loss: -0.2462
Epoch 1004/5000: Time Est.: Elapsed[4.49m], Remain[74.69h]
=================================================================
Epoch 1005: Train (100%)  Score: 10.4292,  Loss: -0.2530
Epoch 1005/5000: Time Est.: Elapsed[5.60m], Remain[74.56h]
=================================================================
Epoch 1006: Train (100%)  Score: 10.0382,  Loss: -0.2418
Epoch 1006/5000: Time Est.: Elapsed[6.67m], Remain[74.01h]
=================================================================
Epoch 1007: Train (100%)  Score: 10.3799,  Loss: -0.2479
Epoch 1007/5000: Time Est.: Elapsed[7.81m], Remain[74.27h]
=================================================================
Epoch 1008: Train (100%)  Score: 10.4330,  Loss: -0.2502
Epoch 1008/5000: Time Est.: Elapsed[8.92m], Remain[74.22h]
=================================================================
Epoch 1009: Train (100%)  Score: 10.3322,  Loss: -0.2479
Epoch 1009/5000: Time Est.: Elapsed[10.05m], Remain[74.27h]
=================================================================
Epoch 1010: Train (100%)  Score: 10.1362,  Loss: -0.2405
Epoch 1010/5000: Time Est.: Elapsed[11.16m], Remain[74.21h]
=================================================================
Epoch 1011: Train (100%)  Score: 10.5695,  Loss: -0.2502
Epoch 1011/5000: Time Est.: Elapsed[12.28m], Remain[74.19h]
=================================================================
Epoch 1012: Train (100%)  Score: 10.3892,  Loss: -0.2473
Epoch 1012/5000: Time Est.: Elapsed[13.39m], Remain[74.17h]
=================================================================
Epoch 1013: Train (100%)  Score: 10.3257,  Loss: -0.2452
Epoch 1013/5000: Time Est.: Elapsed[14.50m], Remain[74.13h]
=================================================================
Epoch 1014: Train (100%)  Score: 10.3173,  Loss: -0.2394
Epoch 1014/5000: Time Est.: Elapsed[15.60m], Remain[74.04h]
=================================================================
Epoch 1015: Train (100%)  Score: 10.4347,  Loss: -0.2466
Epoch 1015/5000: Time Est.: Elapsed[16.73m], Remain[74.08h]
=================================================================
Epoch 1016: Train (100%)  Score: 10.1621,  Loss: -0.2506
Epoch 1016/5000: Time Est.: Elapsed[17.86m], Remain[74.10h]
=================================================================
Epoch 1017: Train (100%)  Score: 9.9462,  Loss: -0.2522
Epoch 1017/5000: Time Est.: Elapsed[18.95m], Remain[73.99h]
=================================================================
Epoch 1018: Train (100%)  Score: 10.5933,  Loss: -0.2486
Epoch 1018/5000: Time Est.: Elapsed[20.08m], Remain[74.03h]
=================================================================
Epoch 1019: Train (100%)  Score: 10.0911,  Loss: -0.2393
Epoch 1019/5000: Time Est.: Elapsed[21.18m], Remain[73.97h]
=================================================================
Epoch 1020: Train (100%)  Score: 9.8336,  Loss: -0.2439
Epoch 1020/5000: Time Est.: Elapsed[22.30m], Remain[73.96h]
=================================================================
Epoch 1021: Train (100%)  Score: 10.0923,  Loss: -0.2396
Epoch 1021/5000: Time Est.: Elapsed[22.82m], Remain[72.06h]
=================================================================
Epoch 1022: Train (100%)  Score: 10.2635,  Loss: -0.2519
Epoch 1022/5000: Time Est.: Elapsed[24.54m], Remain[73.96h]
=================================================================
Epoch 1023: Train (100%)  Score: 10.3026,  Loss: -0.2464
Epoch 1023/5000: Time Est.: Elapsed[25.68m], Remain[74.00h]
=================================================================
Epoch 1024: Train (100%)  Score: 9.8154,  Loss: -0.2407
Epoch 1024/5000: Time Est.: Elapsed[26.79m], Remain[73.98h]
=================================================================
Epoch 1025: Train (100%)  Score: 10.5100,  Loss: -0.2478
Epoch 1025/5000: Time Est.: Elapsed[27.92m], Remain[73.98h]
=================================================================
Epoch 1026: Train (100%)  Score: 10.1115,  Loss: -0.2434
Epoch 1026/5000: Time Est.: Elapsed[29.02m], Remain[73.92h]
=================================================================
Epoch 1027: Train (100%)  Score: 10.2036,  Loss: -0.2465
Epoch 1027/5000: Time Est.: Elapsed[30.13m], Remain[73.90h]
=================================================================
Epoch 1028: Train (100%)  Score: 9.9762,  Loss: -0.2361
Epoch 1028/5000: Time Est.: Elapsed[31.24m], Remain[73.86h]
=================================================================
Epoch 1029: Train (100%)  Score: 9.9791,  Loss: -0.2415
Epoch 1029/5000: Time Est.: Elapsed[32.37m], Remain[73.87h]
=================================================================
Epoch 1030: Train (100%)  Score: 10.2056,  Loss: -0.2473
Epoch 1030/5000: Time Est.: Elapsed[33.47m], Remain[73.83h]
=================================================================
Epoch 1031: Train (100%)  Score: 10.4169,  Loss: -0.2443
Epoch 1031/5000: Time Est.: Elapsed[34.59m], Remain[73.82h]
=================================================================
Epoch 1032: Train (100%)  Score: 10.4920,  Loss: -0.2424
Epoch 1032/5000: Time Est.: Elapsed[35.70m], Remain[73.77h]
=================================================================
Epoch 1033: Train (100%)  Score: 10.3974,  Loss: -0.2479
Epoch 1033/5000: Time Est.: Elapsed[36.83m], Remain[73.78h]
=================================================================
Epoch 1034: Train (100%)  Score: 9.7811,  Loss: -0.2434
Epoch 1034/5000: Time Est.: Elapsed[37.93m], Remain[73.75h]
=================================================================
Epoch 1035: Train (100%)  Score: 9.8994,  Loss: -0.2403
Epoch 1035/5000: Time Est.: Elapsed[39.03m], Remain[73.70h]
=================================================================
Epoch 1036: Train (100%)  Score: 9.9131,  Loss: -0.2467
Epoch 1036/5000: Time Est.: Elapsed[40.14m], Remain[73.67h]
=================================================================
Epoch 1037: Train (100%)  Score: 10.0812,  Loss: -0.2423
Epoch 1037/5000: Time Est.: Elapsed[41.26m], Remain[73.65h]
=================================================================
Epoch 1038: Train (100%)  Score: 10.0456,  Loss: -0.2384
Epoch 1038/5000: Time Est.: Elapsed[42.36m], Remain[73.62h]
=================================================================
Epoch 1039: Train (100%)  Score: 10.4176,  Loss: -0.2441
Epoch 1039/5000: Time Est.: Elapsed[43.48m], Remain[73.60h]
=================================================================
Epoch 1040: Train (100%)  Score: 10.4628,  Loss: -0.2436
Epoch 1040/5000: Time Est.: Elapsed[44.60m], Remain[73.60h]
=================================================================
Epoch 1041: Train (100%)  Score: 10.1327,  Loss: -0.2486
Epoch 1041/5000: Time Est.: Elapsed[45.72m], Remain[73.59h]
=================================================================
Epoch 1042: Train (100%)  Score: 10.3996,  Loss: -0.2458
Epoch 1042/5000: Time Est.: Elapsed[46.84m], Remain[73.56h]
=================================================================
Epoch 1043: Train (100%)  Score: 10.0816,  Loss: -0.2490
Epoch 1043/5000: Time Est.: Elapsed[47.93m], Remain[73.51h]
=================================================================
Epoch 1044: Train (100%)  Score: 10.1536,  Loss: -0.2456
Epoch 1044/5000: Time Est.: Elapsed[49.07m], Remain[73.53h]
=================================================================
Epoch 1045: Train (100%)  Score: 10.1139,  Loss: -0.2389
Epoch 1045/5000: Time Est.: Elapsed[50.17m], Remain[73.50h]
=================================================================
Epoch 1046: Train (100%)  Score: 10.0333,  Loss: -0.2412
Epoch 1046/5000: Time Est.: Elapsed[51.30m], Remain[73.49h]
=================================================================
Epoch 1047: Train (100%)  Score: 10.3700,  Loss: -0.2456
Epoch 1047/5000: Time Est.: Elapsed[52.40m], Remain[73.45h]
=================================================================
Epoch 1048: Train (100%)  Score: 10.4453,  Loss: -0.2498
Epoch 1048/5000: Time Est.: Elapsed[53.53m], Remain[73.45h]
=================================================================
Epoch 1049: Train (100%)  Score: 9.9584,  Loss: -0.2448
Epoch 1049/5000: Time Est.: Elapsed[54.64m], Remain[73.43h]
=================================================================
Epoch 1050: Train (100%)  Score: 9.8896,  Loss: -0.2391
Epoch 1050/5000: Time Est.: Elapsed[55.75m], Remain[73.40h]
=================================================================
Epoch 1051: Train (100%)  Score: 10.1950,  Loss: -0.2516
Epoch 1051/5000: Time Est.: Elapsed[56.86m], Remain[73.38h]
=================================================================
Epoch 1052: Train (100%)  Score: 9.9950,  Loss: -0.2388
Epoch 1052/5000: Time Est.: Elapsed[57.96m], Remain[73.35h]
=================================================================
Epoch 1053: Train (100%)  Score: 10.1011,  Loss: -0.2428
Epoch 1053/5000: Time Est.: Elapsed[59.09m], Remain[73.34h]
=================================================================
Epoch 1054: Train (100%)  Score: 10.5014,  Loss: -0.2493
Epoch 1054/5000: Time Est.: Elapsed[1.00h], Remain[73.33h]
=================================================================
Epoch 1055: Train (100%)  Score: 10.2092,  Loss: -0.2441
Epoch 1055/5000: Time Est.: Elapsed[1.02h], Remain[73.32h]
=================================================================
Epoch 1056: Train (100%)  Score: 10.0606,  Loss: -0.2440
Epoch 1056/5000: Time Est.: Elapsed[1.04h], Remain[73.30h]
=================================================================
Epoch 1057: Train (100%)  Score: 10.3052,  Loss: -0.2417
Epoch 1057/5000: Time Est.: Elapsed[1.06h], Remain[73.27h]
=================================================================
Epoch 1058: Train (100%)  Score: 10.0491,  Loss: -0.2388
Epoch 1058/5000: Time Est.: Elapsed[1.08h], Remain[73.23h]
=================================================================
Epoch 1059: Train (100%)  Score: 10.0275,  Loss: -0.2395
Epoch 1059/5000: Time Est.: Elapsed[1.10h], Remain[73.21h]
=================================================================
Epoch 1060: Train (100%)  Score: 9.9462,  Loss: -0.2394
Epoch 1060/5000: Time Est.: Elapsed[1.11h], Remain[73.20h]
=================================================================
Epoch 1061: Train (100%)  Score: 9.8190,  Loss: -0.2365
Epoch 1061/5000: Time Est.: Elapsed[1.13h], Remain[73.17h]
=================================================================
Epoch 1062: Train (100%)  Score: 10.1185,  Loss: -0.2397
Epoch 1062/5000: Time Est.: Elapsed[1.15h], Remain[73.14h]
=================================================================
Epoch 1063: Train (100%)  Score: 10.1568,  Loss: -0.2432
Epoch 1063/5000: Time Est.: Elapsed[1.17h], Remain[73.12h]
=================================================================
Epoch 1064: Train (100%)  Score: 10.1101,  Loss: -0.2453
Epoch 1064/5000: Time Est.: Elapsed[1.19h], Remain[73.10h]
=================================================================
Epoch 1065: Train (100%)  Score: 10.3575,  Loss: -0.2416
Epoch 1065/5000: Time Est.: Elapsed[1.21h], Remain[73.08h]
=================================================================
Epoch 1066: Train (100%)  Score: 10.0247,  Loss: -0.2478
Epoch 1066/5000: Time Est.: Elapsed[1.23h], Remain[73.06h]
=================================================================
Epoch 1067: Train (100%)  Score: 10.2147,  Loss: -0.2409
Epoch 1067/5000: Time Est.: Elapsed[1.24h], Remain[73.03h]
=================================================================
Epoch 1068: Train (100%)  Score: 9.9040,  Loss: -0.2328
Epoch 1068/5000: Time Est.: Elapsed[1.26h], Remain[73.01h]
=================================================================
Epoch 1069: Train (100%)  Score: 10.3336,  Loss: -0.2486
Epoch 1069/5000: Time Est.: Elapsed[1.28h], Remain[73.00h]
=================================================================
Epoch 1070: Train (100%)  Score: 10.0661,  Loss: -0.2392
Epoch 1070/5000: Time Est.: Elapsed[1.30h], Remain[72.98h]
=================================================================
Epoch 1071: Train (100%)  Score: 9.9454,  Loss: -0.2348
Epoch 1071/5000: Time Est.: Elapsed[1.32h], Remain[72.96h]
=================================================================
Epoch 1072: Train (100%)  Score: 10.0203,  Loss: -0.2307
Epoch 1072/5000: Time Est.: Elapsed[1.34h], Remain[72.94h]
=================================================================
Epoch 1073: Train (100%)  Score: 10.3573,  Loss: -0.2452
Epoch 1073/5000: Time Est.: Elapsed[1.36h], Remain[72.93h]
=================================================================
Epoch 1074: Train (100%)  Score: 10.1526,  Loss: -0.2470
Epoch 1074/5000: Time Est.: Elapsed[1.37h], Remain[72.92h]
=================================================================
Epoch 1075: Train (100%)  Score: 10.1965,  Loss: -0.2449
Epoch 1075/5000: Time Est.: Elapsed[1.39h], Remain[72.92h]
=================================================================
Epoch 1076: Train (100%)  Score: 10.4789,  Loss: -0.2426
Epoch 1076/5000: Time Est.: Elapsed[1.41h], Remain[72.90h]
=================================================================
Epoch 1077: Train (100%)  Score: 10.0466,  Loss: -0.2417
Epoch 1077/5000: Time Est.: Elapsed[1.43h], Remain[72.89h]
=================================================================
Epoch 1078: Train (100%)  Score: 9.6078,  Loss: -0.2367
Epoch 1078/5000: Time Est.: Elapsed[1.45h], Remain[72.81h]
=================================================================
Epoch 1079: Train (100%)  Score: 10.5781,  Loss: -0.2503
Epoch 1079/5000: Time Est.: Elapsed[1.47h], Remain[72.73h]
=================================================================
Epoch 1080: Train (100%)  Score: 10.8516,  Loss: -0.2486
Epoch 1080/5000: Time Est.: Elapsed[1.48h], Remain[72.67h]
=================================================================
Epoch 1081: Train (100%)  Score: 10.0308,  Loss: -0.2341
Epoch 1081/5000: Time Est.: Elapsed[1.50h], Remain[72.59h]
=================================================================
Epoch 1082: Train (100%)  Score: 10.1887,  Loss: -0.2338
Epoch 1082/5000: Time Est.: Elapsed[1.52h], Remain[72.52h]
=================================================================
Epoch 1083: Train (100%)  Score: 10.0843,  Loss: -0.2395
Epoch 1083/5000: Time Est.: Elapsed[1.54h], Remain[72.46h]
=================================================================
Epoch 1084: Train (100%)  Score: 10.2113,  Loss: -0.2431
Epoch 1084/5000: Time Est.: Elapsed[1.55h], Remain[72.39h]
=================================================================
Epoch 1085: Train (100%)  Score: 10.4172,  Loss: -0.2417
Epoch 1085/5000: Time Est.: Elapsed[1.57h], Remain[72.32h]
=================================================================
Epoch 1086: Train (100%)  Score: 10.0747,  Loss: -0.2364
Epoch 1086/5000: Time Est.: Elapsed[1.59h], Remain[72.26h]
=================================================================
Epoch 1087: Train (100%)  Score: 10.2734,  Loss: -0.2434
Epoch 1087/5000: Time Est.: Elapsed[1.61h], Remain[72.24h]
=================================================================
Epoch 1088: Train (100%)  Score: 10.0967,  Loss: -0.2418
Epoch 1088/5000: Time Est.: Elapsed[1.62h], Remain[72.22h]
=================================================================
Epoch 1089: Train (100%)  Score: 10.3341,  Loss: -0.2453
Epoch 1089/5000: Time Est.: Elapsed[1.64h], Remain[72.18h]
=================================================================
Epoch 1090: Train (100%)  Score: 10.1503,  Loss: -0.2401
Epoch 1090/5000: Time Est.: Elapsed[1.66h], Remain[72.12h]
=================================================================
Epoch 1091: Train (100%)  Score: 10.2514,  Loss: -0.2428
Epoch 1091/5000: Time Est.: Elapsed[1.68h], Remain[72.05h]
=================================================================
Epoch 1092: Train (100%)  Score: 9.9696,  Loss: -0.2372
Epoch 1092/5000: Time Est.: Elapsed[1.69h], Remain[72.00h]
=================================================================
Epoch 1093: Train (100%)  Score: 10.1696,  Loss: -0.2450
Epoch 1093/5000: Time Est.: Elapsed[1.71h], Remain[71.94h]
=================================================================
Epoch 1094: Train (100%)  Score: 10.1681,  Loss: -0.2394
Epoch 1094/5000: Time Est.: Elapsed[1.73h], Remain[71.92h]
=================================================================
Epoch 1095: Train (100%)  Score: 9.9358,  Loss: -0.2429
Epoch 1095/5000: Time Est.: Elapsed[1.75h], Remain[71.87h]
=================================================================
Epoch 1096: Train (100%)  Score: 10.1773,  Loss: -0.2346
Epoch 1096/5000: Time Est.: Elapsed[1.77h], Remain[71.84h]
=================================================================
Epoch 1097: Train (100%)  Score: 9.9985,  Loss: -0.2405
Epoch 1097/5000: Time Est.: Elapsed[1.78h], Remain[71.81h]
=================================================================
Epoch 1098: Train (100%)  Score: 10.2019,  Loss: -0.2378
Epoch 1098/5000: Time Est.: Elapsed[1.80h], Remain[71.79h]
=================================================================
Epoch 1099: Train (100%)  Score: 10.5184,  Loss: -0.2389
Epoch 1099/5000: Time Est.: Elapsed[1.82h], Remain[71.74h]
=================================================================
Epoch 1100: Train (100%)  Score: 10.3978,  Loss: -0.2435
Epoch 1100/5000: Time Est.: Elapsed[1.84h], Remain[71.69h]
Saving trained_model
=================================================================
Epoch 1101: Train (100%)  Score: 10.3637,  Loss: -0.2497
Epoch 1101/5000: Time Est.: Elapsed[1.86h], Remain[71.64h]
=================================================================
Epoch 1102: Train (100%)  Score: 10.0601,  Loss: -0.2416
Epoch 1102/5000: Time Est.: Elapsed[1.87h], Remain[71.58h]
=================================================================
Epoch 1103: Train (100%)  Score: 10.2260,  Loss: -0.2442
Epoch 1103/5000: Time Est.: Elapsed[1.89h], Remain[71.53h]
=================================================================
Epoch 1104: Train (100%)  Score: 10.0001,  Loss: -0.2364
Epoch 1104/5000: Time Est.: Elapsed[1.91h], Remain[71.48h]
=================================================================
Epoch 1105: Train (100%)  Score: 10.1837,  Loss: -0.2450
Epoch 1105/5000: Time Est.: Elapsed[1.93h], Remain[71.43h]
=================================================================
Epoch 1106: Train (100%)  Score: 10.1557,  Loss: -0.2443
Epoch 1106/5000: Time Est.: Elapsed[1.94h], Remain[71.38h]
=================================================================
>> Invalid instances, Re-generating ...
Epoch 1107: Train (100%)  Score: 9.8947,  Loss: -0.2456
Epoch 1107/5000: Time Est.: Elapsed[1.96h], Remain[71.33h]
=================================================================
Epoch 1108: Train (100%)  Score: 10.6058,  Loss: -0.2485
Epoch 1108/5000: Time Est.: Elapsed[1.98h], Remain[71.28h]
=================================================================
Epoch 1109: Train (100%)  Score: 10.1064,  Loss: -0.2501
Epoch 1109/5000: Time Est.: Elapsed[2.00h], Remain[71.25h]
=================================================================
Epoch 1110: Train (100%)  Score: 10.4145,  Loss: -0.2400
Epoch 1110/5000: Time Est.: Elapsed[2.02h], Remain[71.33h]
=================================================================
Epoch 1111: Train (100%)  Score: 10.2876,  Loss: -0.2435
Epoch 1111/5000: Time Est.: Elapsed[2.05h], Remain[71.80h]
=================================================================
Epoch 1112: Train (100%)  Score: 10.2406,  Loss: -0.2497
Epoch 1112/5000: Time Est.: Elapsed[2.08h], Remain[72.29h]
=================================================================
Epoch 1113: Train (100%)  Score: 10.0138,  Loss: -0.2380
Epoch 1113/5000: Time Est.: Elapsed[2.12h], Remain[72.76h]
=================================================================
Epoch 1114: Train (100%)  Score: 9.7725,  Loss: -0.2286
Epoch 1114/5000: Time Est.: Elapsed[2.15h], Remain[73.24h]
=================================================================
Epoch 1115: Train (100%)  Score: 10.2508,  Loss: -0.2480
Epoch 1115/5000: Time Est.: Elapsed[2.18h], Remain[73.70h]
=================================================================
Epoch 1116: Train (100%)  Score: 10.0199,  Loss: -0.2490
Epoch 1116/5000: Time Est.: Elapsed[2.21h], Remain[74.15h]
=================================================================
Epoch 1117: Train (100%)  Score: 9.9346,  Loss: -0.2402
Epoch 1117/5000: Time Est.: Elapsed[2.25h], Remain[74.58h]
=================================================================
Epoch 1118: Train (100%)  Score: 10.3610,  Loss: -0.2431
Epoch 1118/5000: Time Est.: Elapsed[2.28h], Remain[75.02h]
=================================================================
Epoch 1119: Train (100%)  Score: 10.6470,  Loss: -0.2467
Epoch 1119/5000: Time Est.: Elapsed[2.31h], Remain[75.46h]
=================================================================
>> Invalid instances, Re-generating ...
Epoch 1120: Train (100%)  Score: 10.1242,  Loss: -0.2391
Epoch 1120/5000: Time Est.: Elapsed[2.35h], Remain[75.87h]
=================================================================
Epoch 1121: Train (100%)  Score: 10.4426,  Loss: -0.2417
Epoch 1121/5000: Time Est.: Elapsed[2.38h], Remain[76.28h]
=================================================================
Epoch 1122: Train (100%)  Score: 10.3187,  Loss: -0.2478
Epoch 1122/5000: Time Est.: Elapsed[2.41h], Remain[76.68h]
=================================================================
Epoch 1123: Train (100%)  Score: 10.0337,  Loss: -0.2450
Epoch 1123/5000: Time Est.: Elapsed[2.45h], Remain[77.08h]
=================================================================
Epoch 1124: Train (100%)  Score: 10.3586,  Loss: -0.2419
Epoch 1124/5000: Time Est.: Elapsed[2.48h], Remain[77.47h]
=================================================================
Epoch 1125: Train (100%)  Score: 10.3810,  Loss: -0.2514
Epoch 1125/5000: Time Est.: Elapsed[2.51h], Remain[77.86h]
=================================================================
Epoch 1126: Train (100%)  Score: 10.4438,  Loss: -0.2428
Epoch 1126/5000: Time Est.: Elapsed[2.54h], Remain[78.24h]
=================================================================
Epoch 1127: Train (100%)  Score: 10.3408,  Loss: -0.2383
Epoch 1127/5000: Time Est.: Elapsed[2.58h], Remain[78.61h]
=================================================================
Epoch 1128: Train (100%)  Score: 9.9561,  Loss: -0.2402
Epoch 1128/5000: Time Est.: Elapsed[2.61h], Remain[78.97h]
=================================================================
Epoch 1129: Train (100%)  Score: 10.0127,  Loss: -0.2370
Epoch 1129/5000: Time Est.: Elapsed[2.63h], Remain[79.04h]
=================================================================
Epoch 1130: Train (100%)  Score: 10.3510,  Loss: -0.2398
Epoch 1130/5000: Time Est.: Elapsed[2.68h], Remain[79.69h]
=================================================================
Epoch 1131: Train (100%)  Score: 10.4037,  Loss: -0.2424
Epoch 1131/5000: Time Est.: Elapsed[2.71h], Remain[80.04h]
=================================================================
Epoch 1132: Train (100%)  Score: 10.1054,  Loss: -0.2372
Epoch 1132/5000: Time Est.: Elapsed[2.74h], Remain[80.37h]
=================================================================
Epoch 1133: Train (100%)  Score: 10.4457,  Loss: -0.2386
Epoch 1133/5000: Time Est.: Elapsed[2.78h], Remain[80.70h]
=================================================================
Epoch 1134: Train (100%)  Score: 10.6402,  Loss: -0.2439
Epoch 1134/5000: Time Est.: Elapsed[2.81h], Remain[81.04h]
=================================================================
Epoch 1135: Train (100%)  Score: 9.9917,  Loss: -0.2345
Epoch 1135/5000: Time Est.: Elapsed[2.84h], Remain[81.36h]
=================================================================
Epoch 1136: Train (100%)  Score: 9.9013,  Loss: -0.2383
Epoch 1136/5000: Time Est.: Elapsed[2.87h], Remain[81.68h]
=================================================================
Epoch 1137: Train (100%)  Score: 9.9909,  Loss: -0.2439
Epoch 1137/5000: Time Est.: Elapsed[2.91h], Remain[81.99h]
=================================================================
Epoch 1138: Train (100%)  Score: 10.3690,  Loss: -0.2391
Epoch 1138/5000: Time Est.: Elapsed[2.94h], Remain[82.29h]
=================================================================
Epoch 1139: Train (100%)  Score: 10.2002,  Loss: -0.2392
Epoch 1139/5000: Time Est.: Elapsed[2.97h], Remain[82.60h]
=================================================================
Epoch 1140: Train (100%)  Score: 10.4344,  Loss: -0.2447
Epoch 1140/5000: Time Est.: Elapsed[3.01h], Remain[82.90h]
=================================================================
>> Invalid instances, Re-generating ...
Epoch 1141: Train (100%)  Score: 10.0779,  Loss: -0.2366
Epoch 1141/5000: Time Est.: Elapsed[3.04h], Remain[83.18h]
=================================================================
Epoch 1142: Train (100%)  Score: 10.1823,  Loss: -0.2415
Epoch 1142/5000: Time Est.: Elapsed[3.07h], Remain[83.48h]
=================================================================
Epoch 1143: Train (100%)  Score: 9.6237,  Loss: -0.2319
Epoch 1143/5000: Time Est.: Elapsed[3.11h], Remain[83.77h]
=================================================================
Epoch 1144: Train (100%)  Score: 10.0329,  Loss: -0.2389
Epoch 1144/5000: Time Est.: Elapsed[3.14h], Remain[84.04h]
=================================================================
Epoch 1145: Train (100%)  Score: 10.1111,  Loss: -0.2346
Epoch 1145/5000: Time Est.: Elapsed[3.17h], Remain[84.32h]
=================================================================
Epoch 1146: Train (100%)  Score: 10.2357,  Loss: -0.2357
Epoch 1146/5000: Time Est.: Elapsed[3.20h], Remain[84.59h]
=================================================================
Epoch 1147: Train (100%)  Score: 10.1434,  Loss: -0.2419
Epoch 1147/5000: Time Est.: Elapsed[3.24h], Remain[84.85h]
=================================================================
Epoch 1148: Train (100%)  Score: 10.4651,  Loss: -0.2441
Epoch 1148/5000: Time Est.: Elapsed[3.27h], Remain[85.12h]
=================================================================
Epoch 1149: Train (100%)  Score: 9.8650,  Loss: -0.2361
Epoch 1149/5000: Time Est.: Elapsed[3.30h], Remain[85.38h]
=================================================================
Epoch 1150: Train (100%)  Score: 9.9991,  Loss: -0.2394
Epoch 1150/5000: Time Est.: Elapsed[3.34h], Remain[85.63h]
=================================================================
Epoch 1151: Train (100%)  Score: 10.1762,  Loss: -0.2426
Epoch 1151/5000: Time Est.: Elapsed[3.37h], Remain[85.89h]
=================================================================
Epoch 1152: Train (100%)  Score: 9.8632,  Loss: -0.2444
Epoch 1152/5000: Time Est.: Elapsed[3.40h], Remain[86.14h]
=================================================================
Epoch 1153: Train (100%)  Score: 10.2772,  Loss: -0.2410
Epoch 1153/5000: Time Est.: Elapsed[3.44h], Remain[86.40h]
=================================================================
Epoch 1154: Train (100%)  Score: 9.9981,  Loss: -0.2382
Epoch 1154/5000: Time Est.: Elapsed[3.47h], Remain[86.66h]
=================================================================
Epoch 1155: Train (100%)  Score: 10.3081,  Loss: -0.2377
Epoch 1155/5000: Time Est.: Elapsed[3.50h], Remain[86.91h]
=================================================================
Epoch 1156: Train (100%)  Score: 10.4972,  Loss: -0.2365
Epoch 1156/5000: Time Est.: Elapsed[3.54h], Remain[87.14h]
=================================================================
Epoch 1157: Train (100%)  Score: 10.0002,  Loss: -0.2355
Epoch 1157/5000: Time Est.: Elapsed[3.57h], Remain[87.36h]
=================================================================
Epoch 1158: Train (100%)  Score: 10.0027,  Loss: -0.2360
Epoch 1158/5000: Time Est.: Elapsed[3.60h], Remain[87.59h]
=================================================================
Epoch 1159: Train (100%)  Score: 9.8950,  Loss: -0.2399
Epoch 1159/5000: Time Est.: Elapsed[3.63h], Remain[87.81h]
=================================================================
Epoch 1160: Train (100%)  Score: 10.4026,  Loss: -0.2434
Epoch 1160/5000: Time Est.: Elapsed[3.66h], Remain[87.79h]
=================================================================
Epoch 1161: Train (100%)  Score: 9.9025,  Loss: -0.2358
Epoch 1161/5000: Time Est.: Elapsed[3.70h], Remain[88.25h]
=================================================================
Epoch 1162: Train (100%)  Score: 9.8674,  Loss: -0.2297
Epoch 1162/5000: Time Est.: Elapsed[3.73h], Remain[88.46h]
=================================================================
Epoch 1163: Train (100%)  Score: 10.0383,  Loss: -0.2331
Epoch 1163/5000: Time Est.: Elapsed[3.77h], Remain[88.67h]
=================================================================
Epoch 1164: Train (100%)  Score: 10.2247,  Loss: -0.2378
Epoch 1164/5000: Time Est.: Elapsed[3.80h], Remain[88.88h]
=================================================================
Epoch 1165: Train (100%)  Score: 10.0983,  Loss: -0.2430
Epoch 1165/5000: Time Est.: Elapsed[3.83h], Remain[89.09h]
=================================================================
Epoch 1166: Train (100%)  Score: 10.1391,  Loss: -0.2369
Epoch 1166/5000: Time Est.: Elapsed[3.87h], Remain[89.28h]
=================================================================
Epoch 1167: Train (100%)  Score: 10.0502,  Loss: -0.2388
Epoch 1167/5000: Time Est.: Elapsed[3.90h], Remain[89.48h]
=================================================================
Epoch 1168: Train (100%)  Score: 10.5082,  Loss: -0.2391
Epoch 1168/5000: Time Est.: Elapsed[3.93h], Remain[89.68h]
=================================================================
Epoch 1169: Train (100%)  Score: 10.0610,  Loss: -0.2318
Epoch 1169/5000: Time Est.: Elapsed[3.96h], Remain[89.87h]
=================================================================
Epoch 1170: Train (100%)  Score: 10.1753,  Loss: -0.2392
Epoch 1170/5000: Time Est.: Elapsed[4.00h], Remain[90.07h]
=================================================================
Epoch 1171: Train (100%)  Score: 10.3077,  Loss: -0.2406
Epoch 1171/5000: Time Est.: Elapsed[4.03h], Remain[90.26h]
=================================================================
Epoch 1172: Train (100%)  Score: 10.2037,  Loss: -0.2336
Epoch 1172/5000: Time Est.: Elapsed[4.06h], Remain[90.45h]
=================================================================
Epoch 1173: Train (100%)  Score: 9.9733,  Loss: -0.2346
Epoch 1173/5000: Time Est.: Elapsed[4.10h], Remain[90.63h]
=================================================================
Epoch 1174: Train (100%)  Score: 9.8897,  Loss: -0.2381
Epoch 1174/5000: Time Est.: Elapsed[4.13h], Remain[90.82h]
=================================================================
Epoch 1175: Train (100%)  Score: 10.1279,  Loss: -0.2400
Epoch 1175/5000: Time Est.: Elapsed[4.16h], Remain[91.00h]
=================================================================
Epoch 1176: Train (100%)  Score: 10.0499,  Loss: -0.2334
Epoch 1176/5000: Time Est.: Elapsed[4.19h], Remain[90.96h]
=================================================================
Epoch 1177: Train (100%)  Score: 10.3206,  Loss: -0.2386
Epoch 1177/5000: Time Est.: Elapsed[4.23h], Remain[91.34h]
=================================================================
Epoch 1178: Train (100%)  Score: 10.0288,  Loss: -0.2383
Epoch 1178/5000: Time Est.: Elapsed[4.26h], Remain[91.51h]
=================================================================
Epoch 1179: Train (100%)  Score: 10.0971,  Loss: -0.2407
Epoch 1179/5000: Time Est.: Elapsed[4.30h], Remain[91.68h]
=================================================================
Epoch 1180: Train (100%)  Score: 9.8700,  Loss: -0.2367
Epoch 1180/5000: Time Est.: Elapsed[4.33h], Remain[91.85h]
=================================================================
Epoch 1181: Train (100%)  Score: 10.0981,  Loss: -0.2366
Epoch 1181/5000: Time Est.: Elapsed[4.36h], Remain[92.02h]
=================================================================
Epoch 1182: Train (100%)  Score: 10.4844,  Loss: -0.2471
Epoch 1182/5000: Time Est.: Elapsed[4.39h], Remain[92.18h]
=================================================================
Epoch 1183: Train (100%)  Score: 10.3477,  Loss: -0.2395
Epoch 1183/5000: Time Est.: Elapsed[4.43h], Remain[92.34h]
=================================================================
Epoch 1184: Train (100%)  Score: 9.8578,  Loss: -0.2378
Epoch 1184/5000: Time Est.: Elapsed[4.46h], Remain[92.50h]
=================================================================
Epoch 1185: Train (100%)  Score: 9.8275,  Loss: -0.2308
Epoch 1185/5000: Time Est.: Elapsed[4.49h], Remain[92.66h]
=================================================================
Epoch 1186: Train (100%)  Score: 10.2354,  Loss: -0.2333
Epoch 1186/5000: Time Est.: Elapsed[4.53h], Remain[92.81h]
=================================================================
Epoch 1187: Train (100%)  Score: 9.9967,  Loss: -0.2328
Epoch 1187/5000: Time Est.: Elapsed[4.56h], Remain[92.95h]
=================================================================
Epoch 1188: Train (100%)  Score: 10.1935,  Loss: -0.2364
Epoch 1188/5000: Time Est.: Elapsed[4.59h], Remain[93.11h]
=================================================================
Epoch 1189: Train (100%)  Score: 10.2121,  Loss: -0.2435
Epoch 1189/5000: Time Est.: Elapsed[4.62h], Remain[93.24h]
=================================================================
Epoch 1190: Train (100%)  Score: 10.4306,  Loss: -0.2413
Epoch 1190/5000: Time Est.: Elapsed[4.66h], Remain[93.40h]
=================================================================
Epoch 1191: Train (100%)  Score: 10.0318,  Loss: -0.2387
Epoch 1191/5000: Time Est.: Elapsed[4.69h], Remain[93.53h]
=================================================================
Epoch 1192: Train (100%)  Score: 10.1590,  Loss: -0.2407
Epoch 1192/5000: Time Est.: Elapsed[4.72h], Remain[93.69h]
=================================================================
Epoch 1193: Train (100%)  Score: 10.0629,  Loss: -0.2339
Epoch 1193/5000: Time Est.: Elapsed[4.76h], Remain[93.83h]
=================================================================
Epoch 1194: Train (100%)  Score: 10.2915,  Loss: -0.2388
Epoch 1194/5000: Time Est.: Elapsed[4.79h], Remain[93.98h]
=================================================================
Epoch 1195: Train (100%)  Score: 10.3124,  Loss: -0.2417
Epoch 1195/5000: Time Est.: Elapsed[4.82h], Remain[94.11h]
=================================================================
Epoch 1196: Train (100%)  Score: 10.1961,  Loss: -0.2384
Epoch 1196/5000: Time Est.: Elapsed[4.86h], Remain[94.24h]
=================================================================
Epoch 1197: Train (100%)  Score: 10.5275,  Loss: -0.2332
Epoch 1197/5000: Time Est.: Elapsed[4.89h], Remain[94.38h]
=================================================================
>> Invalid instances, Re-generating ...
Epoch 1198: Train (100%)  Score: 9.8690,  Loss: -0.2374
Epoch 1198/5000: Time Est.: Elapsed[4.92h], Remain[94.51h]
=================================================================
Epoch 1199: Train (100%)  Score: 10.3349,  Loss: -0.2379
Epoch 1199/5000: Time Est.: Elapsed[4.96h], Remain[94.64h]
=================================================================
Epoch 1200: Train (100%)  Score: 10.2503,  Loss: -0.2409
Epoch 1200/5000: Time Est.: Elapsed[4.99h], Remain[94.77h]
Saving trained_model
=================================================================
Epoch 1201: Train (100%)  Score: 9.8230,  Loss: -0.2344
Epoch 1201/5000: Time Est.: Elapsed[5.01h], Remain[94.72h]
=================================================================
Epoch 1202: Train (100%)  Score: 9.8294,  Loss: -0.2376
Epoch 1202/5000: Time Est.: Elapsed[5.05h], Remain[95.02h]
=================================================================
Epoch 1203: Train (100%)  Score: 9.9717,  Loss: -0.2331
Epoch 1203/5000: Time Est.: Elapsed[5.09h], Remain[95.15h]
=================================================================
Epoch 1204: Train (100%)  Score: 10.6575,  Loss: -0.2420
Epoch 1204/5000: Time Est.: Elapsed[5.12h], Remain[95.27h]
=================================================================
Epoch 1205: Train (100%)  Score: 10.3547,  Loss: -0.2400
Epoch 1205/5000: Time Est.: Elapsed[5.15h], Remain[95.39h]
=================================================================
Epoch 1206: Train (100%)  Score: 10.2100,  Loss: -0.2420
Epoch 1206/5000: Time Est.: Elapsed[5.19h], Remain[95.51h]
=================================================================
Epoch 1207: Train (100%)  Score: 10.2783,  Loss: -0.2400
Epoch 1207/5000: Time Est.: Elapsed[5.22h], Remain[95.63h]
=================================================================
Epoch 1208: Train (100%)  Score: 10.2490,  Loss: -0.2372
Epoch 1208/5000: Time Est.: Elapsed[5.25h], Remain[95.74h]
=================================================================
Epoch 1209: Train (100%)  Score: 10.0915,  Loss: -0.2355
Epoch 1209/5000: Time Est.: Elapsed[5.28h], Remain[95.86h]
=================================================================
Epoch 1210: Train (100%)  Score: 10.0637,  Loss: -0.2432
Epoch 1210/5000: Time Est.: Elapsed[5.32h], Remain[95.98h]
=================================================================
Epoch 1211: Train (100%)  Score: 10.1332,  Loss: -0.2367
Epoch 1211/5000: Time Est.: Elapsed[5.35h], Remain[96.09h]
=================================================================
Epoch 1212: Train (100%)  Score: 10.4861,  Loss: -0.2345
Epoch 1212/5000: Time Est.: Elapsed[5.38h], Remain[96.20h]
=================================================================
Epoch 1213: Train (100%)  Score: 10.0881,  Loss: -0.2355
Epoch 1213/5000: Time Est.: Elapsed[5.42h], Remain[96.30h]
=================================================================
Epoch 1214: Train (100%)  Score: 10.3057,  Loss: -0.2396
Epoch 1214/5000: Time Est.: Elapsed[5.45h], Remain[96.41h]
=================================================================
Epoch 1215: Train (100%)  Score: 10.1011,  Loss: -0.2349
Epoch 1215/5000: Time Est.: Elapsed[5.48h], Remain[96.52h]
=================================================================
Epoch 1216: Train (100%)  Score: 9.9983,  Loss: -0.2363
Epoch 1216/5000: Time Est.: Elapsed[5.52h], Remain[96.62h]
=================================================================
Epoch 1217: Train (100%)  Score: 10.3828,  Loss: -0.2388
Epoch 1217/5000: Time Est.: Elapsed[5.55h], Remain[96.73h]
=================================================================
Epoch 1218: Train (100%)  Score: 9.9764,  Loss: -0.2337
Epoch 1218/5000: Time Est.: Elapsed[5.58h], Remain[96.83h]
=================================================================
Epoch 1219: Train (100%)  Score: 10.3780,  Loss: -0.2396
Epoch 1219/5000: Time Est.: Elapsed[5.61h], Remain[96.93h]
=================================================================
Epoch 1220: Train (100%)  Score: 10.0944,  Loss: -0.2337
Epoch 1220/5000: Time Est.: Elapsed[5.65h], Remain[97.03h]
=================================================================
Epoch 1221: Train (100%)  Score: 10.1919,  Loss: -0.2354
Epoch 1221/5000: Time Est.: Elapsed[5.68h], Remain[97.13h]
=================================================================
Epoch 1222: Train (100%)  Score: 10.2739,  Loss: -0.2385
Epoch 1222/5000: Time Est.: Elapsed[5.71h], Remain[97.23h]
=================================================================
Epoch 1223: Train (100%)  Score: 10.1138,  Loss: -0.2397
Epoch 1223/5000: Time Est.: Elapsed[5.74h], Remain[97.16h]
=================================================================
Epoch 1224: Train (100%)  Score: 10.1352,  Loss: -0.2323
Epoch 1224/5000: Time Est.: Elapsed[5.78h], Remain[97.43h]
=================================================================
Epoch 1225: Train (100%)  Score: 10.0939,  Loss: -0.2294
Epoch 1225/5000: Time Est.: Elapsed[5.81h], Remain[97.52h]
=================================================================
Epoch 1226: Train (100%)  Score: 10.2373,  Loss: -0.2379
Epoch 1226/5000: Time Est.: Elapsed[5.85h], Remain[97.62h]
=================================================================
Epoch 1227: Train (100%)  Score: 10.1159,  Loss: -0.2357
Epoch 1227/5000: Time Est.: Elapsed[5.88h], Remain[97.71h]
=================================================================
Epoch 1228: Train (100%)  Score: 10.1011,  Loss: -0.2408
Epoch 1228/5000: Time Est.: Elapsed[5.91h], Remain[97.80h]
=================================================================
Epoch 1229: Train (100%)  Score: 9.9240,  Loss: -0.2355
Epoch 1229/5000: Time Est.: Elapsed[5.93h], Remain[97.73h]
=================================================================
Epoch 1230: Train (100%)  Score: 10.0439,  Loss: -0.2344
Epoch 1230/5000: Time Est.: Elapsed[5.98h], Remain[97.98h]
=================================================================
Epoch 1231: Train (100%)  Score: 10.2890,  Loss: -0.2398
Epoch 1231/5000: Time Est.: Elapsed[6.01h], Remain[98.06h]
=================================================================
Epoch 1232: Train (100%)  Score: 10.4806,  Loss: -0.2408
Epoch 1232/5000: Time Est.: Elapsed[6.04h], Remain[98.15h]
=================================================================
Epoch 1233: Train (100%)  Score: 9.9103,  Loss: -0.2426
Epoch 1233/5000: Time Est.: Elapsed[6.08h], Remain[98.24h]
=================================================================
Epoch 1234: Train (100%)  Score: 10.2367,  Loss: -0.2363
Epoch 1234/5000: Time Est.: Elapsed[6.11h], Remain[98.33h]
=================================================================
Epoch 1235: Train (100%)  Score: 10.1486,  Loss: -0.2429
Epoch 1235/5000: Time Est.: Elapsed[6.14h], Remain[98.41h]
=================================================================
Epoch 1236: Train (100%)  Score: 10.6279,  Loss: -0.2352
Epoch 1236/5000: Time Est.: Elapsed[6.18h], Remain[98.50h]
=================================================================
Epoch 1237: Train (100%)  Score: 9.9625,  Loss: -0.2421
Epoch 1237/5000: Time Est.: Elapsed[6.21h], Remain[98.58h]
=================================================================
Epoch 1238: Train (100%)  Score: 10.1634,  Loss: -0.2307
Epoch 1238/5000: Time Est.: Elapsed[6.24h], Remain[98.65h]
=================================================================
Epoch 1239: Train (100%)  Score: 9.7137,  Loss: -0.2308
Epoch 1239/5000: Time Est.: Elapsed[6.27h], Remain[98.73h]
=================================================================
Epoch 1240: Train (100%)  Score: 10.1130,  Loss: -0.2331
Epoch 1240/5000: Time Est.: Elapsed[6.31h], Remain[98.81h]
=================================================================
Epoch 1241: Train (100%)  Score: 10.3258,  Loss: -0.2433
Epoch 1241/5000: Time Est.: Elapsed[6.34h], Remain[98.89h]
=================================================================
Epoch 1242: Train (100%)  Score: 10.3187,  Loss: -0.2369
Epoch 1242/5000: Time Est.: Elapsed[6.37h], Remain[98.97h]
=================================================================
Epoch 1243: Train (100%)  Score: 10.0783,  Loss: -0.2302
Epoch 1243/5000: Time Est.: Elapsed[6.41h], Remain[99.05h]
=================================================================
Epoch 1244: Train (100%)  Score: 10.1424,  Loss: -0.2308
Epoch 1244/5000: Time Est.: Elapsed[6.44h], Remain[99.11h]
=================================================================
Epoch 1245: Train (100%)  Score: 10.0075,  Loss: -0.2362
Epoch 1245/5000: Time Est.: Elapsed[6.47h], Remain[99.19h]
=================================================================
Epoch 1246: Train (100%)  Score: 10.5948,  Loss: -0.2457
Epoch 1246/5000: Time Est.: Elapsed[6.51h], Remain[99.27h]
=================================================================
Epoch 1247: Train (100%)  Score: 9.9504,  Loss: -0.2346
Epoch 1247/5000: Time Est.: Elapsed[6.54h], Remain[99.34h]
=================================================================
Epoch 1248: Train (100%)  Score: 10.0349,  Loss: -0.2338
Epoch 1248/5000: Time Est.: Elapsed[6.57h], Remain[99.41h]
=================================================================
Epoch 1249: Train (100%)  Score: 10.0862,  Loss: -0.2372
Epoch 1249/5000: Time Est.: Elapsed[6.60h], Remain[99.48h]
=================================================================
Epoch 1250: Train (100%)  Score: 10.2055,  Loss: -0.2394
Epoch 1250/5000: Time Est.: Elapsed[6.64h], Remain[99.54h]
=================================================================
Epoch 1251: Train (100%)  Score: 9.9199,  Loss: -0.2357
Epoch 1251/5000: Time Est.: Elapsed[6.67h], Remain[99.62h]
=================================================================
Epoch 1252: Train (100%)  Score: 10.2389,  Loss: -0.2341
Epoch 1252/5000: Time Est.: Elapsed[6.70h], Remain[99.69h]
=================================================================
Epoch 1253: Train (100%)  Score: 10.2169,  Loss: -0.2389
Epoch 1253/5000: Time Est.: Elapsed[6.74h], Remain[99.76h]
=================================================================
Epoch 1254: Train (100%)  Score: 10.2437,  Loss: -0.2373
Epoch 1254/5000: Time Est.: Elapsed[6.77h], Remain[99.83h]
=================================================================
Epoch 1255: Train (100%)  Score: 10.6644,  Loss: -0.2422
Epoch 1255/5000: Time Est.: Elapsed[6.80h], Remain[99.90h]
=================================================================
Epoch 1256: Train (100%)  Score: 10.3896,  Loss: -0.2398
Epoch 1256/5000: Time Est.: Elapsed[6.84h], Remain[99.97h]
=================================================================
Epoch 1257: Train (100%)  Score: 9.9557,  Loss: -0.2285
Epoch 1257/5000: Time Est.: Elapsed[6.87h], Remain[100.03h]
=================================================================
Epoch 1258: Train (100%)  Score: 10.2699,  Loss: -0.2367
Epoch 1258/5000: Time Est.: Elapsed[6.90h], Remain[100.10h]
=================================================================
Epoch 1259: Train (100%)  Score: 10.2863,  Loss: -0.2387
Epoch 1259/5000: Time Est.: Elapsed[6.93h], Remain[100.17h]
=================================================================
Epoch 1260: Train (100%)  Score: 10.2699,  Loss: -0.2430
Epoch 1260/5000: Time Est.: Elapsed[6.97h], Remain[100.23h]
=================================================================
Epoch 1261: Train (100%)  Score: 10.1281,  Loss: -0.2352
Epoch 1261/5000: Time Est.: Elapsed[7.00h], Remain[100.29h]
=================================================================
Epoch 1262: Train (100%)  Score: 9.9357,  Loss: -0.2332
Epoch 1262/5000: Time Est.: Elapsed[7.03h], Remain[100.35h]
=================================================================
Epoch 1263: Train (100%)  Score: 10.1022,  Loss: -0.2307
Epoch 1263/5000: Time Est.: Elapsed[7.07h], Remain[100.41h]
=================================================================
Epoch 1264: Train (100%)  Score: 10.3435,  Loss: -0.2377
Epoch 1264/5000: Time Est.: Elapsed[7.10h], Remain[100.47h]
=================================================================
Epoch 1265: Train (100%)  Score: 10.5375,  Loss: -0.2379
Epoch 1265/5000: Time Est.: Elapsed[7.13h], Remain[100.53h]
=================================================================
Epoch 1266: Train (100%)  Score: 9.6465,  Loss: -0.2304
Epoch 1266/5000: Time Est.: Elapsed[7.17h], Remain[100.59h]
=================================================================
Epoch 1267: Train (100%)  Score: 10.2399,  Loss: -0.2383
Epoch 1267/5000: Time Est.: Elapsed[7.20h], Remain[100.65h]
=================================================================
Epoch 1268: Train (100%)  Score: 10.1874,  Loss: -0.2319
Epoch 1268/5000: Time Est.: Elapsed[7.23h], Remain[100.71h]
=================================================================
Epoch 1269: Train (100%)  Score: 10.0645,  Loss: -0.2351
Epoch 1269/5000: Time Est.: Elapsed[7.26h], Remain[100.76h]
=================================================================
Epoch 1270: Train (100%)  Score: 10.4657,  Loss: -0.2377
Epoch 1270/5000: Time Est.: Elapsed[7.30h], Remain[100.82h]
=================================================================
Epoch 1271: Train (100%)  Score: 10.4207,  Loss: -0.2362
Epoch 1271/5000: Time Est.: Elapsed[7.33h], Remain[100.89h]
=================================================================
Epoch 1272: Train (100%)  Score: 10.2290,  Loss: -0.2326
Epoch 1272/5000: Time Est.: Elapsed[7.36h], Remain[100.94h]
=================================================================
Epoch 1273: Train (100%)  Score: 9.7997,  Loss: -0.2275
Epoch 1273/5000: Time Est.: Elapsed[7.40h], Remain[100.99h]
=================================================================
Epoch 1274: Train (100%)  Score: 10.0700,  Loss: -0.2353
Epoch 1274/5000: Time Est.: Elapsed[7.43h], Remain[101.05h]
=================================================================
Epoch 1275: Train (100%)  Score: 10.0349,  Loss: -0.2321
Epoch 1275/5000: Time Est.: Elapsed[7.46h], Remain[101.10h]
=================================================================
Epoch 1276: Train (100%)  Score: 10.2047,  Loss: -0.2358
Epoch 1276/5000: Time Est.: Elapsed[7.50h], Remain[101.15h]
=================================================================
Epoch 1277: Train (100%)  Score: 10.3059,  Loss: -0.2321
Epoch 1277/5000: Time Est.: Elapsed[7.53h], Remain[101.20h]
=================================================================
Epoch 1278: Train (100%)  Score: 10.3627,  Loss: -0.2368
Epoch 1278/5000: Time Est.: Elapsed[7.56h], Remain[101.25h]
=================================================================
Epoch 1279: Train (100%)  Score: 9.9832,  Loss: -0.2312
Epoch 1279/5000: Time Est.: Elapsed[7.60h], Remain[101.30h]
=================================================================
Epoch 1280: Train (100%)  Score: 9.8282,  Loss: -0.2362
Epoch 1280/5000: Time Est.: Elapsed[7.63h], Remain[101.35h]
=================================================================
Epoch 1281: Train (100%)  Score: 10.1262,  Loss: -0.2290
Epoch 1281/5000: Time Est.: Elapsed[7.66h], Remain[101.39h]
=================================================================
Epoch 1282: Train (100%)  Score: 10.2276,  Loss: -0.2356
Epoch 1282/5000: Time Est.: Elapsed[7.69h], Remain[101.44h]
=================================================================
Epoch 1283: Train (100%)  Score: 10.3001,  Loss: -0.2349
Epoch 1283/5000: Time Est.: Elapsed[7.73h], Remain[101.48h]
=================================================================
Epoch 1284: Train (100%)  Score: 10.2051,  Loss: -0.2342
Epoch 1284/5000: Time Est.: Elapsed[7.76h], Remain[101.53h]
=================================================================
Epoch 1285: Train (100%)  Score: 9.8380,  Loss: -0.2356
Epoch 1285/5000: Time Est.: Elapsed[7.79h], Remain[101.57h]
=================================================================
Epoch 1286: Train (100%)  Score: 10.0258,  Loss: -0.2293
Epoch 1286/5000: Time Est.: Elapsed[7.83h], Remain[101.62h]
=================================================================
Epoch 1287: Train (100%)  Score: 10.4479,  Loss: -0.2394
Epoch 1287/5000: Time Est.: Elapsed[7.86h], Remain[101.66h]
=================================================================
Epoch 1288: Train (100%)  Score: 10.4793,  Loss: -0.2407
Epoch 1288/5000: Time Est.: Elapsed[7.89h], Remain[101.70h]
=================================================================
Epoch 1289: Train (100%)  Score: 10.1585,  Loss: -0.2314
Epoch 1289/5000: Time Est.: Elapsed[7.92h], Remain[101.76h]
=================================================================
Epoch 1290: Train (100%)  Score: 10.0703,  Loss: -0.2348
Epoch 1290/5000: Time Est.: Elapsed[7.96h], Remain[101.80h]
=================================================================
Epoch 1291: Train (100%)  Score: 10.3291,  Loss: -0.2338
Epoch 1291/5000: Time Est.: Elapsed[7.99h], Remain[101.84h]
=================================================================
Epoch 1292: Train (100%)  Score: 9.8108,  Loss: -0.2281
Epoch 1292/5000: Time Est.: Elapsed[8.02h], Remain[101.89h]
=================================================================
Epoch 1293: Train (100%)  Score: 10.3693,  Loss: -0.2385
Epoch 1293/5000: Time Est.: Elapsed[8.06h], Remain[101.93h]
=================================================================
Epoch 1294: Train (100%)  Score: 10.0108,  Loss: -0.2373
Epoch 1294/5000: Time Est.: Elapsed[8.09h], Remain[101.97h]
=================================================================
Epoch 1295: Train (100%)  Score: 9.7611,  Loss: -0.2325
Epoch 1295/5000: Time Est.: Elapsed[8.12h], Remain[102.01h]
=================================================================
Epoch 1296: Train (100%)  Score: 10.2744,  Loss: -0.2385
Epoch 1296/5000: Time Est.: Elapsed[8.16h], Remain[102.05h]
=================================================================
Epoch 1297: Train (100%)  Score: 9.9204,  Loss: -0.2269
Epoch 1297/5000: Time Est.: Elapsed[8.19h], Remain[102.09h]
=================================================================
Epoch 1298: Train (100%)  Score: 10.2310,  Loss: -0.2374
Epoch 1298/5000: Time Est.: Elapsed[8.22h], Remain[102.13h]
=================================================================
Epoch 1299: Train (100%)  Score: 10.9695,  Loss: -0.2381
Epoch 1299/5000: Time Est.: Elapsed[8.25h], Remain[102.17h]
=================================================================
Epoch 1300: Train (100%)  Score: 10.4973,  Loss: -0.2363
Epoch 1300/5000: Time Est.: Elapsed[8.29h], Remain[102.22h]
Saving trained_model
=================================================================
Epoch 1301: Train (100%)  Score: 9.8797,  Loss: -0.2338
Epoch 1301/5000: Time Est.: Elapsed[8.32h], Remain[102.26h]
=================================================================
Epoch 1302: Train (100%)  Score: 9.8595,  Loss: -0.2332
Epoch 1302/5000: Time Est.: Elapsed[8.35h], Remain[102.29h]
=================================================================
Epoch 1303: Train (100%)  Score: 10.1732,  Loss: -0.2379
Epoch 1303/5000: Time Est.: Elapsed[8.39h], Remain[102.33h]
=================================================================
Epoch 1304: Train (100%)  Score: 10.1339,  Loss: -0.2354
Epoch 1304/5000: Time Est.: Elapsed[8.42h], Remain[102.37h]
=================================================================
>> Invalid instances, Re-generating ...
Epoch 1305: Train (100%)  Score: 10.4424,  Loss: -0.2338
Epoch 1305/5000: Time Est.: Elapsed[8.45h], Remain[102.41h]
=================================================================
Epoch 1306: Train (100%)  Score: 9.9861,  Loss: -0.2333
Epoch 1306/5000: Time Est.: Elapsed[8.49h], Remain[102.43h]
=================================================================
Epoch 1307: Train (100%)  Score: 10.3123,  Loss: -0.2367
Epoch 1307/5000: Time Est.: Elapsed[8.52h], Remain[102.47h]
=================================================================
Epoch 1308: Train (100%)  Score: 10.1818,  Loss: -0.2312
Epoch 1308/5000: Time Est.: Elapsed[8.55h], Remain[102.51h]
=================================================================
Epoch 1309: Train (100%)  Score: 9.7989,  Loss: -0.2320
Epoch 1309/5000: Time Est.: Elapsed[8.58h], Remain[102.54h]
=================================================================
Epoch 1310: Train (100%)  Score: 9.6514,  Loss: -0.2285
Epoch 1310/5000: Time Est.: Elapsed[8.62h], Remain[102.57h]
=================================================================
Epoch 1311: Train (100%)  Score: 10.5651,  Loss: -0.2448
Epoch 1311/5000: Time Est.: Elapsed[8.65h], Remain[102.61h]
=================================================================
Epoch 1312: Train (100%)  Score: 10.1014,  Loss: -0.2362
Epoch 1312/5000: Time Est.: Elapsed[8.68h], Remain[102.64h]
=================================================================
Epoch 1313: Train (100%)  Score: 9.9486,  Loss: -0.2356
Epoch 1313/5000: Time Est.: Elapsed[8.72h], Remain[102.68h]
=================================================================
Epoch 1314: Train (100%)  Score: 10.1486,  Loss: -0.2401
Epoch 1314/5000: Time Est.: Elapsed[8.75h], Remain[102.71h]
=================================================================
Epoch 1315: Train (100%)  Score: 10.0823,  Loss: -0.2355
Epoch 1315/5000: Time Est.: Elapsed[8.78h], Remain[102.74h]
=================================================================
Epoch 1316: Train (100%)  Score: 10.0340,  Loss: -0.2371
Epoch 1316/5000: Time Est.: Elapsed[8.82h], Remain[102.78h]
=================================================================
Epoch 1317: Train (100%)  Score: 9.8877,  Loss: -0.2323
Epoch 1317/5000: Time Est.: Elapsed[8.85h], Remain[102.81h]
=================================================================
Epoch 1318: Train (100%)  Score: 10.0855,  Loss: -0.2293
Epoch 1318/5000: Time Est.: Elapsed[8.88h], Remain[102.83h]
=================================================================
Epoch 1319: Train (100%)  Score: 10.1350,  Loss: -0.2333
Epoch 1319/5000: Time Est.: Elapsed[8.92h], Remain[102.87h]
=================================================================
Epoch 1320: Train (100%)  Score: 10.1887,  Loss: -0.2383
Epoch 1320/5000: Time Est.: Elapsed[8.95h], Remain[102.90h]
=================================================================
Epoch 1321: Train (100%)  Score: 10.2932,  Loss: -0.2358
Epoch 1321/5000: Time Est.: Elapsed[8.98h], Remain[102.94h]
=================================================================
Epoch 1322: Train (100%)  Score: 9.7941,  Loss: -0.2268
Epoch 1322/5000: Time Est.: Elapsed[9.01h], Remain[102.97h]
=================================================================
Epoch 1323: Train (100%)  Score: 10.1072,  Loss: -0.2304
Epoch 1323/5000: Time Est.: Elapsed[9.05h], Remain[103.00h]
=================================================================
Epoch 1324: Train (100%)  Score: 9.8749,  Loss: -0.2310
Epoch 1324/5000: Time Est.: Elapsed[9.08h], Remain[103.02h]
=================================================================
Epoch 1325: Train (100%)  Score: 10.0442,  Loss: -0.2379
Epoch 1325/5000: Time Est.: Elapsed[9.11h], Remain[103.06h]
=================================================================
Epoch 1326: Train (100%)  Score: 9.9167,  Loss: -0.2294
Epoch 1326/5000: Time Est.: Elapsed[9.15h], Remain[103.09h]
=================================================================
Epoch 1327: Train (100%)  Score: 10.4853,  Loss: -0.2332
Epoch 1327/5000: Time Est.: Elapsed[9.18h], Remain[103.11h]
=================================================================
Epoch 1328: Train (100%)  Score: 9.8869,  Loss: -0.2251
Epoch 1328/5000: Time Est.: Elapsed[9.21h], Remain[103.14h]
=================================================================
Epoch 1329: Train (100%)  Score: 9.8167,  Loss: -0.2336
Epoch 1329/5000: Time Est.: Elapsed[9.25h], Remain[103.16h]
=================================================================
Epoch 1330: Train (100%)  Score: 10.2773,  Loss: -0.2385
Epoch 1330/5000: Time Est.: Elapsed[9.28h], Remain[103.19h]
=================================================================
Epoch 1331: Train (100%)  Score: 10.1358,  Loss: -0.2369
Epoch 1331/5000: Time Est.: Elapsed[9.31h], Remain[103.22h]
=================================================================
Epoch 1332: Train (100%)  Score: 9.9951,  Loss: -0.2265
Epoch 1332/5000: Time Est.: Elapsed[9.34h], Remain[103.24h]
=================================================================
Epoch 1333: Train (100%)  Score: 10.3375,  Loss: -0.2341
Epoch 1333/5000: Time Est.: Elapsed[9.38h], Remain[103.27h]
=================================================================
Epoch 1334: Train (100%)  Score: 10.3354,  Loss: -0.2323
Epoch 1334/5000: Time Est.: Elapsed[9.41h], Remain[103.30h]
=================================================================
Epoch 1335: Train (100%)  Score: 9.9856,  Loss: -0.2320
Epoch 1335/5000: Time Est.: Elapsed[9.44h], Remain[103.32h]
=================================================================
Epoch 1336: Train (100%)  Score: 10.0933,  Loss: -0.2253
Epoch 1336/5000: Time Est.: Elapsed[9.48h], Remain[103.35h]
=================================================================
Epoch 1337: Train (100%)  Score: 10.2109,  Loss: -0.2378
Epoch 1337/5000: Time Est.: Elapsed[9.51h], Remain[103.38h]
=================================================================
Epoch 1338: Train (100%)  Score: 10.3034,  Loss: -0.2274
Epoch 1338/5000: Time Est.: Elapsed[9.54h], Remain[103.40h]
=================================================================
Epoch 1339: Train (100%)  Score: 10.0059,  Loss: -0.2324
Epoch 1339/5000: Time Est.: Elapsed[9.58h], Remain[103.42h]
=================================================================
Epoch 1340: Train (100%)  Score: 10.2484,  Loss: -0.2352
Epoch 1340/5000: Time Est.: Elapsed[9.61h], Remain[103.45h]
=================================================================
Epoch 1341: Train (100%)  Score: 9.8616,  Loss: -0.2278
Epoch 1341/5000: Time Est.: Elapsed[9.64h], Remain[103.47h]
=================================================================
Epoch 1342: Train (100%)  Score: 9.9263,  Loss: -0.2291
Epoch 1342/5000: Time Est.: Elapsed[9.68h], Remain[103.50h]
=================================================================
Epoch 1343: Train (100%)  Score: 10.4962,  Loss: -0.2408
Epoch 1343/5000: Time Est.: Elapsed[9.71h], Remain[103.52h]
=================================================================
Epoch 1344: Train (100%)  Score: 9.9604,  Loss: -0.2312
Epoch 1344/5000: Time Est.: Elapsed[9.74h], Remain[103.55h]
=================================================================
Epoch 1345: Train (100%)  Score: 10.2062,  Loss: -0.2370
Epoch 1345/5000: Time Est.: Elapsed[9.77h], Remain[103.46h]
=================================================================
Epoch 1346: Train (100%)  Score: 10.0166,  Loss: -0.2317
Epoch 1346/5000: Time Est.: Elapsed[9.81h], Remain[103.59h]
=================================================================
Epoch 1347: Train (100%)  Score: 10.1452,  Loss: -0.2369
Epoch 1347/5000: Time Est.: Elapsed[9.84h], Remain[103.61h]
=================================================================
Epoch 1348: Train (100%)  Score: 10.0558,  Loss: -0.2305
Epoch 1348/5000: Time Est.: Elapsed[9.87h], Remain[103.63h]
=================================================================
Epoch 1349: Train (100%)  Score: 10.4600,  Loss: -0.2413
Epoch 1349/5000: Time Est.: Elapsed[9.91h], Remain[103.65h]
=================================================================
Epoch 1350: Train (100%)  Score: 10.4548,  Loss: -0.2326
Epoch 1350/5000: Time Est.: Elapsed[9.94h], Remain[103.67h]
=================================================================
Epoch 1351: Train (100%)  Score: 10.1134,  Loss: -0.2354
Epoch 1351/5000: Time Est.: Elapsed[9.97h], Remain[103.69h]
=================================================================
Epoch 1352: Train (100%)  Score: 10.4043,  Loss: -0.2367
Epoch 1352/5000: Time Est.: Elapsed[10.01h], Remain[103.71h]
=================================================================
Epoch 1353: Train (100%)  Score: 9.9696,  Loss: -0.2293
Epoch 1353/5000: Time Est.: Elapsed[10.04h], Remain[103.73h]
=================================================================
Epoch 1354: Train (100%)  Score: 9.8775,  Loss: -0.2372
Epoch 1354/5000: Time Est.: Elapsed[10.07h], Remain[103.75h]
=================================================================
Epoch 1355: Train (100%)  Score: 10.2657,  Loss: -0.2365
Epoch 1355/5000: Time Est.: Elapsed[10.11h], Remain[103.77h]
=================================================================
Epoch 1356: Train (100%)  Score: 9.7419,  Loss: -0.2276
Epoch 1356/5000: Time Est.: Elapsed[10.14h], Remain[103.78h]
=================================================================
Epoch 1357: Train (100%)  Score: 10.1583,  Loss: -0.2326
Epoch 1357/5000: Time Est.: Elapsed[10.17h], Remain[103.80h]
=================================================================
Epoch 1358: Train (100%)  Score: 10.4633,  Loss: -0.2423
Epoch 1358/5000: Time Est.: Elapsed[10.20h], Remain[103.72h]
=================================================================
Epoch 1359: Train (100%)  Score: 10.1300,  Loss: -0.2297
Epoch 1359/5000: Time Est.: Elapsed[10.24h], Remain[103.84h]
=================================================================
Epoch 1360: Train (100%)  Score: 10.1237,  Loss: -0.2364
Epoch 1360/5000: Time Est.: Elapsed[10.27h], Remain[103.85h]
=================================================================
Epoch 1361: Train (100%)  Score: 9.9642,  Loss: -0.2262
Epoch 1361/5000: Time Est.: Elapsed[10.30h], Remain[103.87h]
=================================================================
Epoch 1362: Train (100%)  Score: 10.0104,  Loss: -0.2312
Epoch 1362/5000: Time Est.: Elapsed[10.34h], Remain[103.88h]
=================================================================
Epoch 1363: Train (100%)  Score: 9.9412,  Loss: -0.2252
Epoch 1363/5000: Time Est.: Elapsed[10.37h], Remain[103.88h]
=================================================================
Epoch 1364: Train (100%)  Score: 9.9099,  Loss: -0.2313
Epoch 1364/5000: Time Est.: Elapsed[10.40h], Remain[103.89h]
=================================================================
Epoch 1365: Train (100%)  Score: 10.4326,  Loss: -0.2340
Epoch 1365/5000: Time Est.: Elapsed[10.43h], Remain[103.89h]
=================================================================
Epoch 1366: Train (100%)  Score: 10.2419,  Loss: -0.2266
Epoch 1366/5000: Time Est.: Elapsed[10.46h], Remain[103.89h]
=================================================================
Epoch 1367: Train (100%)  Score: 10.1615,  Loss: -0.2290
Epoch 1367/5000: Time Est.: Elapsed[10.50h], Remain[103.90h]
=================================================================
Epoch 1368: Train (100%)  Score: 9.8873,  Loss: -0.2321
Epoch 1368/5000: Time Est.: Elapsed[10.53h], Remain[103.90h]
=================================================================
Epoch 1369: Train (100%)  Score: 9.7613,  Loss: -0.2243
Epoch 1369/5000: Time Est.: Elapsed[10.56h], Remain[103.90h]
=================================================================
Epoch 1370: Train (100%)  Score: 10.1613,  Loss: -0.2320
Epoch 1370/5000: Time Est.: Elapsed[10.59h], Remain[103.91h]
=================================================================
Epoch 1371: Train (100%)  Score: 10.4385,  Loss: -0.2319
Epoch 1371/5000: Time Est.: Elapsed[10.62h], Remain[103.92h]
=================================================================
Epoch 1372: Train (100%)  Score: 9.8175,  Loss: -0.2259
Epoch 1372/5000: Time Est.: Elapsed[10.66h], Remain[103.92h]
=================================================================
Epoch 1373: Train (100%)  Score: 10.2279,  Loss: -0.2297
Epoch 1373/5000: Time Est.: Elapsed[10.69h], Remain[103.92h]
=================================================================
Epoch 1374: Train (100%)  Score: 10.2390,  Loss: -0.2286
Epoch 1374/5000: Time Est.: Elapsed[10.72h], Remain[103.93h]
=================================================================
Epoch 1375: Train (100%)  Score: 10.3965,  Loss: -0.2421
Epoch 1375/5000: Time Est.: Elapsed[10.75h], Remain[103.93h]
=================================================================
Epoch 1376: Train (100%)  Score: 10.0548,  Loss: -0.2296
Epoch 1376/5000: Time Est.: Elapsed[10.78h], Remain[103.93h]
=================================================================
Epoch 1377: Train (100%)  Score: 10.2164,  Loss: -0.2324
Epoch 1377/5000: Time Est.: Elapsed[10.82h], Remain[103.94h]
=================================================================
Epoch 1378: Train (100%)  Score: 9.9426,  Loss: -0.2318
Epoch 1378/5000: Time Est.: Elapsed[10.85h], Remain[103.94h]
=================================================================
Epoch 1379: Train (100%)  Score: 10.1705,  Loss: -0.2262
Epoch 1379/5000: Time Est.: Elapsed[10.88h], Remain[103.94h]
=================================================================
Epoch 1380: Train (100%)  Score: 10.1029,  Loss: -0.2305
Epoch 1380/5000: Time Est.: Elapsed[10.91h], Remain[103.94h]
=================================================================
Epoch 1381: Train (100%)  Score: 10.0557,  Loss: -0.2347
Epoch 1381/5000: Time Est.: Elapsed[10.94h], Remain[103.94h]
=================================================================
Epoch 1382: Train (100%)  Score: 10.3759,  Loss: -0.2321
Epoch 1382/5000: Time Est.: Elapsed[10.97h], Remain[103.94h]
=================================================================
Epoch 1383: Train (100%)  Score: 10.4173,  Loss: -0.2378
Epoch 1383/5000: Time Est.: Elapsed[11.01h], Remain[103.95h]
=================================================================
Epoch 1384: Train (100%)  Score: 9.9611,  Loss: -0.2210
Epoch 1384/5000: Time Est.: Elapsed[11.04h], Remain[103.95h]
=================================================================
Epoch 1385: Train (100%)  Score: 10.1315,  Loss: -0.2288
Epoch 1385/5000: Time Est.: Elapsed[11.07h], Remain[103.95h]
=================================================================
Epoch 1386: Train (100%)  Score: 9.9505,  Loss: -0.2321
Epoch 1386/5000: Time Est.: Elapsed[11.10h], Remain[103.95h]
=================================================================
Epoch 1387: Train (100%)  Score: 9.8113,  Loss: -0.2265
Epoch 1387/5000: Time Est.: Elapsed[11.13h], Remain[103.95h]
=================================================================
Epoch 1388: Train (100%)  Score: 10.2345,  Loss: -0.2312
Epoch 1388/5000: Time Est.: Elapsed[11.17h], Remain[103.95h]
=================================================================
Epoch 1389: Train (100%)  Score: 9.8925,  Loss: -0.2301
Epoch 1389/5000: Time Est.: Elapsed[11.20h], Remain[103.95h]
=================================================================
Epoch 1390: Train (100%)  Score: 9.7798,  Loss: -0.2312
Epoch 1390/5000: Time Est.: Elapsed[11.23h], Remain[103.95h]
=================================================================
Epoch 1391: Train (100%)  Score: 9.8506,  Loss: -0.2330
Epoch 1391/5000: Time Est.: Elapsed[11.26h], Remain[103.94h]
=================================================================
Epoch 1392: Train (100%)  Score: 10.3205,  Loss: -0.2344
Epoch 1392/5000: Time Est.: Elapsed[11.29h], Remain[103.95h]
=================================================================
Epoch 1393: Train (100%)  Score: 10.3239,  Loss: -0.2397
Epoch 1393/5000: Time Est.: Elapsed[11.33h], Remain[103.95h]
=================================================================
Epoch 1394: Train (100%)  Score: 9.9883,  Loss: -0.2295
Epoch 1394/5000: Time Est.: Elapsed[11.36h], Remain[103.95h]
=================================================================
Epoch 1395: Train (100%)  Score: 10.0249,  Loss: -0.2276
Epoch 1395/5000: Time Est.: Elapsed[11.39h], Remain[103.94h]
=================================================================
Epoch 1396: Train (100%)  Score: 10.0198,  Loss: -0.2272
Epoch 1396/5000: Time Est.: Elapsed[11.42h], Remain[103.94h]
=================================================================
Epoch 1397: Train (100%)  Score: 10.3077,  Loss: -0.2350
Epoch 1397/5000: Time Est.: Elapsed[11.45h], Remain[103.94h]
=================================================================
Epoch 1398: Train (100%)  Score: 10.2914,  Loss: -0.2319
Epoch 1398/5000: Time Est.: Elapsed[11.48h], Remain[103.94h]
=================================================================
Epoch 1399: Train (100%)  Score: 9.9061,  Loss: -0.2283
Epoch 1399/5000: Time Est.: Elapsed[11.52h], Remain[103.94h]
=================================================================
Epoch 1400: Train (100%)  Score: 9.9829,  Loss: -0.2344
Epoch 1400/5000: Time Est.: Elapsed[11.55h], Remain[103.93h]
Saving trained_model
=================================================================
Epoch 1401: Train (100%)  Score: 10.0123,  Loss: -0.2305
Epoch 1401/5000: Time Est.: Elapsed[11.58h], Remain[103.93h]
=================================================================
Epoch 1402: Train (100%)  Score: 9.9818,  Loss: -0.2281
Epoch 1402/5000: Time Est.: Elapsed[11.61h], Remain[103.93h]
=================================================================
Epoch 1403: Train (100%)  Score: 9.9846,  Loss: -0.2320
Epoch 1403/5000: Time Est.: Elapsed[11.64h], Remain[103.93h]
=================================================================
Epoch 1404: Train (100%)  Score: 10.0070,  Loss: -0.2327
Epoch 1404/5000: Time Est.: Elapsed[11.68h], Remain[103.93h]
=================================================================
Epoch 1405: Train (100%)  Score: 10.3330,  Loss: -0.2350
Epoch 1405/5000: Time Est.: Elapsed[11.70h], Remain[103.84h]
=================================================================
Epoch 1406: Train (100%)  Score: 10.5445,  Loss: -0.2358
Epoch 1406/5000: Time Est.: Elapsed[11.74h], Remain[103.92h]
=================================================================
Epoch 1407: Train (100%)  Score: 10.3624,  Loss: -0.2369
Epoch 1407/5000: Time Est.: Elapsed[11.77h], Remain[103.92h]
=================================================================
Epoch 1408: Train (100%)  Score: 10.1770,  Loss: -0.2285
Epoch 1408/5000: Time Est.: Elapsed[11.80h], Remain[103.92h]
=================================================================
Epoch 1409: Train (100%)  Score: 10.1395,  Loss: -0.2285
Epoch 1409/5000: Time Est.: Elapsed[11.84h], Remain[103.91h]
=================================================================
Epoch 1410: Train (100%)  Score: 9.7680,  Loss: -0.2270
Epoch 1410/5000: Time Est.: Elapsed[11.87h], Remain[103.91h]
=================================================================
Epoch 1411: Train (100%)  Score: 9.9887,  Loss: -0.2317
Epoch 1411/5000: Time Est.: Elapsed[11.90h], Remain[103.91h]
=================================================================
Epoch 1412: Train (100%)  Score: 10.0413,  Loss: -0.2259
Epoch 1412/5000: Time Est.: Elapsed[11.93h], Remain[103.91h]
=================================================================
Epoch 1413: Train (100%)  Score: 10.1114,  Loss: -0.2310
Epoch 1413/5000: Time Est.: Elapsed[11.96h], Remain[103.91h]
=================================================================
Epoch 1414: Train (100%)  Score: 10.3267,  Loss: -0.2337
Epoch 1414/5000: Time Est.: Elapsed[12.00h], Remain[103.91h]
=================================================================
Epoch 1415: Train (100%)  Score: 10.0995,  Loss: -0.2345
Epoch 1415/5000: Time Est.: Elapsed[12.03h], Remain[103.91h]
=================================================================
Epoch 1416: Train (100%)  Score: 10.1404,  Loss: -0.2308
Epoch 1416/5000: Time Est.: Elapsed[12.06h], Remain[103.90h]
=================================================================
Epoch 1417: Train (100%)  Score: 10.2862,  Loss: -0.2300
Epoch 1417/5000: Time Est.: Elapsed[12.09h], Remain[103.90h]
=================================================================
Epoch 1418: Train (100%)  Score: 10.1306,  Loss: -0.2263
Epoch 1418/5000: Time Est.: Elapsed[12.12h], Remain[103.90h]
=================================================================
Epoch 1419: Train (100%)  Score: 9.7780,  Loss: -0.2213
Epoch 1419/5000: Time Est.: Elapsed[12.16h], Remain[103.89h]
=================================================================
Epoch 1420: Train (100%)  Score: 10.1040,  Loss: -0.2266
Epoch 1420/5000: Time Est.: Elapsed[12.19h], Remain[103.88h]
=================================================================
Epoch 1421: Train (100%)  Score: 10.3462,  Loss: -0.2328
Epoch 1421/5000: Time Est.: Elapsed[12.22h], Remain[103.88h]
=================================================================
Epoch 1422: Train (100%)  Score: 9.9498,  Loss: -0.2356
Epoch 1422/5000: Time Est.: Elapsed[12.25h], Remain[103.88h]
=================================================================
Epoch 1423: Train (100%)  Score: 9.8578,  Loss: -0.2322
Epoch 1423/5000: Time Est.: Elapsed[12.28h], Remain[103.87h]
=================================================================
Epoch 1424: Train (100%)  Score: 10.3084,  Loss: -0.2350
Epoch 1424/5000: Time Est.: Elapsed[12.30h], Remain[103.77h]
=================================================================
Epoch 1425: Train (100%)  Score: 10.1716,  Loss: -0.2308
Epoch 1425/5000: Time Est.: Elapsed[12.32h], Remain[103.64h]
=================================================================
Epoch 1426: Train (100%)  Score: 10.1445,  Loss: -0.2298
Epoch 1426/5000: Time Est.: Elapsed[12.34h], Remain[103.52h]
=================================================================
Epoch 1427: Train (100%)  Score: 9.7807,  Loss: -0.2292
Epoch 1427/5000: Time Est.: Elapsed[12.36h], Remain[103.39h]
=================================================================
Epoch 1428: Train (100%)  Score: 10.5482,  Loss: -0.2377
Epoch 1428/5000: Time Est.: Elapsed[12.37h], Remain[103.27h]
=================================================================
Epoch 1429: Train (100%)  Score: 9.9914,  Loss: -0.2306
Epoch 1429/5000: Time Est.: Elapsed[12.39h], Remain[103.15h]
=================================================================
Epoch 1430: Train (100%)  Score: 10.0484,  Loss: -0.2296
Epoch 1430/5000: Time Est.: Elapsed[12.41h], Remain[103.03h]
=================================================================
Epoch 1431: Train (100%)  Score: 10.1926,  Loss: -0.2320
Epoch 1431/5000: Time Est.: Elapsed[12.43h], Remain[102.92h]
=================================================================
Epoch 1432: Train (100%)  Score: 9.8919,  Loss: -0.2344
Epoch 1432/5000: Time Est.: Elapsed[12.45h], Remain[102.82h]
=================================================================
Epoch 1433: Train (100%)  Score: 10.0395,  Loss: -0.2329
Epoch 1433/5000: Time Est.: Elapsed[12.47h], Remain[102.71h]
=================================================================
Epoch 1434: Train (100%)  Score: 10.2286,  Loss: -0.2288
Epoch 1434/5000: Time Est.: Elapsed[12.49h], Remain[102.59h]
=================================================================
Epoch 1435: Train (100%)  Score: 10.0534,  Loss: -0.2297
Epoch 1435/5000: Time Est.: Elapsed[12.50h], Remain[102.48h]
=================================================================
Epoch 1436: Train (100%)  Score: 10.1824,  Loss: -0.2299
Epoch 1436/5000: Time Est.: Elapsed[12.52h], Remain[102.37h]
=================================================================
Epoch 1437: Train (100%)  Score: 10.0293,  Loss: -0.2253
Epoch 1437/5000: Time Est.: Elapsed[12.54h], Remain[102.26h]
=================================================================
Epoch 1438: Train (100%)  Score: 9.9023,  Loss: -0.2187
Epoch 1438/5000: Time Est.: Elapsed[12.56h], Remain[102.14h]
=================================================================
Epoch 1439: Train (100%)  Score: 9.8981,  Loss: -0.2351
Epoch 1439/5000: Time Est.: Elapsed[12.58h], Remain[102.04h]
=================================================================
Epoch 1440: Train (100%)  Score: 10.7388,  Loss: -0.2399
Epoch 1440/5000: Time Est.: Elapsed[12.60h], Remain[101.93h]
=================================================================
Epoch 1441: Train (100%)  Score: 10.0834,  Loss: -0.2288
Epoch 1441/5000: Time Est.: Elapsed[12.62h], Remain[101.82h]
=================================================================
Epoch 1442: Train (100%)  Score: 9.9417,  Loss: -0.2331
Epoch 1442/5000: Time Est.: Elapsed[12.64h], Remain[101.71h]
=================================================================
Epoch 1443: Train (100%)  Score: 10.3074,  Loss: -0.2361
Epoch 1443/5000: Time Est.: Elapsed[12.65h], Remain[101.60h]
=================================================================
Epoch 1444: Train (100%)  Score: 10.0132,  Loss: -0.2312
Epoch 1444/5000: Time Est.: Elapsed[12.67h], Remain[101.49h]
=================================================================
Epoch 1445: Train (100%)  Score: 9.9727,  Loss: -0.2314
Epoch 1445/5000: Time Est.: Elapsed[12.69h], Remain[101.39h]
=================================================================
Epoch 1446: Train (100%)  Score: 10.1471,  Loss: -0.2285
Epoch 1446/5000: Time Est.: Elapsed[12.71h], Remain[101.28h]
=================================================================
Epoch 1447: Train (100%)  Score: 10.0249,  Loss: -0.2365
Epoch 1447/5000: Time Est.: Elapsed[12.73h], Remain[101.17h]
=================================================================
Epoch 1448: Train (100%)  Score: 10.3657,  Loss: -0.2315
Epoch 1448/5000: Time Est.: Elapsed[12.75h], Remain[101.06h]
=================================================================
Epoch 1449: Train (100%)  Score: 10.4453,  Loss: -0.2355
Epoch 1449/5000: Time Est.: Elapsed[12.77h], Remain[100.96h]
=================================================================
Epoch 1450: Train (100%)  Score: 10.1342,  Loss: -0.2284
Epoch 1450/5000: Time Est.: Elapsed[12.78h], Remain[100.85h]
=================================================================
Epoch 1451: Train (100%)  Score: 10.1405,  Loss: -0.2284
Epoch 1451/5000: Time Est.: Elapsed[12.80h], Remain[100.75h]
=================================================================
Epoch 1452: Train (100%)  Score: 10.3302,  Loss: -0.2315
Epoch 1452/5000: Time Est.: Elapsed[12.82h], Remain[100.64h]
=================================================================
Epoch 1453: Train (100%)  Score: 10.2240,  Loss: -0.2329
Epoch 1453/5000: Time Est.: Elapsed[12.84h], Remain[100.54h]
=================================================================
Epoch 1454: Train (100%)  Score: 10.4328,  Loss: -0.2389
Epoch 1454/5000: Time Est.: Elapsed[12.86h], Remain[100.43h]
=================================================================
Epoch 1455: Train (100%)  Score: 10.1144,  Loss: -0.2269
Epoch 1455/5000: Time Est.: Elapsed[12.88h], Remain[100.33h]
=================================================================
Epoch 1456: Train (100%)  Score: 10.0876,  Loss: -0.2346
Epoch 1456/5000: Time Est.: Elapsed[12.90h], Remain[100.23h]
=================================================================
Epoch 1457: Train (100%)  Score: 10.0548,  Loss: -0.2289
Epoch 1457/5000: Time Est.: Elapsed[12.91h], Remain[100.12h]
=================================================================
Epoch 1458: Train (100%)  Score: 10.3455,  Loss: -0.2288
Epoch 1458/5000: Time Est.: Elapsed[12.93h], Remain[100.02h]
=================================================================
Epoch 1459: Train (100%)  Score: 10.1163,  Loss: -0.2297
Epoch 1459/5000: Time Est.: Elapsed[12.95h], Remain[99.92h]
=================================================================
Epoch 1460: Train (100%)  Score: 10.1679,  Loss: -0.2288
Epoch 1460/5000: Time Est.: Elapsed[12.97h], Remain[99.81h]
=================================================================
Epoch 1461: Train (100%)  Score: 10.2811,  Loss: -0.2315
Epoch 1461/5000: Time Est.: Elapsed[12.99h], Remain[99.71h]
=================================================================
Epoch 1462: Train (100%)  Score: 9.7710,  Loss: -0.2381
Epoch 1462/5000: Time Est.: Elapsed[13.01h], Remain[99.61h]
=================================================================
Epoch 1463: Train (100%)  Score: 10.0637,  Loss: -0.2273
Epoch 1463/5000: Time Est.: Elapsed[13.03h], Remain[99.51h]
=================================================================
Epoch 1464: Train (100%)  Score: 10.1312,  Loss: -0.2269
Epoch 1464/5000: Time Est.: Elapsed[13.04h], Remain[99.40h]
=================================================================
Epoch 1465: Train (100%)  Score: 10.4222,  Loss: -0.2304
Epoch 1465/5000: Time Est.: Elapsed[13.06h], Remain[99.31h]
=================================================================
Epoch 1466: Train (100%)  Score: 10.1212,  Loss: -0.2314
Epoch 1466/5000: Time Est.: Elapsed[13.08h], Remain[99.21h]
=================================================================
Epoch 1467: Train (100%)  Score: 10.2484,  Loss: -0.2365
Epoch 1467/5000: Time Est.: Elapsed[13.10h], Remain[99.11h]
=================================================================
Epoch 1468: Train (100%)  Score: 10.3824,  Loss: -0.2326
Epoch 1468/5000: Time Est.: Elapsed[13.12h], Remain[99.01h]
=================================================================
Epoch 1469: Train (100%)  Score: 10.2106,  Loss: -0.2298
Epoch 1469/5000: Time Est.: Elapsed[13.14h], Remain[98.91h]
=================================================================
Epoch 1470: Train (100%)  Score: 10.9647,  Loss: -0.2388
Epoch 1470/5000: Time Est.: Elapsed[13.16h], Remain[98.81h]
=================================================================
Epoch 1471: Train (100%)  Score: 10.6018,  Loss: -0.2323
Epoch 1471/5000: Time Est.: Elapsed[13.18h], Remain[98.72h]
=================================================================
Epoch 1472: Train (100%)  Score: 10.1716,  Loss: -0.2286
Epoch 1472/5000: Time Est.: Elapsed[13.19h], Remain[98.62h]
=================================================================
Epoch 1473: Train (100%)  Score: 10.1966,  Loss: -0.2273
Epoch 1473/5000: Time Est.: Elapsed[13.21h], Remain[98.52h]
=================================================================
Epoch 1474: Train (100%)  Score: 10.0709,  Loss: -0.2222
Epoch 1474/5000: Time Est.: Elapsed[13.23h], Remain[98.42h]
=================================================================
Epoch 1475: Train (100%)  Score: 10.2010,  Loss: -0.2313
Epoch 1475/5000: Time Est.: Elapsed[13.25h], Remain[98.33h]
=================================================================
Epoch 1476: Train (100%)  Score: 10.2567,  Loss: -0.2347
Epoch 1476/5000: Time Est.: Elapsed[13.27h], Remain[98.23h]
=================================================================
Epoch 1477: Train (100%)  Score: 10.0803,  Loss: -0.2400
Epoch 1477/5000: Time Est.: Elapsed[13.29h], Remain[98.12h]
=================================================================
Epoch 1478: Train (100%)  Score: 9.7660,  Loss: -0.2235
Epoch 1478/5000: Time Est.: Elapsed[13.30h], Remain[98.02h]
=================================================================
Epoch 1479: Train (100%)  Score: 10.0579,  Loss: -0.2280
Epoch 1479/5000: Time Est.: Elapsed[13.32h], Remain[97.93h]
=================================================================
Epoch 1480: Train (100%)  Score: 10.3466,  Loss: -0.2293
Epoch 1480/5000: Time Est.: Elapsed[13.34h], Remain[97.83h]
=================================================================
Epoch 1481: Train (100%)  Score: 10.5927,  Loss: -0.2324
Epoch 1481/5000: Time Est.: Elapsed[13.36h], Remain[97.74h]
=================================================================
Epoch 1482: Train (100%)  Score: 9.7051,  Loss: -0.2253
Epoch 1482/5000: Time Est.: Elapsed[13.38h], Remain[97.64h]
=================================================================
Epoch 1483: Train (100%)  Score: 10.0699,  Loss: -0.2216
Epoch 1483/5000: Time Est.: Elapsed[13.40h], Remain[97.55h]
=================================================================
Epoch 1484: Train (100%)  Score: 9.8468,  Loss: -0.2244
Epoch 1484/5000: Time Est.: Elapsed[13.41h], Remain[97.45h]
=================================================================
Epoch 1485: Train (100%)  Score: 10.2721,  Loss: -0.2308
Epoch 1485/5000: Time Est.: Elapsed[13.43h], Remain[97.36h]
=================================================================
Epoch 1486: Train (100%)  Score: 10.2827,  Loss: -0.2336
Epoch 1486/5000: Time Est.: Elapsed[13.45h], Remain[97.27h]
=================================================================
Epoch 1487: Train (100%)  Score: 10.2332,  Loss: -0.2349
Epoch 1487/5000: Time Est.: Elapsed[13.47h], Remain[97.17h]
=================================================================
Epoch 1488: Train (100%)  Score: 10.0516,  Loss: -0.2288
Epoch 1488/5000: Time Est.: Elapsed[13.49h], Remain[97.08h]
=================================================================
Epoch 1489: Train (100%)  Score: 10.0799,  Loss: -0.2253
Epoch 1489/5000: Time Est.: Elapsed[13.51h], Remain[96.99h]
=================================================================
Epoch 1490: Train (100%)  Score: 10.3377,  Loss: -0.2338
Epoch 1490/5000: Time Est.: Elapsed[13.53h], Remain[96.89h]
=================================================================
Epoch 1491: Train (100%)  Score: 9.9702,  Loss: -0.2290
Epoch 1491/5000: Time Est.: Elapsed[13.54h], Remain[96.80h]
=================================================================
Epoch 1492: Train (100%)  Score: 10.1264,  Loss: -0.2277
Epoch 1492/5000: Time Est.: Elapsed[13.56h], Remain[96.71h]
=================================================================
Epoch 1493: Train (100%)  Score: 10.2641,  Loss: -0.2318
Epoch 1493/5000: Time Est.: Elapsed[13.58h], Remain[96.62h]
=================================================================
Epoch 1494: Train (100%)  Score: 10.2681,  Loss: -0.2336
Epoch 1494/5000: Time Est.: Elapsed[13.60h], Remain[96.52h]
=================================================================
Epoch 1495: Train (100%)  Score: 9.9852,  Loss: -0.2285
Epoch 1495/5000: Time Est.: Elapsed[13.62h], Remain[96.43h]
=================================================================
Epoch 1496: Train (100%)  Score: 10.3663,  Loss: -0.2302
Epoch 1496/5000: Time Est.: Elapsed[13.64h], Remain[96.34h]
=================================================================
Epoch 1497: Train (100%)  Score: 10.2548,  Loss: -0.2285
Epoch 1497/5000: Time Est.: Elapsed[13.66h], Remain[96.25h]
=================================================================
Epoch 1498: Train (100%)  Score: 10.3947,  Loss: -0.2288
Epoch 1498/5000: Time Est.: Elapsed[13.66h], Remain[96.09h]
=================================================================
Epoch 1499: Train (100%)  Score: 10.2408,  Loss: -0.2358
Epoch 1499/5000: Time Est.: Elapsed[13.69h], Remain[96.07h]
=================================================================
Epoch 1500: Train (100%)  Score: 10.0342,  Loss: -0.2260
Epoch 1500/5000: Time Est.: Elapsed[13.71h], Remain[95.98h]
Saving trained_model
=================================================================
Epoch 1501: Train (100%)  Score: 10.2454,  Loss: -0.2269
Epoch 1501/5000: Time Est.: Elapsed[13.73h], Remain[95.89h]
=================================================================
Epoch 1502: Train (100%)  Score: 9.9499,  Loss: -0.2260
Epoch 1502/5000: Time Est.: Elapsed[13.75h], Remain[95.80h]
=================================================================
Epoch 1503: Train (100%)  Score: 10.4572,  Loss: -0.2376
Epoch 1503/5000: Time Est.: Elapsed[13.77h], Remain[95.71h]
=================================================================
Epoch 1504: Train (100%)  Score: 10.2546,  Loss: -0.2288
Epoch 1504/5000: Time Est.: Elapsed[13.79h], Remain[95.63h]
=================================================================
Epoch 1505: Train (100%)  Score: 10.5460,  Loss: -0.2325
Epoch 1505/5000: Time Est.: Elapsed[13.80h], Remain[95.54h]
=================================================================
Epoch 1506: Train (100%)  Score: 9.9072,  Loss: -0.2267
Epoch 1506/5000: Time Est.: Elapsed[13.82h], Remain[95.45h]
=================================================================
Epoch 1507: Train (100%)  Score: 10.1882,  Loss: -0.2351
Epoch 1507/5000: Time Est.: Elapsed[13.84h], Remain[95.36h]
=================================================================
Epoch 1508: Train (100%)  Score: 10.0953,  Loss: -0.2286
Epoch 1508/5000: Time Est.: Elapsed[13.86h], Remain[95.28h]
=================================================================
Epoch 1509: Train (100%)  Score: 10.1670,  Loss: -0.2232
Epoch 1509/5000: Time Est.: Elapsed[13.88h], Remain[95.19h]
=================================================================
Epoch 1510: Train (100%)  Score: 10.1364,  Loss: -0.2325
Epoch 1510/5000: Time Est.: Elapsed[13.90h], Remain[95.10h]
=================================================================
Epoch 1511: Train (100%)  Score: 10.3323,  Loss: -0.2382
Epoch 1511/5000: Time Est.: Elapsed[13.92h], Remain[95.02h]
=================================================================
Epoch 1512: Train (100%)  Score: 10.3197,  Loss: -0.2280
Epoch 1512/5000: Time Est.: Elapsed[13.93h], Remain[94.93h]
=================================================================
Epoch 1513: Train (100%)  Score: 10.2531,  Loss: -0.2301
Epoch 1513/5000: Time Est.: Elapsed[13.95h], Remain[94.84h]
=================================================================
Epoch 1514: Train (100%)  Score: 10.1025,  Loss: -0.2326
Epoch 1514/5000: Time Est.: Elapsed[13.97h], Remain[94.76h]
=================================================================
Epoch 1515: Train (100%)  Score: 10.3672,  Loss: -0.2230
Epoch 1515/5000: Time Est.: Elapsed[13.99h], Remain[94.67h]
=================================================================
Epoch 1516: Train (100%)  Score: 10.1759,  Loss: -0.2277
Epoch 1516/5000: Time Est.: Elapsed[14.01h], Remain[94.59h]
=================================================================
Epoch 1517: Train (100%)  Score: 9.6440,  Loss: -0.2273
Epoch 1517/5000: Time Est.: Elapsed[14.03h], Remain[94.50h]
=================================================================
Epoch 1518: Train (100%)  Score: 10.1933,  Loss: -0.2308
Epoch 1518/5000: Time Est.: Elapsed[14.05h], Remain[94.42h]
=================================================================
Epoch 1519: Train (100%)  Score: 10.2384,  Loss: -0.2286
Epoch 1519/5000: Time Est.: Elapsed[14.06h], Remain[94.33h]
=================================================================
Epoch 1520: Train (100%)  Score: 10.4354,  Loss: -0.2305
Epoch 1520/5000: Time Est.: Elapsed[14.08h], Remain[94.25h]
=================================================================
Epoch 1521: Train (100%)  Score: 9.9976,  Loss: -0.2334
Epoch 1521/5000: Time Est.: Elapsed[14.10h], Remain[94.16h]
=================================================================
Epoch 1522: Train (100%)  Score: 10.2929,  Loss: -0.2241
Epoch 1522/5000: Time Est.: Elapsed[14.12h], Remain[94.08h]
=================================================================
Epoch 1523: Train (100%)  Score: 10.0751,  Loss: -0.2267
Epoch 1523/5000: Time Est.: Elapsed[14.14h], Remain[93.99h]
=================================================================
Epoch 1524: Train (100%)  Score: 10.3065,  Loss: -0.2248
Epoch 1524/5000: Time Est.: Elapsed[14.16h], Remain[93.91h]
=================================================================
Epoch 1525: Train (100%)  Score: 10.3682,  Loss: -0.2306
Epoch 1525/5000: Time Est.: Elapsed[14.18h], Remain[93.83h]
=================================================================
Epoch 1526: Train (100%)  Score: 9.7633,  Loss: -0.2277
Epoch 1526/5000: Time Est.: Elapsed[14.19h], Remain[93.75h]
=================================================================
Epoch 1527: Train (100%)  Score: 10.0404,  Loss: -0.2278
Epoch 1527/5000: Time Est.: Elapsed[14.21h], Remain[93.66h]
=================================================================
Epoch 1528: Train (100%)  Score: 10.1328,  Loss: -0.2319
Epoch 1528/5000: Time Est.: Elapsed[14.23h], Remain[93.58h]
=================================================================
Epoch 1529: Train (100%)  Score: 10.1304,  Loss: -0.2233
Epoch 1529/5000: Time Est.: Elapsed[14.25h], Remain[93.50h]
=================================================================
Epoch 1530: Train (100%)  Score: 10.4632,  Loss: -0.2298
Epoch 1530/5000: Time Est.: Elapsed[14.27h], Remain[93.42h]
=================================================================
Epoch 1531: Train (100%)  Score: 10.4008,  Loss: -0.2292
Epoch 1531/5000: Time Est.: Elapsed[14.29h], Remain[93.34h]
=================================================================
Epoch 1532: Train (100%)  Score: 10.5305,  Loss: -0.2332
Epoch 1532/5000: Time Est.: Elapsed[14.31h], Remain[93.25h]
=================================================================
Epoch 1533: Train (100%)  Score: 10.1755,  Loss: -0.2289
Epoch 1533/5000: Time Est.: Elapsed[14.32h], Remain[93.17h]
=================================================================
Epoch 1534: Train (100%)  Score: 9.7677,  Loss: -0.2266
Epoch 1534/5000: Time Est.: Elapsed[14.34h], Remain[93.09h]
=================================================================
Epoch 1535: Train (100%)  Score: 10.0059,  Loss: -0.2268
Epoch 1535/5000: Time Est.: Elapsed[14.36h], Remain[93.01h]
=================================================================
Epoch 1536: Train (100%)  Score: 10.2971,  Loss: -0.2292
Epoch 1536/5000: Time Est.: Elapsed[14.37h], Remain[92.87h]
=================================================================
Epoch 1537: Train (100%)  Score: 10.1182,  Loss: -0.2319
Epoch 1537/5000: Time Est.: Elapsed[14.39h], Remain[92.78h]
=================================================================
Epoch 1538: Train (100%)  Score: 10.0997,  Loss: -0.2279
Epoch 1538/5000: Time Est.: Elapsed[14.42h], Remain[92.77h]
=================================================================
Epoch 1539: Train (100%)  Score: 10.0171,  Loss: -0.2303
Epoch 1539/5000: Time Est.: Elapsed[14.44h], Remain[92.69h]
=================================================================
Epoch 1540: Train (100%)  Score: 10.2306,  Loss: -0.2244
Epoch 1540/5000: Time Est.: Elapsed[14.45h], Remain[92.61h]
=================================================================
Epoch 1541: Train (100%)  Score: 10.2646,  Loss: -0.2374
Epoch 1541/5000: Time Est.: Elapsed[14.47h], Remain[92.53h]
=================================================================
Epoch 1542: Train (100%)  Score: 10.3233,  Loss: -0.2287
Epoch 1542/5000: Time Est.: Elapsed[14.49h], Remain[92.45h]
=================================================================
Epoch 1543: Train (100%)  Score: 9.9092,  Loss: -0.2274
Epoch 1543/5000: Time Est.: Elapsed[14.51h], Remain[92.37h]
=================================================================
Epoch 1544: Train (100%)  Score: 10.2541,  Loss: -0.2265
Epoch 1544/5000: Time Est.: Elapsed[14.53h], Remain[92.29h]
=================================================================
Epoch 1545: Train (100%)  Score: 10.0901,  Loss: -0.2228
Epoch 1545/5000: Time Est.: Elapsed[14.55h], Remain[92.21h]
=================================================================
Epoch 1546: Train (100%)  Score: 10.2937,  Loss: -0.2265
Epoch 1546/5000: Time Est.: Elapsed[14.56h], Remain[92.13h]
=================================================================
Epoch 1547: Train (100%)  Score: 10.1146,  Loss: -0.2264
Epoch 1547/5000: Time Est.: Elapsed[14.58h], Remain[92.06h]
=================================================================
Epoch 1548: Train (100%)  Score: 10.4187,  Loss: -0.2317
Epoch 1548/5000: Time Est.: Elapsed[14.60h], Remain[91.98h]
=================================================================
Epoch 1549: Train (100%)  Score: 9.8901,  Loss: -0.2238
Epoch 1549/5000: Time Est.: Elapsed[14.62h], Remain[91.90h]
=================================================================
Epoch 1550: Train (100%)  Score: 10.4112,  Loss: -0.2362
Epoch 1550/5000: Time Est.: Elapsed[14.64h], Remain[91.82h]
=================================================================
Epoch 1551: Train (100%)  Score: 10.4967,  Loss: -0.2318
Epoch 1551/5000: Time Est.: Elapsed[14.66h], Remain[91.75h]
=================================================================
Epoch 1552: Train (100%)  Score: 10.2859,  Loss: -0.2299
Epoch 1552/5000: Time Est.: Elapsed[14.68h], Remain[91.67h]
=================================================================
Epoch 1553: Train (100%)  Score: 9.9430,  Loss: -0.2278
Epoch 1553/5000: Time Est.: Elapsed[14.69h], Remain[91.59h]
=================================================================
Epoch 1554: Train (100%)  Score: 10.0669,  Loss: -0.2345
Epoch 1554/5000: Time Est.: Elapsed[14.71h], Remain[91.52h]
=================================================================
Epoch 1555: Train (100%)  Score: 10.0536,  Loss: -0.2284
Epoch 1555/5000: Time Est.: Elapsed[14.73h], Remain[91.44h]
=================================================================
Epoch 1556: Train (100%)  Score: 9.9614,  Loss: -0.2256
Epoch 1556/5000: Time Est.: Elapsed[14.75h], Remain[91.36h]
=================================================================
Epoch 1557: Train (100%)  Score: 10.0522,  Loss: -0.2317
Epoch 1557/5000: Time Est.: Elapsed[14.77h], Remain[91.29h]
=================================================================
Epoch 1558: Train (100%)  Score: 9.9739,  Loss: -0.2280
Epoch 1558/5000: Time Est.: Elapsed[14.79h], Remain[91.21h]
=================================================================
Epoch 1559: Train (100%)  Score: 10.0968,  Loss: -0.2275
Epoch 1559/5000: Time Est.: Elapsed[14.80h], Remain[91.13h]
=================================================================
Epoch 1560: Train (100%)  Score: 10.6676,  Loss: -0.2348
Epoch 1560/5000: Time Est.: Elapsed[14.82h], Remain[91.06h]
=================================================================
Epoch 1561: Train (100%)  Score: 9.8996,  Loss: -0.2304
Epoch 1561/5000: Time Est.: Elapsed[14.84h], Remain[90.98h]
=================================================================
Epoch 1562: Train (100%)  Score: 9.8043,  Loss: -0.2211
Epoch 1562/5000: Time Est.: Elapsed[14.86h], Remain[90.91h]
=================================================================
Epoch 1563: Train (100%)  Score: 9.9056,  Loss: -0.2271
Epoch 1563/5000: Time Est.: Elapsed[14.88h], Remain[90.83h]
=================================================================
Epoch 1564: Train (100%)  Score: 9.7104,  Loss: -0.2233
Epoch 1564/5000: Time Est.: Elapsed[14.90h], Remain[90.76h]
=================================================================
Epoch 1565: Train (100%)  Score: 10.1954,  Loss: -0.2310
Epoch 1565/5000: Time Est.: Elapsed[14.92h], Remain[90.68h]
=================================================================
Epoch 1566: Train (100%)  Score: 10.1705,  Loss: -0.2299
Epoch 1566/5000: Time Est.: Elapsed[14.93h], Remain[90.61h]
=================================================================
Epoch 1567: Train (100%)  Score: 10.1955,  Loss: -0.2273
Epoch 1567/5000: Time Est.: Elapsed[14.95h], Remain[90.54h]
=================================================================
Epoch 1568: Train (100%)  Score: 10.3132,  Loss: -0.2320
Epoch 1568/5000: Time Est.: Elapsed[14.97h], Remain[90.46h]
=================================================================
Epoch 1569: Train (100%)  Score: 10.2226,  Loss: -0.2276
Epoch 1569/5000: Time Est.: Elapsed[14.98h], Remain[90.33h]
=================================================================
Epoch 1570: Train (100%)  Score: 10.3761,  Loss: -0.2223
Epoch 1570/5000: Time Est.: Elapsed[15.01h], Remain[90.31h]
=================================================================
Epoch 1571: Train (100%)  Score: 9.9484,  Loss: -0.2324
Epoch 1571/5000: Time Est.: Elapsed[15.03h], Remain[90.24h]
=================================================================
Epoch 1572: Train (100%)  Score: 9.9372,  Loss: -0.2229
Epoch 1572/5000: Time Est.: Elapsed[15.04h], Remain[90.16h]
=================================================================
Epoch 1573: Train (100%)  Score: 10.0032,  Loss: -0.2221
Epoch 1573/5000: Time Est.: Elapsed[15.06h], Remain[90.09h]
=================================================================
Epoch 1574: Train (100%)  Score: 9.6996,  Loss: -0.2302
Epoch 1574/5000: Time Est.: Elapsed[15.08h], Remain[90.02h]
=================================================================
Epoch 1575: Train (100%)  Score: 9.8705,  Loss: -0.2214
Epoch 1575/5000: Time Est.: Elapsed[15.10h], Remain[89.94h]
=================================================================
Epoch 1576: Train (100%)  Score: 10.2546,  Loss: -0.2249
Epoch 1576/5000: Time Est.: Elapsed[15.12h], Remain[89.87h]
=================================================================
Epoch 1577: Train (100%)  Score: 10.0649,  Loss: -0.2250
Epoch 1577/5000: Time Est.: Elapsed[15.14h], Remain[89.80h]
=================================================================
Epoch 1578: Train (100%)  Score: 10.3687,  Loss: -0.2335
Epoch 1578/5000: Time Est.: Elapsed[15.16h], Remain[89.73h]
=================================================================
Epoch 1579: Train (100%)  Score: 9.6140,  Loss: -0.2238
Epoch 1579/5000: Time Est.: Elapsed[15.17h], Remain[89.65h]
=================================================================
Epoch 1580: Train (100%)  Score: 9.6974,  Loss: -0.2293
Epoch 1580/5000: Time Est.: Elapsed[15.19h], Remain[89.58h]
=================================================================
Epoch 1581: Train (100%)  Score: 10.5542,  Loss: -0.2390
Epoch 1581/5000: Time Est.: Elapsed[15.21h], Remain[89.51h]
=================================================================
Epoch 1582: Train (100%)  Score: 10.2660,  Loss: -0.2346
Epoch 1582/5000: Time Est.: Elapsed[15.23h], Remain[89.44h]
=================================================================
Epoch 1583: Train (100%)  Score: 10.4097,  Loss: -0.2271
Epoch 1583/5000: Time Est.: Elapsed[15.25h], Remain[89.37h]
=================================================================
Epoch 1584: Train (100%)  Score: 9.9659,  Loss: -0.2228
Epoch 1584/5000: Time Est.: Elapsed[15.27h], Remain[89.30h]
=================================================================
Epoch 1585: Train (100%)  Score: 9.7639,  Loss: -0.2287
Epoch 1585/5000: Time Est.: Elapsed[15.29h], Remain[89.23h]
=================================================================
Epoch 1586: Train (100%)  Score: 10.5459,  Loss: -0.2336
Epoch 1586/5000: Time Est.: Elapsed[15.30h], Remain[89.16h]
=================================================================
Epoch 1587: Train (100%)  Score: 10.0030,  Loss: -0.2248
Epoch 1587/5000: Time Est.: Elapsed[15.32h], Remain[89.09h]
=================================================================
Epoch 1588: Train (100%)  Score: 10.0379,  Loss: -0.2200
Epoch 1588/5000: Time Est.: Elapsed[15.34h], Remain[89.02h]
=================================================================
Epoch 1589: Train (100%)  Score: 10.2373,  Loss: -0.2290
Epoch 1589/5000: Time Est.: Elapsed[15.36h], Remain[88.95h]
=================================================================
Epoch 1590: Train (100%)  Score: 9.8330,  Loss: -0.2175
Epoch 1590/5000: Time Est.: Elapsed[15.38h], Remain[88.88h]
=================================================================
Epoch 1591: Train (100%)  Score: 10.0969,  Loss: -0.2281
Epoch 1591/5000: Time Est.: Elapsed[15.40h], Remain[88.81h]
=================================================================
Epoch 1592: Train (100%)  Score: 10.1612,  Loss: -0.2277
Epoch 1592/5000: Time Est.: Elapsed[15.41h], Remain[88.74h]
=================================================================
Epoch 1593: Train (100%)  Score: 10.1022,  Loss: -0.2232
Epoch 1593/5000: Time Est.: Elapsed[15.43h], Remain[88.67h]
=================================================================
Epoch 1594: Train (100%)  Score: 10.3227,  Loss: -0.2310
Epoch 1594/5000: Time Est.: Elapsed[15.45h], Remain[88.60h]
=================================================================
Epoch 1595: Train (100%)  Score: 10.0786,  Loss: -0.2255
Epoch 1595/5000: Time Est.: Elapsed[15.47h], Remain[88.53h]
=================================================================
Epoch 1596: Train (100%)  Score: 10.5314,  Loss: -0.2320
Epoch 1596/5000: Time Est.: Elapsed[15.49h], Remain[88.46h]
=================================================================
Epoch 1597: Train (100%)  Score: 10.1035,  Loss: -0.2277
Epoch 1597/5000: Time Est.: Elapsed[15.51h], Remain[88.40h]
=================================================================
Epoch 1598: Train (100%)  Score: 10.1762,  Loss: -0.2278
Epoch 1598/5000: Time Est.: Elapsed[15.53h], Remain[88.33h]
=================================================================
Epoch 1599: Train (100%)  Score: 9.9115,  Loss: -0.2309
Epoch 1599/5000: Time Est.: Elapsed[15.53h], Remain[88.20h]
=================================================================
Epoch 1600: Train (100%)  Score: 10.4512,  Loss: -0.2302
Epoch 1600/5000: Time Est.: Elapsed[15.56h], Remain[88.19h]
Saving trained_model
=================================================================
Epoch 1601: Train (100%)  Score: 10.1994,  Loss: -0.2245
Epoch 1601/5000: Time Est.: Elapsed[15.58h], Remain[88.12h]
=================================================================
Epoch 1602: Train (100%)  Score: 10.2584,  Loss: -0.2270
Epoch 1602/5000: Time Est.: Elapsed[15.60h], Remain[88.05h]
=================================================================
Epoch 1603: Train (100%)  Score: 10.2558,  Loss: -0.2242
Epoch 1603/5000: Time Est.: Elapsed[15.62h], Remain[87.99h]
=================================================================
Epoch 1604: Train (100%)  Score: 10.3961,  Loss: -0.2277
Epoch 1604/5000: Time Est.: Elapsed[15.64h], Remain[87.92h]
=================================================================
Epoch 1605: Train (100%)  Score: 10.2658,  Loss: -0.2254
Epoch 1605/5000: Time Est.: Elapsed[15.65h], Remain[87.85h]
=================================================================
Epoch 1606: Train (100%)  Score: 10.1736,  Loss: -0.2288
Epoch 1606/5000: Time Est.: Elapsed[15.67h], Remain[87.78h]
=================================================================
Epoch 1607: Train (100%)  Score: 9.9629,  Loss: -0.2245
Epoch 1607/5000: Time Est.: Elapsed[15.69h], Remain[87.72h]
=================================================================
Epoch 1608: Train (100%)  Score: 10.4147,  Loss: -0.2253
Epoch 1608/5000: Time Est.: Elapsed[15.71h], Remain[87.65h]
=================================================================
Epoch 1609: Train (100%)  Score: 10.0144,  Loss: -0.2298
Epoch 1609/5000: Time Est.: Elapsed[15.73h], Remain[87.58h]
=================================================================
Epoch 1610: Train (100%)  Score: 9.9837,  Loss: -0.2282
Epoch 1610/5000: Time Est.: Elapsed[15.75h], Remain[87.50h]
=================================================================
Epoch 1611: Train (100%)  Score: 10.1822,  Loss: -0.2278
Epoch 1611/5000: Time Est.: Elapsed[15.76h], Remain[87.43h]
=================================================================
Epoch 1612: Train (100%)  Score: 10.3555,  Loss: -0.2283
Epoch 1612/5000: Time Est.: Elapsed[15.78h], Remain[87.36h]
=================================================================
Epoch 1613: Train (100%)  Score: 10.7049,  Loss: -0.2297
Epoch 1613/5000: Time Est.: Elapsed[15.80h], Remain[87.28h]
=================================================================
Epoch 1614: Train (100%)  Score: 10.0255,  Loss: -0.2242
Epoch 1614/5000: Time Est.: Elapsed[15.81h], Remain[87.21h]
=================================================================
Epoch 1615: Train (100%)  Score: 10.1348,  Loss: -0.2225
Epoch 1615/5000: Time Est.: Elapsed[15.83h], Remain[87.14h]
=================================================================
Epoch 1616: Train (100%)  Score: 9.8626,  Loss: -0.2303
Epoch 1616/5000: Time Est.: Elapsed[15.85h], Remain[87.07h]
=================================================================
Epoch 1617: Train (100%)  Score: 10.4499,  Loss: -0.2326
Epoch 1617/5000: Time Est.: Elapsed[15.87h], Remain[86.99h]
=================================================================
Epoch 1618: Train (100%)  Score: 10.2815,  Loss: -0.2239
Epoch 1618/5000: Time Est.: Elapsed[15.88h], Remain[86.92h]
=================================================================
Epoch 1619: Train (100%)  Score: 10.2345,  Loss: -0.2263
Epoch 1619/5000: Time Est.: Elapsed[15.90h], Remain[86.85h]
=================================================================
Epoch 1620: Train (100%)  Score: 9.8050,  Loss: -0.2225
Epoch 1620/5000: Time Est.: Elapsed[15.92h], Remain[86.78h]
=================================================================
Epoch 1621: Train (100%)  Score: 10.3301,  Loss: -0.2333
Epoch 1621/5000: Time Est.: Elapsed[15.94h], Remain[86.71h]
=================================================================
Epoch 1622: Train (100%)  Score: 9.9114,  Loss: -0.2298
Epoch 1622/5000: Time Est.: Elapsed[15.95h], Remain[86.64h]
=================================================================
Epoch 1623: Train (100%)  Score: 10.2815,  Loss: -0.2338
Epoch 1623/5000: Time Est.: Elapsed[15.97h], Remain[86.57h]
=================================================================
Epoch 1624: Train (100%)  Score: 10.3231,  Loss: -0.2229
Epoch 1624/5000: Time Est.: Elapsed[15.99h], Remain[86.50h]
=================================================================
Epoch 1625: Train (100%)  Score: 10.2458,  Loss: -0.2299
Epoch 1625/5000: Time Est.: Elapsed[16.01h], Remain[86.43h]
=================================================================
Epoch 1626: Train (100%)  Score: 9.9241,  Loss: -0.2233
Epoch 1626/5000: Time Est.: Elapsed[16.02h], Remain[86.36h]
=================================================================
Epoch 1627: Train (100%)  Score: 10.4458,  Loss: -0.2278
Epoch 1627/5000: Time Est.: Elapsed[16.04h], Remain[86.29h]
=================================================================
Epoch 1628: Train (100%)  Score: 10.1224,  Loss: -0.2208
Epoch 1628/5000: Time Est.: Elapsed[16.06h], Remain[86.22h]
=================================================================
Epoch 1629: Train (100%)  Score: 10.6772,  Loss: -0.2358
Epoch 1629/5000: Time Est.: Elapsed[16.07h], Remain[86.15h]
=================================================================
Epoch 1630: Train (100%)  Score: 10.0087,  Loss: -0.2326
Epoch 1630/5000: Time Est.: Elapsed[16.09h], Remain[86.07h]
=================================================================
Epoch 1631: Train (100%)  Score: 10.0282,  Loss: -0.2298
Epoch 1631/5000: Time Est.: Elapsed[16.11h], Remain[86.01h]
=================================================================
Epoch 1632: Train (100%)  Score: 10.1497,  Loss: -0.2277
Epoch 1632/5000: Time Est.: Elapsed[16.13h], Remain[85.94h]
=================================================================
Epoch 1633: Train (100%)  Score: 10.1346,  Loss: -0.2243
Epoch 1633/5000: Time Est.: Elapsed[16.14h], Remain[85.87h]
=================================================================
Epoch 1634: Train (100%)  Score: 9.9247,  Loss: -0.2235
Epoch 1634/5000: Time Est.: Elapsed[16.16h], Remain[85.80h]
=================================================================
Epoch 1635: Train (100%)  Score: 10.4976,  Loss: -0.2268
Epoch 1635/5000: Time Est.: Elapsed[16.18h], Remain[85.73h]
=================================================================
Epoch 1636: Train (100%)  Score: 9.9571,  Loss: -0.2256
Epoch 1636/5000: Time Est.: Elapsed[16.20h], Remain[85.66h]
=================================================================
Epoch 1637: Train (100%)  Score: 10.1534,  Loss: -0.2312
Epoch 1637/5000: Time Est.: Elapsed[16.21h], Remain[85.59h]
=================================================================
Epoch 1638: Train (100%)  Score: 10.2498,  Loss: -0.2308
Epoch 1638/5000: Time Est.: Elapsed[16.23h], Remain[85.52h]
=================================================================
Epoch 1639: Train (100%)  Score: 10.2798,  Loss: -0.2239
Epoch 1639/5000: Time Est.: Elapsed[16.25h], Remain[85.46h]
=================================================================
Epoch 1640: Train (100%)  Score: 10.2855,  Loss: -0.2254
Epoch 1640/5000: Time Est.: Elapsed[16.26h], Remain[85.39h]
=================================================================
Epoch 1641: Train (100%)  Score: 10.0620,  Loss: -0.2294
Epoch 1641/5000: Time Est.: Elapsed[16.28h], Remain[85.32h]
=================================================================
Epoch 1642: Train (100%)  Score: 10.1781,  Loss: -0.2306
Epoch 1642/5000: Time Est.: Elapsed[16.29h], Remain[85.21h]
=================================================================
Epoch 1643: Train (100%)  Score: 10.1025,  Loss: -0.2277
Epoch 1643/5000: Time Est.: Elapsed[16.32h], Remain[85.19h]
=================================================================
Epoch 1644: Train (100%)  Score: 10.0094,  Loss: -0.2316
Epoch 1644/5000: Time Est.: Elapsed[16.32h], Remain[85.07h]
=================================================================
Epoch 1645: Train (100%)  Score: 10.2236,  Loss: -0.2206
Epoch 1645/5000: Time Est.: Elapsed[16.35h], Remain[85.06h]
=================================================================
Epoch 1646: Train (100%)  Score: 10.3073,  Loss: -0.2308
Epoch 1646/5000: Time Est.: Elapsed[16.37h], Remain[84.99h]
=================================================================
Epoch 1647: Train (100%)  Score: 9.7709,  Loss: -0.2243
Epoch 1647/5000: Time Est.: Elapsed[16.39h], Remain[84.92h]
=================================================================
Epoch 1648: Train (100%)  Score: 10.1380,  Loss: -0.2249
Epoch 1648/5000: Time Est.: Elapsed[16.40h], Remain[84.86h]
=================================================================
Epoch 1649: Train (100%)  Score: 10.2535,  Loss: -0.2340
Epoch 1649/5000: Time Est.: Elapsed[16.42h], Remain[84.79h]
=================================================================
Epoch 1650: Train (100%)  Score: 10.1035,  Loss: -0.2355
Epoch 1650/5000: Time Est.: Elapsed[16.44h], Remain[84.73h]
=================================================================
Epoch 1651: Train (100%)  Score: 10.1074,  Loss: -0.2241
Epoch 1651/5000: Time Est.: Elapsed[16.46h], Remain[84.66h]
=================================================================
Epoch 1652: Train (100%)  Score: 10.1250,  Loss: -0.2262
Epoch 1652/5000: Time Est.: Elapsed[16.47h], Remain[84.59h]
=================================================================
Epoch 1653: Train (100%)  Score: 10.0041,  Loss: -0.2293
Epoch 1653/5000: Time Est.: Elapsed[16.49h], Remain[84.53h]
=================================================================
Epoch 1654: Train (100%)  Score: 10.9668,  Loss: -0.2348
Epoch 1654/5000: Time Est.: Elapsed[16.51h], Remain[84.46h]
=================================================================
Epoch 1655: Train (100%)  Score: 10.1354,  Loss: -0.2222
Epoch 1655/5000: Time Est.: Elapsed[16.53h], Remain[84.40h]
=================================================================
Epoch 1656: Train (100%)  Score: 9.9624,  Loss: -0.2259
Epoch 1656/5000: Time Est.: Elapsed[16.54h], Remain[84.33h]
=================================================================
Epoch 1657: Train (100%)  Score: 10.2375,  Loss: -0.2266
Epoch 1657/5000: Time Est.: Elapsed[16.56h], Remain[84.27h]
=================================================================
Epoch 1658: Train (100%)  Score: 9.9928,  Loss: -0.2219
Epoch 1658/5000: Time Est.: Elapsed[16.58h], Remain[84.20h]
=================================================================
Epoch 1659: Train (100%)  Score: 10.0662,  Loss: -0.2212
Epoch 1659/5000: Time Est.: Elapsed[16.60h], Remain[84.14h]
=================================================================
Epoch 1660: Train (100%)  Score: 9.8283,  Loss: -0.2271
Epoch 1660/5000: Time Est.: Elapsed[16.61h], Remain[84.07h]
=================================================================
Epoch 1661: Train (100%)  Score: 9.8296,  Loss: -0.2281
Epoch 1661/5000: Time Est.: Elapsed[16.63h], Remain[84.01h]
=================================================================
Epoch 1662: Train (100%)  Score: 10.1005,  Loss: -0.2231
Epoch 1662/5000: Time Est.: Elapsed[16.65h], Remain[83.94h]
=================================================================
Epoch 1663: Train (100%)  Score: 10.0607,  Loss: -0.2224
Epoch 1663/5000: Time Est.: Elapsed[16.67h], Remain[83.88h]
=================================================================
Epoch 1664: Train (100%)  Score: 9.9720,  Loss: -0.2181
Epoch 1664/5000: Time Est.: Elapsed[16.68h], Remain[83.82h]
=================================================================
Epoch 1665: Train (100%)  Score: 10.1735,  Loss: -0.2266
Epoch 1665/5000: Time Est.: Elapsed[16.70h], Remain[83.75h]
=================================================================
Epoch 1666: Train (100%)  Score: 10.1758,  Loss: -0.2282
Epoch 1666/5000: Time Est.: Elapsed[16.72h], Remain[83.69h]
=================================================================
Epoch 1667: Train (100%)  Score: 10.1428,  Loss: -0.2217
Epoch 1667/5000: Time Est.: Elapsed[16.73h], Remain[83.62h]
=================================================================
Epoch 1668: Train (100%)  Score: 10.4788,  Loss: -0.2261
Epoch 1668/5000: Time Est.: Elapsed[16.75h], Remain[83.56h]
=================================================================
Epoch 1669: Train (100%)  Score: 10.0489,  Loss: -0.2180
Epoch 1669/5000: Time Est.: Elapsed[16.77h], Remain[83.50h]
=================================================================
Epoch 1670: Train (100%)  Score: 10.3635,  Loss: -0.2244
Epoch 1670/5000: Time Est.: Elapsed[16.79h], Remain[83.44h]
=================================================================
Epoch 1671: Train (100%)  Score: 9.8314,  Loss: -0.2285
Epoch 1671/5000: Time Est.: Elapsed[16.80h], Remain[83.37h]
=================================================================
Epoch 1672: Train (100%)  Score: 10.0648,  Loss: -0.2195
Epoch 1672/5000: Time Est.: Elapsed[16.82h], Remain[83.31h]
=================================================================
Epoch 1673: Train (100%)  Score: 10.1488,  Loss: -0.2284
Epoch 1673/5000: Time Est.: Elapsed[16.84h], Remain[83.25h]
=================================================================
Epoch 1674: Train (100%)  Score: 9.9063,  Loss: -0.2222
Epoch 1674/5000: Time Est.: Elapsed[16.86h], Remain[83.19h]
=================================================================
Epoch 1675: Train (100%)  Score: 9.8658,  Loss: -0.2265
Epoch 1675/5000: Time Est.: Elapsed[16.87h], Remain[83.12h]
=================================================================
Epoch 1676: Train (100%)  Score: 10.1513,  Loss: -0.2232
Epoch 1676/5000: Time Est.: Elapsed[16.89h], Remain[83.06h]
=================================================================
Epoch 1677: Train (100%)  Score: 10.2976,  Loss: -0.2312
Epoch 1677/5000: Time Est.: Elapsed[16.91h], Remain[83.00h]
=================================================================
Epoch 1678: Train (100%)  Score: 10.4325,  Loss: -0.2215
Epoch 1678/5000: Time Est.: Elapsed[16.93h], Remain[82.94h]
=================================================================
Epoch 1679: Train (100%)  Score: 9.8959,  Loss: -0.2230
Epoch 1679/5000: Time Est.: Elapsed[16.94h], Remain[82.87h]
=================================================================
Epoch 1680: Train (100%)  Score: 10.5277,  Loss: -0.2260
Epoch 1680/5000: Time Est.: Elapsed[16.96h], Remain[82.81h]
=================================================================
Epoch 1681: Train (100%)  Score: 9.8937,  Loss: -0.2212
Epoch 1681/5000: Time Est.: Elapsed[16.98h], Remain[82.75h]
=================================================================
Epoch 1682: Train (100%)  Score: 10.0919,  Loss: -0.2247
Epoch 1682/5000: Time Est.: Elapsed[17.00h], Remain[82.69h]
=================================================================
Epoch 1683: Train (100%)  Score: 10.1155,  Loss: -0.2242
Epoch 1683/5000: Time Est.: Elapsed[17.01h], Remain[82.63h]
=================================================================
Epoch 1684: Train (100%)  Score: 10.6015,  Loss: -0.2235
Epoch 1684/5000: Time Est.: Elapsed[17.03h], Remain[82.57h]
=================================================================
Epoch 1685: Train (100%)  Score: 10.2044,  Loss: -0.2277
Epoch 1685/5000: Time Est.: Elapsed[17.05h], Remain[82.50h]
=================================================================
Epoch 1686: Train (100%)  Score: 9.8769,  Loss: -0.2187
Epoch 1686/5000: Time Est.: Elapsed[17.07h], Remain[82.44h]
=================================================================
Epoch 1687: Train (100%)  Score: 10.0272,  Loss: -0.2253
Epoch 1687/5000: Time Est.: Elapsed[17.08h], Remain[82.38h]
=================================================================
Epoch 1688: Train (100%)  Score: 10.3933,  Loss: -0.2299
Epoch 1688/5000: Time Est.: Elapsed[17.10h], Remain[82.32h]
=================================================================
Epoch 1689: Train (100%)  Score: 10.2834,  Loss: -0.2257
Epoch 1689/5000: Time Est.: Elapsed[17.12h], Remain[82.26h]
=================================================================
Epoch 1690: Train (100%)  Score: 10.3384,  Loss: -0.2292
Epoch 1690/5000: Time Est.: Elapsed[17.14h], Remain[82.20h]
=================================================================
Epoch 1691: Train (100%)  Score: 10.1570,  Loss: -0.2199
Epoch 1691/5000: Time Est.: Elapsed[17.15h], Remain[82.14h]
=================================================================
Epoch 1692: Train (100%)  Score: 10.1315,  Loss: -0.2241
Epoch 1692/5000: Time Est.: Elapsed[17.17h], Remain[82.08h]
=================================================================
Epoch 1693: Train (100%)  Score: 10.2086,  Loss: -0.2232
Epoch 1693/5000: Time Est.: Elapsed[17.19h], Remain[82.02h]
=================================================================
Epoch 1694: Train (100%)  Score: 9.8521,  Loss: -0.2200
Epoch 1694/5000: Time Est.: Elapsed[17.20h], Remain[81.96h]
=================================================================
Epoch 1695: Train (100%)  Score: 10.2284,  Loss: -0.2247
Epoch 1695/5000: Time Est.: Elapsed[17.22h], Remain[81.90h]
=================================================================
Epoch 1696: Train (100%)  Score: 10.3152,  Loss: -0.2280
Epoch 1696/5000: Time Est.: Elapsed[17.24h], Remain[81.84h]
=================================================================
Epoch 1697: Train (100%)  Score: 10.3744,  Loss: -0.2212
Epoch 1697/5000: Time Est.: Elapsed[17.26h], Remain[81.78h]
=================================================================
Epoch 1698: Train (100%)  Score: 10.1487,  Loss: -0.2260
Epoch 1698/5000: Time Est.: Elapsed[17.27h], Remain[81.72h]
=================================================================
Epoch 1699: Train (100%)  Score: 10.0812,  Loss: -0.2236
Epoch 1699/5000: Time Est.: Elapsed[17.29h], Remain[81.66h]
=================================================================
>> Invalid instances, Re-generating ...
Epoch 1700: Train (100%)  Score: 10.0531,  Loss: -0.2268
Epoch 1700/5000: Time Est.: Elapsed[17.31h], Remain[81.60h]
Saving trained_model
=================================================================
Epoch 1701: Train (100%)  Score: 10.1178,  Loss: -0.2236
Epoch 1701/5000: Time Est.: Elapsed[17.33h], Remain[81.54h]
=================================================================
Epoch 1702: Train (100%)  Score: 9.9105,  Loss: -0.2208
Epoch 1702/5000: Time Est.: Elapsed[17.34h], Remain[81.48h]
=================================================================
Epoch 1703: Train (100%)  Score: 10.4278,  Loss: -0.2246
Epoch 1703/5000: Time Est.: Elapsed[17.36h], Remain[81.42h]
=================================================================
Epoch 1704: Train (100%)  Score: 10.3283,  Loss: -0.2271
Epoch 1704/5000: Time Est.: Elapsed[17.38h], Remain[81.36h]
=================================================================
Epoch 1705: Train (100%)  Score: 10.6327,  Loss: -0.2268
Epoch 1705/5000: Time Est.: Elapsed[17.40h], Remain[81.30h]
=================================================================
Epoch 1706: Train (100%)  Score: 10.0003,  Loss: -0.2267
Epoch 1706/5000: Time Est.: Elapsed[17.41h], Remain[81.24h]
=================================================================
Epoch 1707: Train (100%)  Score: 10.5882,  Loss: -0.2256
Epoch 1707/5000: Time Est.: Elapsed[17.43h], Remain[81.19h]
=================================================================
Epoch 1708: Train (100%)  Score: 10.1945,  Loss: -0.2264
Epoch 1708/5000: Time Est.: Elapsed[17.45h], Remain[81.13h]
=================================================================
Epoch 1709: Train (100%)  Score: 10.3686,  Loss: -0.2258
Epoch 1709/5000: Time Est.: Elapsed[17.47h], Remain[81.07h]
=================================================================
Epoch 1710: Train (100%)  Score: 10.0010,  Loss: -0.2271
Epoch 1710/5000: Time Est.: Elapsed[17.48h], Remain[81.01h]
=================================================================
Epoch 1711: Train (100%)  Score: 10.3728,  Loss: -0.2300
Epoch 1711/5000: Time Est.: Elapsed[17.50h], Remain[80.95h]
=================================================================
Epoch 1712: Train (100%)  Score: 10.3129,  Loss: -0.2237
Epoch 1712/5000: Time Est.: Elapsed[17.52h], Remain[80.90h]
=================================================================
Epoch 1713: Train (100%)  Score: 9.9334,  Loss: -0.2255
Epoch 1713/5000: Time Est.: Elapsed[17.53h], Remain[80.84h]
=================================================================
Epoch 1714: Train (100%)  Score: 10.1290,  Loss: -0.2248
Epoch 1714/5000: Time Est.: Elapsed[17.55h], Remain[80.78h]
=================================================================
Epoch 1715: Train (100%)  Score: 9.9323,  Loss: -0.2166
Epoch 1715/5000: Time Est.: Elapsed[17.57h], Remain[80.72h]
=================================================================
Epoch 1716: Train (100%)  Score: 10.0852,  Loss: -0.2188
Epoch 1716/5000: Time Est.: Elapsed[17.59h], Remain[80.66h]
=================================================================
Epoch 1717: Train (100%)  Score: 10.0244,  Loss: -0.2203
Epoch 1717/5000: Time Est.: Elapsed[17.60h], Remain[80.61h]
=================================================================
Epoch 1718: Train (100%)  Score: 9.7766,  Loss: -0.2182
Epoch 1718/5000: Time Est.: Elapsed[17.62h], Remain[80.55h]
=================================================================
Epoch 1719: Train (100%)  Score: 10.3288,  Loss: -0.2308
Epoch 1719/5000: Time Est.: Elapsed[17.64h], Remain[80.49h]
=================================================================
Epoch 1720: Train (100%)  Score: 10.3363,  Loss: -0.2243
Epoch 1720/5000: Time Est.: Elapsed[17.66h], Remain[80.43h]
=================================================================
Epoch 1721: Train (100%)  Score: 10.1285,  Loss: -0.2293
Epoch 1721/5000: Time Est.: Elapsed[17.67h], Remain[80.38h]
=================================================================
Epoch 1722: Train (100%)  Score: 10.5041,  Loss: -0.2234
Epoch 1722/5000: Time Est.: Elapsed[17.69h], Remain[80.32h]
=================================================================
Epoch 1723: Train (100%)  Score: 10.3700,  Loss: -0.2283
Epoch 1723/5000: Time Est.: Elapsed[17.71h], Remain[80.26h]
=================================================================
Epoch 1724: Train (100%)  Score: 10.2659,  Loss: -0.2308
Epoch 1724/5000: Time Est.: Elapsed[17.73h], Remain[80.21h]
=================================================================
Epoch 1725: Train (100%)  Score: 10.3411,  Loss: -0.2246
Epoch 1725/5000: Time Est.: Elapsed[17.74h], Remain[80.15h]
=================================================================
Epoch 1726: Train (100%)  Score: 10.6485,  Loss: -0.2294
Epoch 1726/5000: Time Est.: Elapsed[17.76h], Remain[80.09h]
=================================================================
Epoch 1727: Train (100%)  Score: 10.4228,  Loss: -0.2254
Epoch 1727/5000: Time Est.: Elapsed[17.78h], Remain[80.04h]
=================================================================
Epoch 1728: Train (100%)  Score: 9.8847,  Loss: -0.2232
Epoch 1728/5000: Time Est.: Elapsed[17.79h], Remain[79.98h]
=================================================================
Epoch 1729: Train (100%)  Score: 9.9171,  Loss: -0.2269
Epoch 1729/5000: Time Est.: Elapsed[17.81h], Remain[79.93h]
=================================================================
Epoch 1730: Train (100%)  Score: 9.9164,  Loss: -0.2249
Epoch 1730/5000: Time Est.: Elapsed[17.83h], Remain[79.87h]
=================================================================
Epoch 1731: Train (100%)  Score: 9.6014,  Loss: -0.2224
Epoch 1731/5000: Time Est.: Elapsed[17.85h], Remain[79.81h]
=================================================================
Epoch 1732: Train (100%)  Score: 9.9577,  Loss: -0.2251
Epoch 1732/5000: Time Est.: Elapsed[17.85h], Remain[79.71h]
=================================================================
Epoch 1733: Train (100%)  Score: 9.9887,  Loss: -0.2201
Epoch 1733/5000: Time Est.: Elapsed[17.88h], Remain[79.70h]
=================================================================
Epoch 1734: Train (100%)  Score: 9.8635,  Loss: -0.2226
Epoch 1734/5000: Time Est.: Elapsed[17.90h], Remain[79.65h]
=================================================================
Epoch 1735: Train (100%)  Score: 9.8369,  Loss: -0.2254
Epoch 1735/5000: Time Est.: Elapsed[17.92h], Remain[79.59h]
=================================================================
Epoch 1736: Train (100%)  Score: 10.3786,  Loss: -0.2268
Epoch 1736/5000: Time Est.: Elapsed[17.93h], Remain[79.53h]
=================================================================
Epoch 1737: Train (100%)  Score: 10.0915,  Loss: -0.2274
Epoch 1737/5000: Time Est.: Elapsed[17.95h], Remain[79.48h]
=================================================================
Epoch 1738: Train (100%)  Score: 10.0366,  Loss: -0.2243
Epoch 1738/5000: Time Est.: Elapsed[17.97h], Remain[79.42h]
=================================================================
Epoch 1739: Train (100%)  Score: 10.3091,  Loss: -0.2268
Epoch 1739/5000: Time Est.: Elapsed[17.99h], Remain[79.37h]
=================================================================
Epoch 1740: Train (100%)  Score: 9.9194,  Loss: -0.2176
Epoch 1740/5000: Time Est.: Elapsed[18.00h], Remain[79.31h]
=================================================================
Epoch 1741: Train (100%)  Score: 10.0473,  Loss: -0.2263
Epoch 1741/5000: Time Est.: Elapsed[18.02h], Remain[79.26h]
=================================================================
Epoch 1742: Train (100%)  Score: 10.1481,  Loss: -0.2276
Epoch 1742/5000: Time Est.: Elapsed[18.04h], Remain[79.20h]
=================================================================
Epoch 1743: Train (100%)  Score: 10.0728,  Loss: -0.2189
Epoch 1743/5000: Time Est.: Elapsed[18.06h], Remain[79.15h]
=================================================================
Epoch 1744: Train (100%)  Score: 10.4391,  Loss: -0.2278
Epoch 1744/5000: Time Est.: Elapsed[18.07h], Remain[79.09h]
=================================================================
Epoch 1745: Train (100%)  Score: 10.2153,  Loss: -0.2252
Epoch 1745/5000: Time Est.: Elapsed[18.09h], Remain[79.04h]
=================================================================
Epoch 1746: Train (100%)  Score: 10.3474,  Loss: -0.2237
Epoch 1746/5000: Time Est.: Elapsed[18.11h], Remain[78.98h]
=================================================================
Epoch 1747: Train (100%)  Score: 10.0561,  Loss: -0.2292
Epoch 1747/5000: Time Est.: Elapsed[18.13h], Remain[78.93h]
=================================================================
Epoch 1748: Train (100%)  Score: 10.1023,  Loss: -0.2265
Epoch 1748/5000: Time Est.: Elapsed[18.14h], Remain[78.88h]
=================================================================
Epoch 1749: Train (100%)  Score: 10.2643,  Loss: -0.2235
Epoch 1749/5000: Time Est.: Elapsed[18.16h], Remain[78.82h]
=================================================================
Epoch 1750: Train (100%)  Score: 10.1630,  Loss: -0.2208
Epoch 1750/5000: Time Est.: Elapsed[18.18h], Remain[78.77h]
=================================================================
Epoch 1751: Train (100%)  Score: 10.1091,  Loss: -0.2192
Epoch 1751/5000: Time Est.: Elapsed[18.19h], Remain[78.71h]
=================================================================
Epoch 1752: Train (100%)  Score: 9.9433,  Loss: -0.2248
Epoch 1752/5000: Time Est.: Elapsed[18.21h], Remain[78.67h]
=================================================================
Epoch 1753: Train (100%)  Score: 10.5613,  Loss: -0.2263
Epoch 1753/5000: Time Est.: Elapsed[18.23h], Remain[78.61h]
=================================================================
Epoch 1754: Train (100%)  Score: 10.0550,  Loss: -0.2165
Epoch 1754/5000: Time Est.: Elapsed[18.25h], Remain[78.56h]
=================================================================
Epoch 1755: Train (100%)  Score: 9.9515,  Loss: -0.2267
Epoch 1755/5000: Time Est.: Elapsed[18.27h], Remain[78.51h]
=================================================================
Epoch 1756: Train (100%)  Score: 10.1030,  Loss: -0.2307
Epoch 1756/5000: Time Est.: Elapsed[18.28h], Remain[78.45h]
=================================================================
Epoch 1757: Train (100%)  Score: 10.3028,  Loss: -0.2263
Epoch 1757/5000: Time Est.: Elapsed[18.30h], Remain[78.40h]
=================================================================
Epoch 1758: Train (100%)  Score: 10.4508,  Loss: -0.2254
Epoch 1758/5000: Time Est.: Elapsed[18.32h], Remain[78.35h]
=================================================================
Epoch 1759: Train (100%)  Score: 10.2435,  Loss: -0.2219
Epoch 1759/5000: Time Est.: Elapsed[18.34h], Remain[78.29h]
=================================================================
Epoch 1760: Train (100%)  Score: 10.2316,  Loss: -0.2251
Epoch 1760/5000: Time Est.: Elapsed[18.35h], Remain[78.24h]
=================================================================
Epoch 1761: Train (100%)  Score: 10.3913,  Loss: -0.2261
Epoch 1761/5000: Time Est.: Elapsed[18.37h], Remain[78.19h]
=================================================================
Epoch 1762: Train (100%)  Score: 10.3413,  Loss: -0.2317
Epoch 1762/5000: Time Est.: Elapsed[18.39h], Remain[78.13h]
=================================================================
Epoch 1763: Train (100%)  Score: 9.7913,  Loss: -0.2209
Epoch 1763/5000: Time Est.: Elapsed[18.40h], Remain[78.08h]
=================================================================
Epoch 1764: Train (100%)  Score: 9.7489,  Loss: -0.2172
Epoch 1764/5000: Time Est.: Elapsed[18.42h], Remain[78.03h]
=================================================================
Epoch 1765: Train (100%)  Score: 10.2007,  Loss: -0.2236
Epoch 1765/5000: Time Est.: Elapsed[18.44h], Remain[77.97h]
=================================================================
Epoch 1766: Train (100%)  Score: 10.1082,  Loss: -0.2187
Epoch 1766/5000: Time Est.: Elapsed[18.46h], Remain[77.92h]
=================================================================
Epoch 1767: Train (100%)  Score: 9.6639,  Loss: -0.2150
Epoch 1767/5000: Time Est.: Elapsed[18.47h], Remain[77.87h]
=================================================================
Epoch 1768: Train (100%)  Score: 9.9720,  Loss: -0.2208
Epoch 1768/5000: Time Est.: Elapsed[18.49h], Remain[77.82h]
=================================================================
Epoch 1769: Train (100%)  Score: 10.2323,  Loss: -0.2309
Epoch 1769/5000: Time Est.: Elapsed[18.51h], Remain[77.76h]
=================================================================
Epoch 1770: Train (100%)  Score: 9.9164,  Loss: -0.2175
Epoch 1770/5000: Time Est.: Elapsed[18.53h], Remain[77.71h]
=================================================================
Epoch 1771: Train (100%)  Score: 9.7830,  Loss: -0.2188
Epoch 1771/5000: Time Est.: Elapsed[18.54h], Remain[77.66h]
=================================================================
Epoch 1772: Train (100%)  Score: 10.0397,  Loss: -0.2242
Epoch 1772/5000: Time Est.: Elapsed[18.56h], Remain[77.61h]
=================================================================
Epoch 1773: Train (100%)  Score: 10.5416,  Loss: -0.2295
Epoch 1773/5000: Time Est.: Elapsed[18.58h], Remain[77.56h]
=================================================================
Epoch 1774: Train (100%)  Score: 10.2142,  Loss: -0.2279
Epoch 1774/5000: Time Est.: Elapsed[18.60h], Remain[77.50h]
=================================================================
Epoch 1775: Train (100%)  Score: 9.9011,  Loss: -0.2247
Epoch 1775/5000: Time Est.: Elapsed[18.61h], Remain[77.45h]
=================================================================
Epoch 1776: Train (100%)  Score: 10.2036,  Loss: -0.2197
Epoch 1776/5000: Time Est.: Elapsed[18.63h], Remain[77.40h]
=================================================================
Epoch 1777: Train (100%)  Score: 10.1149,  Loss: -0.2268
Epoch 1777/5000: Time Est.: Elapsed[18.65h], Remain[77.35h]
=================================================================
Epoch 1778: Train (100%)  Score: 10.4486,  Loss: -0.2252
Epoch 1778/5000: Time Est.: Elapsed[18.66h], Remain[77.30h]
=================================================================
Epoch 1779: Train (100%)  Score: 10.2356,  Loss: -0.2298
Epoch 1779/5000: Time Est.: Elapsed[18.68h], Remain[77.25h]
=================================================================
Epoch 1780: Train (100%)  Score: 10.0777,  Loss: -0.2192
Epoch 1780/5000: Time Est.: Elapsed[18.70h], Remain[77.20h]
=================================================================
Epoch 1781: Train (100%)  Score: 10.1518,  Loss: -0.2251
Epoch 1781/5000: Time Est.: Elapsed[18.72h], Remain[77.14h]
=================================================================
Epoch 1782: Train (100%)  Score: 10.4020,  Loss: -0.2278
Epoch 1782/5000: Time Est.: Elapsed[18.73h], Remain[77.09h]
=================================================================
Epoch 1783: Train (100%)  Score: 10.0899,  Loss: -0.2246
Epoch 1783/5000: Time Est.: Elapsed[18.75h], Remain[77.04h]
=================================================================
Epoch 1784: Train (100%)  Score: 10.1101,  Loss: -0.2192
Epoch 1784/5000: Time Est.: Elapsed[18.77h], Remain[76.99h]
=================================================================
Epoch 1785: Train (100%)  Score: 10.3001,  Loss: -0.2228
Epoch 1785/5000: Time Est.: Elapsed[18.79h], Remain[76.94h]
=================================================================
Epoch 1786: Train (100%)  Score: 9.8605,  Loss: -0.2258
Epoch 1786/5000: Time Est.: Elapsed[18.80h], Remain[76.89h]
=================================================================
Epoch 1787: Train (100%)  Score: 10.2379,  Loss: -0.2208
Epoch 1787/5000: Time Est.: Elapsed[18.82h], Remain[76.84h]
=================================================================
Epoch 1788: Train (100%)  Score: 10.6110,  Loss: -0.2278
Epoch 1788/5000: Time Est.: Elapsed[18.84h], Remain[76.79h]
=================================================================
Epoch 1789: Train (100%)  Score: 10.0400,  Loss: -0.2214
Epoch 1789/5000: Time Est.: Elapsed[18.86h], Remain[76.74h]
=================================================================
Epoch 1790: Train (100%)  Score: 9.8589,  Loss: -0.2237
Epoch 1790/5000: Time Est.: Elapsed[18.87h], Remain[76.69h]
=================================================================
Epoch 1791: Train (100%)  Score: 10.2724,  Loss: -0.2248
Epoch 1791/5000: Time Est.: Elapsed[18.89h], Remain[76.63h]
=================================================================
Epoch 1792: Train (100%)  Score: 10.2182,  Loss: -0.2270
Epoch 1792/5000: Time Est.: Elapsed[18.91h], Remain[76.59h]
=================================================================
>> Invalid instances, Re-generating ...
Epoch 1793: Train (100%)  Score: 10.5523,  Loss: -0.2307
Epoch 1793/5000: Time Est.: Elapsed[18.93h], Remain[76.54h]
=================================================================
Epoch 1794: Train (100%)  Score: 10.4341,  Loss: -0.2181
Epoch 1794/5000: Time Est.: Elapsed[18.94h], Remain[76.49h]
=================================================================
Epoch 1795: Train (100%)  Score: 10.3528,  Loss: -0.2272
Epoch 1795/5000: Time Est.: Elapsed[18.96h], Remain[76.44h]
=================================================================
Epoch 1796: Train (100%)  Score: 9.9781,  Loss: -0.2223
Epoch 1796/5000: Time Est.: Elapsed[18.98h], Remain[76.39h]
=================================================================
Epoch 1797: Train (100%)  Score: 10.2437,  Loss: -0.2304
Epoch 1797/5000: Time Est.: Elapsed[18.99h], Remain[76.34h]
=================================================================
Epoch 1798: Train (100%)  Score: 10.3344,  Loss: -0.2219
Epoch 1798/5000: Time Est.: Elapsed[19.01h], Remain[76.29h]
=================================================================
Epoch 1799: Train (100%)  Score: 10.1642,  Loss: -0.2173
Epoch 1799/5000: Time Est.: Elapsed[19.03h], Remain[76.24h]
=================================================================
Epoch 1800: Train (100%)  Score: 10.0729,  Loss: -0.2246
Epoch 1800/5000: Time Est.: Elapsed[19.05h], Remain[76.19h]
Saving trained_model
=================================================================
Epoch 1801: Train (100%)  Score: 9.9337,  Loss: -0.2243
Epoch 1801/5000: Time Est.: Elapsed[19.06h], Remain[76.14h]
=================================================================
Epoch 1802: Train (100%)  Score: 10.7068,  Loss: -0.2325
Epoch 1802/5000: Time Est.: Elapsed[19.08h], Remain[76.09h]
=================================================================
Epoch 1803: Train (100%)  Score: 9.9683,  Loss: -0.2225
Epoch 1803/5000: Time Est.: Elapsed[19.10h], Remain[76.04h]
=================================================================
Epoch 1804: Train (100%)  Score: 10.0092,  Loss: -0.2193
Epoch 1804/5000: Time Est.: Elapsed[19.12h], Remain[75.99h]
=================================================================
Epoch 1805: Train (100%)  Score: 10.3290,  Loss: -0.2297
Epoch 1805/5000: Time Est.: Elapsed[19.13h], Remain[75.94h]
=================================================================
Epoch 1806: Train (100%)  Score: 10.6731,  Loss: -0.2235
Epoch 1806/5000: Time Est.: Elapsed[19.15h], Remain[75.89h]
=================================================================
Epoch 1807: Train (100%)  Score: 10.1336,  Loss: -0.2152
Epoch 1807/5000: Time Est.: Elapsed[19.17h], Remain[75.84h]
=================================================================
Epoch 1808: Train (100%)  Score: 10.3784,  Loss: -0.2279
Epoch 1808/5000: Time Est.: Elapsed[19.18h], Remain[75.79h]
=================================================================
Epoch 1809: Train (100%)  Score: 10.3002,  Loss: -0.2314
Epoch 1809/5000: Time Est.: Elapsed[19.20h], Remain[75.74h]
=================================================================
Epoch 1810: Train (100%)  Score: 10.3698,  Loss: -0.2185
Epoch 1810/5000: Time Est.: Elapsed[19.22h], Remain[75.69h]
=================================================================
Epoch 1811: Train (100%)  Score: 10.1704,  Loss: -0.2236
Epoch 1811/5000: Time Est.: Elapsed[19.24h], Remain[75.64h]
=================================================================
Epoch 1812: Train (100%)  Score: 9.9408,  Loss: -0.2138
Epoch 1812/5000: Time Est.: Elapsed[19.25h], Remain[75.60h]
=================================================================
Epoch 1813: Train (100%)  Score: 10.3394,  Loss: -0.2237
Epoch 1813/5000: Time Est.: Elapsed[19.27h], Remain[75.55h]
=================================================================
Epoch 1814: Train (100%)  Score: 9.8239,  Loss: -0.2176
Epoch 1814/5000: Time Est.: Elapsed[19.29h], Remain[75.50h]
=================================================================
Epoch 1815: Train (100%)  Score: 10.3204,  Loss: -0.2231
Epoch 1815/5000: Time Est.: Elapsed[19.31h], Remain[75.45h]
=================================================================
Epoch 1816: Train (100%)  Score: 10.4638,  Loss: -0.2246
Epoch 1816/5000: Time Est.: Elapsed[19.32h], Remain[75.40h]
=================================================================
Epoch 1817: Train (100%)  Score: 10.0460,  Loss: -0.2277
Epoch 1817/5000: Time Est.: Elapsed[19.34h], Remain[75.35h]
=================================================================
Epoch 1818: Train (100%)  Score: 10.1931,  Loss: -0.2202
Epoch 1818/5000: Time Est.: Elapsed[19.36h], Remain[75.31h]
=================================================================
Epoch 1819: Train (100%)  Score: 10.3546,  Loss: -0.2203
Epoch 1819/5000: Time Est.: Elapsed[19.38h], Remain[75.26h]
=================================================================
Epoch 1820: Train (100%)  Score: 10.0663,  Loss: -0.2230
Epoch 1820/5000: Time Est.: Elapsed[19.39h], Remain[75.21h]
=================================================================
Epoch 1821: Train (100%)  Score: 10.0816,  Loss: -0.2250
Epoch 1821/5000: Time Est.: Elapsed[19.41h], Remain[75.16h]
=================================================================
Epoch 1822: Train (100%)  Score: 10.4617,  Loss: -0.2217
Epoch 1822/5000: Time Est.: Elapsed[19.43h], Remain[75.11h]
=================================================================
Epoch 1823: Train (100%)  Score: 10.3076,  Loss: -0.2211
Epoch 1823/5000: Time Est.: Elapsed[19.45h], Remain[75.06h]
=================================================================
Epoch 1824: Train (100%)  Score: 10.0475,  Loss: -0.2280
Epoch 1824/5000: Time Est.: Elapsed[19.46h], Remain[75.02h]
=================================================================
Epoch 1825: Train (100%)  Score: 9.9160,  Loss: -0.2197
Epoch 1825/5000: Time Est.: Elapsed[19.48h], Remain[74.97h]
=================================================================
Epoch 1826: Train (100%)  Score: 10.1536,  Loss: -0.2242
Epoch 1826/5000: Time Est.: Elapsed[19.50h], Remain[74.92h]
=================================================================
>> Invalid instances, Re-generating ...
Epoch 1827: Train (100%)  Score: 9.9516,  Loss: -0.2198
Epoch 1827/5000: Time Est.: Elapsed[19.51h], Remain[74.87h]
=================================================================
Epoch 1828: Train (100%)  Score: 10.2453,  Loss: -0.2196
Epoch 1828/5000: Time Est.: Elapsed[19.53h], Remain[74.83h]
=================================================================
Epoch 1829: Train (100%)  Score: 10.2017,  Loss: -0.2235
Epoch 1829/5000: Time Est.: Elapsed[19.54h], Remain[74.74h]
=================================================================
Epoch 1830: Train (100%)  Score: 9.9054,  Loss: -0.2201
Epoch 1830/5000: Time Est.: Elapsed[19.57h], Remain[74.73h]
=================================================================
Epoch 1831: Train (100%)  Score: 10.3337,  Loss: -0.2273
Epoch 1831/5000: Time Est.: Elapsed[19.58h], Remain[74.68h]
=================================================================
Epoch 1832: Train (100%)  Score: 10.4425,  Loss: -0.2245
Epoch 1832/5000: Time Est.: Elapsed[19.60h], Remain[74.64h]
=================================================================
Epoch 1833: Train (100%)  Score: 10.0011,  Loss: -0.2231
Epoch 1833/5000: Time Est.: Elapsed[19.62h], Remain[74.59h]
=================================================================
Epoch 1834: Train (100%)  Score: 9.8257,  Loss: -0.2201
Epoch 1834/5000: Time Est.: Elapsed[19.64h], Remain[74.54h]
=================================================================
Epoch 1835: Train (100%)  Score: 9.9208,  Loss: -0.2148
Epoch 1835/5000: Time Est.: Elapsed[19.65h], Remain[74.49h]
=================================================================
Epoch 1836: Train (100%)  Score: 9.7507,  Loss: -0.2181
Epoch 1836/5000: Time Est.: Elapsed[19.67h], Remain[74.45h]
=================================================================
Epoch 1837: Train (100%)  Score: 10.3993,  Loss: -0.2182
Epoch 1837/5000: Time Est.: Elapsed[19.69h], Remain[74.40h]
=================================================================
Epoch 1838: Train (100%)  Score: 10.0487,  Loss: -0.2181
Epoch 1838/5000: Time Est.: Elapsed[19.71h], Remain[74.35h]
=================================================================
Epoch 1839: Train (100%)  Score: 10.0655,  Loss: -0.2208
Epoch 1839/5000: Time Est.: Elapsed[19.72h], Remain[74.31h]
=================================================================
Epoch 1840: Train (100%)  Score: 10.3729,  Loss: -0.2228
Epoch 1840/5000: Time Est.: Elapsed[19.74h], Remain[74.26h]
=================================================================
Epoch 1841: Train (100%)  Score: 10.2947,  Loss: -0.2252
Epoch 1841/5000: Time Est.: Elapsed[19.76h], Remain[74.21h]
=================================================================
Epoch 1842: Train (100%)  Score: 10.1720,  Loss: -0.2198
Epoch 1842/5000: Time Est.: Elapsed[19.77h], Remain[74.17h]
=================================================================
Epoch 1843: Train (100%)  Score: 9.8311,  Loss: -0.2198
Epoch 1843/5000: Time Est.: Elapsed[19.79h], Remain[74.12h]
=================================================================
Epoch 1844: Train (100%)  Score: 10.1360,  Loss: -0.2199
Epoch 1844/5000: Time Est.: Elapsed[19.80h], Remain[74.03h]
=================================================================
Epoch 1845: Train (100%)  Score: 10.0181,  Loss: -0.2231
Epoch 1845/5000: Time Est.: Elapsed[19.83h], Remain[74.03h]
=================================================================
Epoch 1846: Train (100%)  Score: 9.6661,  Loss: -0.2187
Epoch 1846/5000: Time Est.: Elapsed[19.84h], Remain[73.98h]
=================================================================
Epoch 1847: Train (100%)  Score: 10.4201,  Loss: -0.2217
Epoch 1847/5000: Time Est.: Elapsed[19.86h], Remain[73.93h]
=================================================================
Epoch 1848: Train (100%)  Score: 9.9289,  Loss: -0.2219
Epoch 1848/5000: Time Est.: Elapsed[19.88h], Remain[73.89h]
=================================================================
Epoch 1849: Train (100%)  Score: 10.2063,  Loss: -0.2233
Epoch 1849/5000: Time Est.: Elapsed[19.90h], Remain[73.84h]
=================================================================
Epoch 1850: Train (100%)  Score: 10.0319,  Loss: -0.2162
Epoch 1850/5000: Time Est.: Elapsed[19.91h], Remain[73.79h]
=================================================================
Epoch 1851: Train (100%)  Score: 9.9877,  Loss: -0.2192
Epoch 1851/5000: Time Est.: Elapsed[19.93h], Remain[73.75h]
=================================================================
Epoch 1852: Train (100%)  Score: 9.8602,  Loss: -0.2154
Epoch 1852/5000: Time Est.: Elapsed[19.95h], Remain[73.70h]
=================================================================
Epoch 1853: Train (100%)  Score: 10.2711,  Loss: -0.2227
Epoch 1853/5000: Time Est.: Elapsed[19.96h], Remain[73.66h]
=================================================================
Epoch 1854: Train (100%)  Score: 9.9985,  Loss: -0.2230
Epoch 1854/5000: Time Est.: Elapsed[19.98h], Remain[73.61h]
=================================================================
Epoch 1855: Train (100%)  Score: 10.4152,  Loss: -0.2263
Epoch 1855/5000: Time Est.: Elapsed[20.00h], Remain[73.57h]
=================================================================
Epoch 1856: Train (100%)  Score: 9.9343,  Loss: -0.2177
Epoch 1856/5000: Time Est.: Elapsed[20.02h], Remain[73.52h]
=================================================================
Epoch 1857: Train (100%)  Score: 10.0620,  Loss: -0.2215
Epoch 1857/5000: Time Est.: Elapsed[20.03h], Remain[73.47h]
=================================================================
Epoch 1858: Train (100%)  Score: 10.2897,  Loss: -0.2243
Epoch 1858/5000: Time Est.: Elapsed[20.05h], Remain[73.43h]
=================================================================
Epoch 1859: Train (100%)  Score: 10.1416,  Loss: -0.2234
Epoch 1859/5000: Time Est.: Elapsed[20.07h], Remain[73.38h]
=================================================================
Epoch 1860: Train (100%)  Score: 10.2879,  Loss: -0.2245
Epoch 1860/5000: Time Est.: Elapsed[20.09h], Remain[73.34h]
=================================================================
>> Invalid instances, Re-generating ...
Epoch 1861: Train (100%)  Score: 10.4784,  Loss: -0.2254
Epoch 1861/5000: Time Est.: Elapsed[20.10h], Remain[73.29h]
=================================================================
Epoch 1862: Train (100%)  Score: 10.1114,  Loss: -0.2241
Epoch 1862/5000: Time Est.: Elapsed[20.12h], Remain[73.25h]
=================================================================
Epoch 1863: Train (100%)  Score: 10.2480,  Loss: -0.2264
Epoch 1863/5000: Time Est.: Elapsed[20.14h], Remain[73.20h]
=================================================================
Epoch 1864: Train (100%)  Score: 10.0945,  Loss: -0.2207
Epoch 1864/5000: Time Est.: Elapsed[20.16h], Remain[73.16h]
=================================================================
Epoch 1865: Train (100%)  Score: 10.0445,  Loss: -0.2216
Epoch 1865/5000: Time Est.: Elapsed[20.17h], Remain[73.11h]
=================================================================
Epoch 1866: Train (100%)  Score: 9.9960,  Loss: -0.2209
Epoch 1866/5000: Time Est.: Elapsed[20.19h], Remain[73.07h]
=================================================================
Epoch 1867: Train (100%)  Score: 10.1194,  Loss: -0.2290
Epoch 1867/5000: Time Est.: Elapsed[20.21h], Remain[73.02h]
=================================================================
Epoch 1868: Train (100%)  Score: 10.0902,  Loss: -0.2211
Epoch 1868/5000: Time Est.: Elapsed[20.23h], Remain[72.98h]
=================================================================
Epoch 1869: Train (100%)  Score: 10.1075,  Loss: -0.2223
Epoch 1869/5000: Time Est.: Elapsed[20.24h], Remain[72.93h]
=================================================================
Epoch 1870: Train (100%)  Score: 10.2587,  Loss: -0.2236
Epoch 1870/5000: Time Est.: Elapsed[20.26h], Remain[72.89h]
=================================================================
Epoch 1871: Train (100%)  Score: 9.9827,  Loss: -0.2217
Epoch 1871/5000: Time Est.: Elapsed[20.28h], Remain[72.84h]
=================================================================
Epoch 1872: Train (100%)  Score: 10.2887,  Loss: -0.2212
Epoch 1872/5000: Time Est.: Elapsed[20.29h], Remain[72.80h]
=================================================================
Epoch 1873: Train (100%)  Score: 10.2008,  Loss: -0.2260
Epoch 1873/5000: Time Est.: Elapsed[20.31h], Remain[72.76h]
=================================================================
Epoch 1874: Train (100%)  Score: 10.2427,  Loss: -0.2211
Epoch 1874/5000: Time Est.: Elapsed[20.33h], Remain[72.71h]
=================================================================
Epoch 1875: Train (100%)  Score: 10.1293,  Loss: -0.2166
Epoch 1875/5000: Time Est.: Elapsed[20.35h], Remain[72.67h]
=================================================================
Epoch 1876: Train (100%)  Score: 9.7815,  Loss: -0.2206
Epoch 1876/5000: Time Est.: Elapsed[20.36h], Remain[72.62h]
=================================================================
Epoch 1877: Train (100%)  Score: 10.0155,  Loss: -0.2249
Epoch 1877/5000: Time Est.: Elapsed[20.38h], Remain[72.58h]
=================================================================
Epoch 1878: Train (100%)  Score: 10.2082,  Loss: -0.2203
Epoch 1878/5000: Time Est.: Elapsed[20.40h], Remain[72.53h]
=================================================================
Epoch 1879: Train (100%)  Score: 10.3862,  Loss: -0.2244
Epoch 1879/5000: Time Est.: Elapsed[20.42h], Remain[72.49h]
=================================================================
Epoch 1880: Train (100%)  Score: 10.2071,  Loss: -0.2243
Epoch 1880/5000: Time Est.: Elapsed[20.43h], Remain[72.45h]
=================================================================
Epoch 1881: Train (100%)  Score: 10.0052,  Loss: -0.2179
Epoch 1881/5000: Time Est.: Elapsed[20.45h], Remain[72.40h]
=================================================================
Epoch 1882: Train (100%)  Score: 10.4420,  Loss: -0.2269
Epoch 1882/5000: Time Est.: Elapsed[20.46h], Remain[72.32h]
=================================================================
Epoch 1883: Train (100%)  Score: 10.4166,  Loss: -0.2244
Epoch 1883/5000: Time Est.: Elapsed[20.49h], Remain[72.32h]
=================================================================
Epoch 1884: Train (100%)  Score: 9.9342,  Loss: -0.2156
Epoch 1884/5000: Time Est.: Elapsed[20.50h], Remain[72.27h]
=================================================================
Epoch 1885: Train (100%)  Score: 10.4549,  Loss: -0.2239
Epoch 1885/5000: Time Est.: Elapsed[20.52h], Remain[72.23h]
=================================================================
Epoch 1886: Train (100%)  Score: 9.8105,  Loss: -0.2175
Epoch 1886/5000: Time Est.: Elapsed[20.54h], Remain[72.18h]
=================================================================
Epoch 1887: Train (100%)  Score: 10.1571,  Loss: -0.2210
Epoch 1887/5000: Time Est.: Elapsed[20.56h], Remain[72.14h]
=================================================================
Epoch 1888: Train (100%)  Score: 10.3304,  Loss: -0.2251
Epoch 1888/5000: Time Est.: Elapsed[20.57h], Remain[72.10h]
=================================================================
Epoch 1889: Train (100%)  Score: 10.1013,  Loss: -0.2243
Epoch 1889/5000: Time Est.: Elapsed[20.59h], Remain[72.05h]
=================================================================
Epoch 1890: Train (100%)  Score: 10.2335,  Loss: -0.2194
Epoch 1890/5000: Time Est.: Elapsed[20.61h], Remain[72.01h]
=================================================================
Epoch 1891: Train (100%)  Score: 10.2788,  Loss: -0.2221
Epoch 1891/5000: Time Est.: Elapsed[20.62h], Remain[71.97h]
=================================================================
Epoch 1892: Train (100%)  Score: 10.1406,  Loss: -0.2203
Epoch 1892/5000: Time Est.: Elapsed[20.64h], Remain[71.92h]
=================================================================
Epoch 1893: Train (100%)  Score: 10.2719,  Loss: -0.2184
Epoch 1893/5000: Time Est.: Elapsed[20.66h], Remain[71.88h]
=================================================================
Epoch 1894: Train (100%)  Score: 9.9959,  Loss: -0.2201
Epoch 1894/5000: Time Est.: Elapsed[20.68h], Remain[71.84h]
=================================================================
Epoch 1895: Train (100%)  Score: 10.0057,  Loss: -0.2185
Epoch 1895/5000: Time Est.: Elapsed[20.69h], Remain[71.79h]
=================================================================
Epoch 1896: Train (100%)  Score: 10.1781,  Loss: -0.2172
Epoch 1896/5000: Time Est.: Elapsed[20.71h], Remain[71.75h]
=================================================================
Epoch 1897: Train (100%)  Score: 10.3071,  Loss: -0.2231
Epoch 1897/5000: Time Est.: Elapsed[20.73h], Remain[71.71h]
=================================================================
Epoch 1898: Train (100%)  Score: 10.1603,  Loss: -0.2251
Epoch 1898/5000: Time Est.: Elapsed[20.75h], Remain[71.66h]
=================================================================
Epoch 1899: Train (100%)  Score: 10.4840,  Loss: -0.2204
Epoch 1899/5000: Time Est.: Elapsed[20.76h], Remain[71.62h]
=================================================================
Epoch 1900: Train (100%)  Score: 10.2827,  Loss: -0.2253
Epoch 1900/5000: Time Est.: Elapsed[20.78h], Remain[71.58h]
Saving trained_model
=================================================================
Epoch 1901: Train (100%)  Score: 10.4166,  Loss: -0.2219
Epoch 1901/5000: Time Est.: Elapsed[20.80h], Remain[71.54h]
=================================================================
Epoch 1902: Train (100%)  Score: 9.9865,  Loss: -0.2184
Epoch 1902/5000: Time Est.: Elapsed[20.82h], Remain[71.49h]
=================================================================
Epoch 1903: Train (100%)  Score: 10.1689,  Loss: -0.2232
Epoch 1903/5000: Time Est.: Elapsed[20.83h], Remain[71.45h]
=================================================================
Epoch 1904: Train (100%)  Score: 10.4716,  Loss: -0.2221
Epoch 1904/5000: Time Est.: Elapsed[20.85h], Remain[71.41h]
=================================================================
Epoch 1905: Train (100%)  Score: 10.1885,  Loss: -0.2209
Epoch 1905/5000: Time Est.: Elapsed[20.87h], Remain[71.36h]
=================================================================
Epoch 1906: Train (100%)  Score: 9.6032,  Loss: -0.2188
Epoch 1906/5000: Time Est.: Elapsed[20.88h], Remain[71.32h]
=================================================================
Epoch 1907: Train (100%)  Score: 10.3290,  Loss: -0.2232
Epoch 1907/5000: Time Est.: Elapsed[20.90h], Remain[71.28h]
=================================================================
Epoch 1908: Train (100%)  Score: 9.9840,  Loss: -0.2209
Epoch 1908/5000: Time Est.: Elapsed[20.92h], Remain[71.24h]
=================================================================
Epoch 1909: Train (100%)  Score: 10.1538,  Loss: -0.2170
Epoch 1909/5000: Time Est.: Elapsed[20.94h], Remain[71.19h]
=================================================================
Epoch 1910: Train (100%)  Score: 10.1821,  Loss: -0.2229
Epoch 1910/5000: Time Est.: Elapsed[20.95h], Remain[71.15h]
=================================================================
Epoch 1911: Train (100%)  Score: 10.3126,  Loss: -0.2252
Epoch 1911/5000: Time Est.: Elapsed[20.97h], Remain[71.11h]
=================================================================
Epoch 1912: Train (100%)  Score: 10.1897,  Loss: -0.2276
Epoch 1912/5000: Time Est.: Elapsed[20.99h], Remain[71.07h]
=================================================================
Epoch 1913: Train (100%)  Score: 9.7746,  Loss: -0.2220
Epoch 1913/5000: Time Est.: Elapsed[21.01h], Remain[71.02h]
=================================================================
Epoch 1914: Train (100%)  Score: 10.3938,  Loss: -0.2201
Epoch 1914/5000: Time Est.: Elapsed[21.02h], Remain[70.98h]
=================================================================
Epoch 1915: Train (100%)  Score: 10.0830,  Loss: -0.2211
Epoch 1915/5000: Time Est.: Elapsed[21.04h], Remain[70.94h]
=================================================================
Epoch 1916: Train (100%)  Score: 9.9112,  Loss: -0.2244
Epoch 1916/5000: Time Est.: Elapsed[21.06h], Remain[70.90h]
=================================================================
Epoch 1917: Train (100%)  Score: 9.8226,  Loss: -0.2214
Epoch 1917/5000: Time Est.: Elapsed[21.08h], Remain[70.86h]
=================================================================
Epoch 1918: Train (100%)  Score: 10.2026,  Loss: -0.2210
Epoch 1918/5000: Time Est.: Elapsed[21.09h], Remain[70.81h]
=================================================================
Epoch 1919: Train (100%)  Score: 10.0871,  Loss: -0.2215
Epoch 1919/5000: Time Est.: Elapsed[21.11h], Remain[70.77h]
=================================================================
Epoch 1920: Train (100%)  Score: 10.4138,  Loss: -0.2206
Epoch 1920/5000: Time Est.: Elapsed[21.13h], Remain[70.73h]
=================================================================
Epoch 1921: Train (100%)  Score: 9.7576,  Loss: -0.2193
Epoch 1921/5000: Time Est.: Elapsed[21.14h], Remain[70.69h]
=================================================================
Epoch 1922: Train (100%)  Score: 10.2671,  Loss: -0.2265
Epoch 1922/5000: Time Est.: Elapsed[21.16h], Remain[70.65h]
=================================================================
Epoch 1923: Train (100%)  Score: 10.0589,  Loss: -0.2242
Epoch 1923/5000: Time Est.: Elapsed[21.18h], Remain[70.61h]
=================================================================
Epoch 1924: Train (100%)  Score: 10.0756,  Loss: -0.2133
Epoch 1924/5000: Time Est.: Elapsed[21.20h], Remain[70.56h]
=================================================================
Epoch 1925: Train (100%)  Score: 9.9887,  Loss: -0.2161
Epoch 1925/5000: Time Est.: Elapsed[21.21h], Remain[70.52h]
=================================================================
Epoch 1926: Train (100%)  Score: 10.3319,  Loss: -0.2228
Epoch 1926/5000: Time Est.: Elapsed[21.23h], Remain[70.48h]
=================================================================
Epoch 1927: Train (100%)  Score: 10.1379,  Loss: -0.2257
Epoch 1927/5000: Time Est.: Elapsed[21.25h], Remain[70.44h]
=================================================================
Epoch 1928: Train (100%)  Score: 10.1250,  Loss: -0.2258
Epoch 1928/5000: Time Est.: Elapsed[21.26h], Remain[70.36h]
=================================================================
Epoch 1929: Train (100%)  Score: 10.3915,  Loss: -0.2235
Epoch 1929/5000: Time Est.: Elapsed[21.28h], Remain[70.36h]
=================================================================
Epoch 1930: Train (100%)  Score: 9.9743,  Loss: -0.2202
Epoch 1930/5000: Time Est.: Elapsed[21.30h], Remain[70.32h]
=================================================================
Epoch 1931: Train (100%)  Score: 9.8959,  Loss: -0.2192
Epoch 1931/5000: Time Est.: Elapsed[21.32h], Remain[70.27h]
=================================================================
Epoch 1932: Train (100%)  Score: 10.2868,  Loss: -0.2270
Epoch 1932/5000: Time Est.: Elapsed[21.34h], Remain[70.23h]
=================================================================
Epoch 1933: Train (100%)  Score: 10.3221,  Loss: -0.2210
Epoch 1933/5000: Time Est.: Elapsed[21.35h], Remain[70.19h]
=================================================================
Epoch 1934: Train (100%)  Score: 10.2074,  Loss: -0.2235
Epoch 1934/5000: Time Est.: Elapsed[21.37h], Remain[70.15h]
=================================================================
Epoch 1935: Train (100%)  Score: 10.1696,  Loss: -0.2211
Epoch 1935/5000: Time Est.: Elapsed[21.39h], Remain[70.11h]
=================================================================
Epoch 1936: Train (100%)  Score: 10.0220,  Loss: -0.2170
Epoch 1936/5000: Time Est.: Elapsed[21.40h], Remain[70.07h]
=================================================================
Epoch 1937: Train (100%)  Score: 10.4233,  Loss: -0.2228
Epoch 1937/5000: Time Est.: Elapsed[21.42h], Remain[70.03h]
=================================================================
Epoch 1938: Train (100%)  Score: 10.4791,  Loss: -0.2241
Epoch 1938/5000: Time Est.: Elapsed[21.44h], Remain[69.99h]
=================================================================
Epoch 1939: Train (100%)  Score: 10.0388,  Loss: -0.2177
Epoch 1939/5000: Time Est.: Elapsed[21.46h], Remain[69.95h]
=================================================================
Epoch 1940: Train (100%)  Score: 10.4072,  Loss: -0.2243
Epoch 1940/5000: Time Est.: Elapsed[21.47h], Remain[69.91h]
=================================================================
Epoch 1941: Train (100%)  Score: 10.4727,  Loss: -0.2215
Epoch 1941/5000: Time Est.: Elapsed[21.49h], Remain[69.87h]
=================================================================
Epoch 1942: Train (100%)  Score: 10.1050,  Loss: -0.2223
Epoch 1942/5000: Time Est.: Elapsed[21.51h], Remain[69.83h]
=================================================================
Epoch 1943: Train (100%)  Score: 10.3838,  Loss: -0.2212
Epoch 1943/5000: Time Est.: Elapsed[21.53h], Remain[69.78h]
=================================================================
Epoch 1944: Train (100%)  Score: 9.6745,  Loss: -0.2172
Epoch 1944/5000: Time Est.: Elapsed[21.54h], Remain[69.74h]
=================================================================
Epoch 1945: Train (100%)  Score: 10.1090,  Loss: -0.2236
Epoch 1945/5000: Time Est.: Elapsed[21.56h], Remain[69.70h]
=================================================================
Epoch 1946: Train (100%)  Score: 10.1489,  Loss: -0.2185
Epoch 1946/5000: Time Est.: Elapsed[21.58h], Remain[69.66h]
=================================================================
Epoch 1947: Train (100%)  Score: 10.2107,  Loss: -0.2241
Epoch 1947/5000: Time Est.: Elapsed[21.60h], Remain[69.62h]
=================================================================
Epoch 1948: Train (100%)  Score: 10.1220,  Loss: -0.2262
Epoch 1948/5000: Time Est.: Elapsed[21.61h], Remain[69.58h]
=================================================================
Epoch 1949: Train (100%)  Score: 10.0825,  Loss: -0.2198
Epoch 1949/5000: Time Est.: Elapsed[21.63h], Remain[69.54h]
=================================================================
Epoch 1950: Train (100%)  Score: 9.6760,  Loss: -0.2147
Epoch 1950/5000: Time Est.: Elapsed[21.65h], Remain[69.50h]
=================================================================
Epoch 1951: Train (100%)  Score: 10.4536,  Loss: -0.2218
Epoch 1951/5000: Time Est.: Elapsed[21.67h], Remain[69.46h]
=================================================================
Epoch 1952: Train (100%)  Score: 10.2908,  Loss: -0.2279
Epoch 1952/5000: Time Est.: Elapsed[21.68h], Remain[69.42h]
=================================================================
Epoch 1953: Train (100%)  Score: 10.1340,  Loss: -0.2248
Epoch 1953/5000: Time Est.: Elapsed[21.70h], Remain[69.38h]
=================================================================
Epoch 1954: Train (100%)  Score: 10.2600,  Loss: -0.2207
Epoch 1954/5000: Time Est.: Elapsed[21.72h], Remain[69.34h]
=================================================================
Epoch 1955: Train (100%)  Score: 10.1486,  Loss: -0.2203
Epoch 1955/5000: Time Est.: Elapsed[21.74h], Remain[69.30h]
=================================================================
Epoch 1956: Train (100%)  Score: 9.9314,  Loss: -0.2201
Epoch 1956/5000: Time Est.: Elapsed[21.75h], Remain[69.26h]
=================================================================
Epoch 1957: Train (100%)  Score: 10.2713,  Loss: -0.2229
Epoch 1957/5000: Time Est.: Elapsed[21.77h], Remain[69.22h]
=================================================================
Epoch 1958: Train (100%)  Score: 10.2201,  Loss: -0.2178
Epoch 1958/5000: Time Est.: Elapsed[21.79h], Remain[69.18h]
=================================================================
Epoch 1959: Train (100%)  Score: 9.8396,  Loss: -0.2186
Epoch 1959/5000: Time Est.: Elapsed[21.80h], Remain[69.14h]
=================================================================
Epoch 1960: Train (100%)  Score: 10.2723,  Loss: -0.2191
Epoch 1960/5000: Time Est.: Elapsed[21.82h], Remain[69.10h]
=================================================================
Epoch 1961: Train (100%)  Score: 10.5635,  Loss: -0.2226
Epoch 1961/5000: Time Est.: Elapsed[21.84h], Remain[69.06h]
=================================================================
Epoch 1962: Train (100%)  Score: 10.1697,  Loss: -0.2154
Epoch 1962/5000: Time Est.: Elapsed[21.86h], Remain[69.02h]
=================================================================
Epoch 1963: Train (100%)  Score: 10.4211,  Loss: -0.2213
Epoch 1963/5000: Time Est.: Elapsed[21.87h], Remain[68.98h]
=================================================================
Epoch 1964: Train (100%)  Score: 10.2589,  Loss: -0.2234
Epoch 1964/5000: Time Est.: Elapsed[21.89h], Remain[68.94h]
=================================================================
Epoch 1965: Train (100%)  Score: 10.4291,  Loss: -0.2248
Epoch 1965/5000: Time Est.: Elapsed[21.91h], Remain[68.90h]
=================================================================
Epoch 1966: Train (100%)  Score: 10.0022,  Loss: -0.2186
Epoch 1966/5000: Time Est.: Elapsed[21.93h], Remain[68.86h]
=================================================================
Epoch 1967: Train (100%)  Score: 9.8563,  Loss: -0.2230
Epoch 1967/5000: Time Est.: Elapsed[21.94h], Remain[68.83h]
=================================================================
Epoch 1968: Train (100%)  Score: 10.6500,  Loss: -0.2230
Epoch 1968/5000: Time Est.: Elapsed[21.96h], Remain[68.79h]
=================================================================
Epoch 1969: Train (100%)  Score: 9.9028,  Loss: -0.2159
Epoch 1969/5000: Time Est.: Elapsed[21.98h], Remain[68.75h]
=================================================================
Epoch 1970: Train (100%)  Score: 10.2479,  Loss: -0.2297
Epoch 1970/5000: Time Est.: Elapsed[22.00h], Remain[68.71h]
=================================================================
Epoch 1971: Train (100%)  Score: 9.8981,  Loss: -0.2197
Epoch 1971/5000: Time Est.: Elapsed[22.01h], Remain[68.67h]
=================================================================
Epoch 1972: Train (100%)  Score: 10.2382,  Loss: -0.2180
Epoch 1972/5000: Time Est.: Elapsed[22.03h], Remain[68.63h]
=================================================================
Epoch 1973: Train (100%)  Score: 9.9900,  Loss: -0.2196
Epoch 1973/5000: Time Est.: Elapsed[22.05h], Remain[68.59h]
=================================================================
Epoch 1974: Train (100%)  Score: 10.1218,  Loss: -0.2198
Epoch 1974/5000: Time Est.: Elapsed[22.06h], Remain[68.55h]
=================================================================
Epoch 1975: Train (100%)  Score: 10.2414,  Loss: -0.2200
Epoch 1975/5000: Time Est.: Elapsed[22.08h], Remain[68.51h]
=================================================================
Epoch 1976: Train (100%)  Score: 10.1414,  Loss: -0.2218
Epoch 1976/5000: Time Est.: Elapsed[22.10h], Remain[68.47h]
=================================================================
Epoch 1977: Train (100%)  Score: 10.2543,  Loss: -0.2185
Epoch 1977/5000: Time Est.: Elapsed[22.12h], Remain[68.43h]
=================================================================
Epoch 1978: Train (100%)  Score: 10.5225,  Loss: -0.2152
Epoch 1978/5000: Time Est.: Elapsed[22.13h], Remain[68.39h]
=================================================================
Epoch 1979: Train (100%)  Score: 10.1040,  Loss: -0.2182
Epoch 1979/5000: Time Est.: Elapsed[22.15h], Remain[68.35h]
=================================================================
Epoch 1980: Train (100%)  Score: 10.0010,  Loss: -0.2196
Epoch 1980/5000: Time Est.: Elapsed[22.17h], Remain[68.32h]
=================================================================
Epoch 1981: Train (100%)  Score: 10.1951,  Loss: -0.2195
Epoch 1981/5000: Time Est.: Elapsed[22.19h], Remain[68.28h]
=================================================================
Epoch 1982: Train (100%)  Score: 10.2121,  Loss: -0.2147
Epoch 1982/5000: Time Est.: Elapsed[22.20h], Remain[68.24h]
=================================================================
Epoch 1983: Train (100%)  Score: 9.8697,  Loss: -0.2156
Epoch 1983/5000: Time Est.: Elapsed[22.22h], Remain[68.20h]
=================================================================
Epoch 1984: Train (100%)  Score: 10.1293,  Loss: -0.2132
Epoch 1984/5000: Time Est.: Elapsed[22.24h], Remain[68.16h]
=================================================================
Epoch 1985: Train (100%)  Score: 10.0046,  Loss: -0.2222
Epoch 1985/5000: Time Est.: Elapsed[22.25h], Remain[68.12h]
=================================================================
Epoch 1986: Train (100%)  Score: 10.3157,  Loss: -0.2107
Epoch 1986/5000: Time Est.: Elapsed[22.27h], Remain[68.08h]
=================================================================
Epoch 1987: Train (100%)  Score: 10.1715,  Loss: -0.2206
Epoch 1987/5000: Time Est.: Elapsed[22.29h], Remain[68.04h]
=================================================================
Epoch 1988: Train (100%)  Score: 10.1327,  Loss: -0.2169
Epoch 1988/5000: Time Est.: Elapsed[22.31h], Remain[68.00h]
=================================================================
Epoch 1989: Train (100%)  Score: 10.4917,  Loss: -0.2231
Epoch 1989/5000: Time Est.: Elapsed[22.32h], Remain[67.96h]
=================================================================
Epoch 1990: Train (100%)  Score: 9.8855,  Loss: -0.2247
Epoch 1990/5000: Time Est.: Elapsed[22.34h], Remain[67.93h]
=================================================================
Epoch 1991: Train (100%)  Score: 10.2595,  Loss: -0.2190
Epoch 1991/5000: Time Est.: Elapsed[22.36h], Remain[67.89h]
=================================================================
Epoch 1992: Train (100%)  Score: 10.1387,  Loss: -0.2234
Epoch 1992/5000: Time Est.: Elapsed[22.38h], Remain[67.85h]
=================================================================
Epoch 1993: Train (100%)  Score: 10.4262,  Loss: -0.2188
Epoch 1993/5000: Time Est.: Elapsed[22.39h], Remain[67.81h]
=================================================================
Epoch 1994: Train (100%)  Score: 10.3749,  Loss: -0.2161
Epoch 1994/5000: Time Est.: Elapsed[22.41h], Remain[67.77h]
=================================================================
Epoch 1995: Train (100%)  Score: 10.2169,  Loss: -0.2202
Epoch 1995/5000: Time Est.: Elapsed[22.43h], Remain[67.74h]
=================================================================
Epoch 1996: Train (100%)  Score: 10.0506,  Loss: -0.2202
Epoch 1996/5000: Time Est.: Elapsed[22.45h], Remain[67.70h]
=================================================================
Epoch 1997: Train (100%)  Score: 10.0805,  Loss: -0.2152
Epoch 1997/5000: Time Est.: Elapsed[22.46h], Remain[67.66h]
=================================================================
Epoch 1998: Train (100%)  Score: 9.9911,  Loss: -0.2145
Epoch 1998/5000: Time Est.: Elapsed[22.48h], Remain[67.62h]
=================================================================
Epoch 1999: Train (100%)  Score: 9.6066,  Loss: -0.2169
Epoch 1999/5000: Time Est.: Elapsed[22.50h], Remain[67.58h]
=================================================================
Epoch 2000: Train (100%)  Score: 9.9019,  Loss: -0.2103
Epoch 2000/5000: Time Est.: Elapsed[22.51h], Remain[67.54h]
Saving trained_model
=================================================================
Epoch 2001: Train (100%)  Score: 10.1798,  Loss: -0.2173
Epoch 2001/5000: Time Est.: Elapsed[22.53h], Remain[67.51h]
=================================================================
Epoch 2002: Train (100%)  Score: 10.1857,  Loss: -0.2199
Epoch 2002/5000: Time Est.: Elapsed[22.55h], Remain[67.47h]
=================================================================
Epoch 2003: Train (100%)  Score: 9.7147,  Loss: -0.2165
Epoch 2003/5000: Time Est.: Elapsed[22.57h], Remain[67.43h]
=================================================================
Epoch 2004: Train (100%)  Score: 9.9759,  Loss: -0.2192
Epoch 2004/5000: Time Est.: Elapsed[22.58h], Remain[67.39h]
=================================================================
Epoch 2005: Train (100%)  Score: 9.9158,  Loss: -0.2208
Epoch 2005/5000: Time Est.: Elapsed[22.60h], Remain[67.35h]
=================================================================
Epoch 2006: Train (100%)  Score: 10.3462,  Loss: -0.2278
Epoch 2006/5000: Time Est.: Elapsed[22.62h], Remain[67.32h]
=================================================================
Epoch 2007: Train (100%)  Score: 9.9966,  Loss: -0.2176
Epoch 2007/5000: Time Est.: Elapsed[22.64h], Remain[67.28h]
=================================================================
Epoch 2008: Train (100%)  Score: 10.1953,  Loss: -0.2228
Epoch 2008/5000: Time Est.: Elapsed[22.65h], Remain[67.24h]
=================================================================
Epoch 2009: Train (100%)  Score: 10.4607,  Loss: -0.2216
Epoch 2009/5000: Time Est.: Elapsed[22.67h], Remain[67.20h]
=================================================================
Epoch 2010: Train (100%)  Score: 10.2670,  Loss: -0.2236
Epoch 2010/5000: Time Est.: Elapsed[22.69h], Remain[67.17h]
=================================================================
Epoch 2011: Train (100%)  Score: 10.0572,  Loss: -0.2185
Epoch 2011/5000: Time Est.: Elapsed[22.71h], Remain[67.13h]
=================================================================
Epoch 2012: Train (100%)  Score: 9.7876,  Loss: -0.2132
Epoch 2012/5000: Time Est.: Elapsed[22.72h], Remain[67.09h]
=================================================================
Epoch 2013: Train (100%)  Score: 10.3241,  Loss: -0.2224
Epoch 2013/5000: Time Est.: Elapsed[22.74h], Remain[67.05h]
=================================================================
Epoch 2014: Train (100%)  Score: 9.9207,  Loss: -0.2175
Epoch 2014/5000: Time Est.: Elapsed[22.76h], Remain[67.01h]
=================================================================
Epoch 2015: Train (100%)  Score: 10.2459,  Loss: -0.2149
Epoch 2015/5000: Time Est.: Elapsed[22.77h], Remain[66.98h]
=================================================================
Epoch 2016: Train (100%)  Score: 10.1109,  Loss: -0.2170
Epoch 2016/5000: Time Est.: Elapsed[22.79h], Remain[66.94h]
=================================================================
Epoch 2017: Train (100%)  Score: 10.5594,  Loss: -0.2172
Epoch 2017/5000: Time Est.: Elapsed[22.81h], Remain[66.90h]
=================================================================
Epoch 2018: Train (100%)  Score: 10.1700,  Loss: -0.2213
Epoch 2018/5000: Time Est.: Elapsed[22.83h], Remain[66.87h]
=================================================================
Epoch 2019: Train (100%)  Score: 10.0713,  Loss: -0.2173
Epoch 2019/5000: Time Est.: Elapsed[22.84h], Remain[66.83h]
=================================================================
Epoch 2020: Train (100%)  Score: 9.9093,  Loss: -0.2167
Epoch 2020/5000: Time Est.: Elapsed[22.86h], Remain[66.79h]
=================================================================
Epoch 2021: Train (100%)  Score: 10.1600,  Loss: -0.2209
Epoch 2021/5000: Time Est.: Elapsed[22.87h], Remain[66.72h]
=================================================================
Epoch 2022: Train (100%)  Score: 9.8755,  Loss: -0.2163
Epoch 2022/5000: Time Est.: Elapsed[22.90h], Remain[66.72h]
=================================================================
Epoch 2023: Train (100%)  Score: 9.9894,  Loss: -0.2191
Epoch 2023/5000: Time Est.: Elapsed[22.91h], Remain[66.68h]
=================================================================
Epoch 2024: Train (100%)  Score: 10.1835,  Loss: -0.2175
Epoch 2024/5000: Time Est.: Elapsed[22.93h], Remain[66.64h]
=================================================================
Epoch 2025: Train (100%)  Score: 9.9361,  Loss: -0.2237
Epoch 2025/5000: Time Est.: Elapsed[22.95h], Remain[66.60h]
=================================================================
Epoch 2026: Train (100%)  Score: 9.9990,  Loss: -0.2187
Epoch 2026/5000: Time Est.: Elapsed[22.97h], Remain[66.57h]
=================================================================
Epoch 2027: Train (100%)  Score: 10.0897,  Loss: -0.2205
Epoch 2027/5000: Time Est.: Elapsed[22.98h], Remain[66.53h]
=================================================================
Epoch 2028: Train (100%)  Score: 10.1514,  Loss: -0.2127
Epoch 2028/5000: Time Est.: Elapsed[23.00h], Remain[66.49h]
=================================================================
Epoch 2029: Train (100%)  Score: 9.7310,  Loss: -0.2145
Epoch 2029/5000: Time Est.: Elapsed[23.02h], Remain[66.46h]
=================================================================
Epoch 2030: Train (100%)  Score: 9.6555,  Loss: -0.2141
Epoch 2030/5000: Time Est.: Elapsed[23.03h], Remain[66.42h]
=================================================================
Epoch 2031: Train (100%)  Score: 10.3293,  Loss: -0.2216
Epoch 2031/5000: Time Est.: Elapsed[23.05h], Remain[66.38h]
=================================================================
Epoch 2032: Train (100%)  Score: 10.4764,  Loss: -0.2199
Epoch 2032/5000: Time Est.: Elapsed[23.07h], Remain[66.35h]
=================================================================
Epoch 2033: Train (100%)  Score: 10.1511,  Loss: -0.2213
Epoch 2033/5000: Time Est.: Elapsed[23.09h], Remain[66.31h]
=================================================================
Epoch 2034: Train (100%)  Score: 9.9056,  Loss: -0.2121
Epoch 2034/5000: Time Est.: Elapsed[23.10h], Remain[66.27h]
=================================================================
Epoch 2035: Train (100%)  Score: 9.9862,  Loss: -0.2150
Epoch 2035/5000: Time Est.: Elapsed[23.12h], Remain[66.24h]
=================================================================
Epoch 2036: Train (100%)  Score: 10.2972,  Loss: -0.2187
Epoch 2036/5000: Time Est.: Elapsed[23.14h], Remain[66.20h]
=================================================================
Epoch 2037: Train (100%)  Score: 9.7808,  Loss: -0.2074
Epoch 2037/5000: Time Est.: Elapsed[23.16h], Remain[66.16h]
=================================================================
Epoch 2038: Train (100%)  Score: 10.2760,  Loss: -0.2218
Epoch 2038/5000: Time Est.: Elapsed[23.17h], Remain[66.12h]
=================================================================
Epoch 2039: Train (100%)  Score: 9.9486,  Loss: -0.2192
Epoch 2039/5000: Time Est.: Elapsed[23.19h], Remain[66.09h]
=================================================================
Epoch 2040: Train (100%)  Score: 9.9292,  Loss: -0.2195
Epoch 2040/5000: Time Est.: Elapsed[23.21h], Remain[66.05h]
=================================================================
Epoch 2041: Train (100%)  Score: 10.4579,  Loss: -0.2243
Epoch 2041/5000: Time Est.: Elapsed[23.22h], Remain[66.02h]
=================================================================
Epoch 2042: Train (100%)  Score: 10.1977,  Loss: -0.2178
Epoch 2042/5000: Time Est.: Elapsed[23.24h], Remain[65.98h]
=================================================================
Epoch 2043: Train (100%)  Score: 9.8459,  Loss: -0.2150
Epoch 2043/5000: Time Est.: Elapsed[23.26h], Remain[65.94h]
=================================================================
Epoch 2044: Train (100%)  Score: 10.3005,  Loss: -0.2216
Epoch 2044/5000: Time Est.: Elapsed[23.28h], Remain[65.91h]
=================================================================
Epoch 2045: Train (100%)  Score: 10.1820,  Loss: -0.2226
Epoch 2045/5000: Time Est.: Elapsed[23.29h], Remain[65.87h]
=================================================================
Epoch 2046: Train (100%)  Score: 10.5388,  Loss: -0.2223
Epoch 2046/5000: Time Est.: Elapsed[23.31h], Remain[65.83h]
=================================================================
Epoch 2047: Train (100%)  Score: 10.4413,  Loss: -0.2207
Epoch 2047/5000: Time Est.: Elapsed[23.33h], Remain[65.80h]
=================================================================
Epoch 2048: Train (100%)  Score: 10.0440,  Loss: -0.2125
Epoch 2048/5000: Time Est.: Elapsed[23.35h], Remain[65.76h]
=================================================================
Epoch 2049: Train (100%)  Score: 10.0705,  Loss: -0.2190
Epoch 2049/5000: Time Est.: Elapsed[23.36h], Remain[65.72h]
=================================================================
Epoch 2050: Train (100%)  Score: 10.3130,  Loss: -0.2241
Epoch 2050/5000: Time Est.: Elapsed[23.38h], Remain[65.69h]
=================================================================
Epoch 2051: Train (100%)  Score: 10.4857,  Loss: -0.2195
Epoch 2051/5000: Time Est.: Elapsed[23.40h], Remain[65.65h]
=================================================================
Epoch 2052: Train (100%)  Score: 10.1819,  Loss: -0.2201
Epoch 2052/5000: Time Est.: Elapsed[23.42h], Remain[65.62h]
=================================================================
Epoch 2053: Train (100%)  Score: 10.0988,  Loss: -0.2141
Epoch 2053/5000: Time Est.: Elapsed[23.43h], Remain[65.58h]
=================================================================
Epoch 2054: Train (100%)  Score: 10.3440,  Loss: -0.2204
Epoch 2054/5000: Time Est.: Elapsed[23.45h], Remain[65.54h]
=================================================================
Epoch 2055: Train (100%)  Score: 10.0010,  Loss: -0.2124
Epoch 2055/5000: Time Est.: Elapsed[23.47h], Remain[65.51h]
=================================================================
Epoch 2056: Train (100%)  Score: 10.2165,  Loss: -0.2223
Epoch 2056/5000: Time Est.: Elapsed[23.48h], Remain[65.47h]
=================================================================
Epoch 2057: Train (100%)  Score: 9.9066,  Loss: -0.2163
Epoch 2057/5000: Time Est.: Elapsed[23.50h], Remain[65.44h]
=================================================================
Epoch 2058: Train (100%)  Score: 9.8026,  Loss: -0.2105
Epoch 2058/5000: Time Est.: Elapsed[23.52h], Remain[65.40h]
=================================================================
Epoch 2059: Train (100%)  Score: 10.2944,  Loss: -0.2260
Epoch 2059/5000: Time Est.: Elapsed[23.54h], Remain[65.36h]
=================================================================
Epoch 2060: Train (100%)  Score: 10.0735,  Loss: -0.2144
Epoch 2060/5000: Time Est.: Elapsed[23.55h], Remain[65.33h]
=================================================================
Epoch 2061: Train (100%)  Score: 10.5600,  Loss: -0.2238
Epoch 2061/5000: Time Est.: Elapsed[23.57h], Remain[65.29h]
=================================================================
Epoch 2062: Train (100%)  Score: 9.9637,  Loss: -0.2192
Epoch 2062/5000: Time Est.: Elapsed[23.59h], Remain[65.26h]
=================================================================
Epoch 2063: Train (100%)  Score: 10.2219,  Loss: -0.2160
Epoch 2063/5000: Time Est.: Elapsed[23.61h], Remain[65.22h]
=================================================================
Epoch 2064: Train (100%)  Score: 10.0647,  Loss: -0.2199
Epoch 2064/5000: Time Est.: Elapsed[23.62h], Remain[65.18h]
=================================================================
Epoch 2065: Train (100%)  Score: 10.1198,  Loss: -0.2196
Epoch 2065/5000: Time Est.: Elapsed[23.64h], Remain[65.15h]
=================================================================
Epoch 2066: Train (100%)  Score: 9.8865,  Loss: -0.2195
Epoch 2066/5000: Time Est.: Elapsed[23.66h], Remain[65.11h]
=================================================================
Epoch 2067: Train (100%)  Score: 10.2033,  Loss: -0.2225
Epoch 2067/5000: Time Est.: Elapsed[23.66h], Remain[65.05h]
=================================================================
Epoch 2068: Train (100%)  Score: 10.3446,  Loss: -0.2155
Epoch 2068/5000: Time Est.: Elapsed[23.69h], Remain[65.04h]
=================================================================
Epoch 2069: Train (100%)  Score: 10.0322,  Loss: -0.2172
Epoch 2069/5000: Time Est.: Elapsed[23.71h], Remain[65.01h]
=================================================================
Epoch 2070: Train (100%)  Score: 10.1682,  Loss: -0.2196
Epoch 2070/5000: Time Est.: Elapsed[23.73h], Remain[64.97h]
=================================================================
Epoch 2071: Train (100%)  Score: 10.3998,  Loss: -0.2194
Epoch 2071/5000: Time Est.: Elapsed[23.74h], Remain[64.94h]
=================================================================
Epoch 2072: Train (100%)  Score: 9.8875,  Loss: -0.2140
Epoch 2072/5000: Time Est.: Elapsed[23.76h], Remain[64.90h]
=================================================================
Epoch 2073: Train (100%)  Score: 10.0556,  Loss: -0.2201
Epoch 2073/5000: Time Est.: Elapsed[23.78h], Remain[64.87h]
=================================================================
Epoch 2074: Train (100%)  Score: 10.1903,  Loss: -0.2171
Epoch 2074/5000: Time Est.: Elapsed[23.80h], Remain[64.83h]
=================================================================
Epoch 2075: Train (100%)  Score: 10.0528,  Loss: -0.2246
Epoch 2075/5000: Time Est.: Elapsed[23.81h], Remain[64.80h]
=================================================================
Epoch 2076: Train (100%)  Score: 10.4069,  Loss: -0.2233
Epoch 2076/5000: Time Est.: Elapsed[23.83h], Remain[64.76h]
=================================================================
Epoch 2077: Train (100%)  Score: 10.5187,  Loss: -0.2237
Epoch 2077/5000: Time Est.: Elapsed[23.85h], Remain[64.72h]
=================================================================
Epoch 2078: Train (100%)  Score: 9.7760,  Loss: -0.2165
Epoch 2078/5000: Time Est.: Elapsed[23.87h], Remain[64.69h]
=================================================================
Epoch 2079: Train (100%)  Score: 9.9445,  Loss: -0.2227
Epoch 2079/5000: Time Est.: Elapsed[23.88h], Remain[64.65h]
=================================================================
Epoch 2080: Train (100%)  Score: 10.0997,  Loss: -0.2151
Epoch 2080/5000: Time Est.: Elapsed[23.90h], Remain[64.62h]
=================================================================
Epoch 2081: Train (100%)  Score: 9.8644,  Loss: -0.2168
Epoch 2081/5000: Time Est.: Elapsed[23.92h], Remain[64.58h]
=================================================================
Epoch 2082: Train (100%)  Score: 10.3826,  Loss: -0.2215
Epoch 2082/5000: Time Est.: Elapsed[23.93h], Remain[64.55h]
=================================================================
Epoch 2083: Train (100%)  Score: 10.1442,  Loss: -0.2282
Epoch 2083/5000: Time Est.: Elapsed[23.95h], Remain[64.51h]
=================================================================
Epoch 2084: Train (100%)  Score: 10.0622,  Loss: -0.2197
Epoch 2084/5000: Time Est.: Elapsed[23.97h], Remain[64.48h]
=================================================================
Epoch 2085: Train (100%)  Score: 9.9665,  Loss: -0.2153
Epoch 2085/5000: Time Est.: Elapsed[23.99h], Remain[64.44h]
=================================================================
Epoch 2086: Train (100%)  Score: 10.4160,  Loss: -0.2200
Epoch 2086/5000: Time Est.: Elapsed[24.00h], Remain[64.41h]
=================================================================
Epoch 2087: Train (100%)  Score: 10.5426,  Loss: -0.2227
Epoch 2087/5000: Time Est.: Elapsed[24.02h], Remain[64.37h]
=================================================================
Epoch 2088: Train (100%)  Score: 10.4098,  Loss: -0.2174
Epoch 2088/5000: Time Est.: Elapsed[24.04h], Remain[64.34h]
=================================================================
Epoch 2089: Train (100%)  Score: 10.0143,  Loss: -0.2141
Epoch 2089/5000: Time Est.: Elapsed[24.06h], Remain[64.30h]
=================================================================
Epoch 2090: Train (100%)  Score: 10.5536,  Loss: -0.2115
Epoch 2090/5000: Time Est.: Elapsed[24.07h], Remain[64.27h]
=================================================================
Epoch 2091: Train (100%)  Score: 10.0297,  Loss: -0.2126
Epoch 2091/5000: Time Est.: Elapsed[24.09h], Remain[64.23h]
=================================================================
Epoch 2092: Train (100%)  Score: 10.0305,  Loss: -0.2174
Epoch 2092/5000: Time Est.: Elapsed[24.11h], Remain[64.20h]
=================================================================
Epoch 2093: Train (100%)  Score: 10.0891,  Loss: -0.2188
Epoch 2093/5000: Time Est.: Elapsed[24.12h], Remain[64.16h]
=================================================================
Epoch 2094: Train (100%)  Score: 10.0962,  Loss: -0.2197
Epoch 2094/5000: Time Est.: Elapsed[24.14h], Remain[64.13h]
=================================================================
Epoch 2095: Train (100%)  Score: 10.4411,  Loss: -0.2237
Epoch 2095/5000: Time Est.: Elapsed[24.16h], Remain[64.09h]
=================================================================
Epoch 2096: Train (100%)  Score: 9.8829,  Loss: -0.2201
Epoch 2096/5000: Time Est.: Elapsed[24.18h], Remain[64.06h]
=================================================================
Epoch 2097: Train (100%)  Score: 9.9143,  Loss: -0.2184
Epoch 2097/5000: Time Est.: Elapsed[24.19h], Remain[64.03h]
=================================================================
Epoch 2098: Train (100%)  Score: 10.1901,  Loss: -0.2207
Epoch 2098/5000: Time Est.: Elapsed[24.21h], Remain[63.99h]
=================================================================
Epoch 2099: Train (100%)  Score: 10.0800,  Loss: -0.2137
Epoch 2099/5000: Time Est.: Elapsed[24.23h], Remain[63.96h]
=================================================================
Epoch 2100: Train (100%)  Score: 10.3314,  Loss: -0.2197
Epoch 2100/5000: Time Est.: Elapsed[24.25h], Remain[63.92h]
Saving trained_model
=================================================================
Epoch 2101: Train (100%)  Score: 10.2800,  Loss: -0.2193
Epoch 2101/5000: Time Est.: Elapsed[24.26h], Remain[63.89h]
=================================================================
Epoch 2102: Train (100%)  Score: 9.6941,  Loss: -0.2231
Epoch 2102/5000: Time Est.: Elapsed[24.28h], Remain[63.85h]
=================================================================
Epoch 2103: Train (100%)  Score: 10.0417,  Loss: -0.2200
Epoch 2103/5000: Time Est.: Elapsed[24.29h], Remain[63.79h]
=================================================================
Epoch 2104: Train (100%)  Score: 10.2185,  Loss: -0.2162
Epoch 2104/5000: Time Est.: Elapsed[24.32h], Remain[63.78h]
=================================================================
Epoch 2105: Train (100%)  Score: 10.2098,  Loss: -0.2166
Epoch 2105/5000: Time Est.: Elapsed[24.33h], Remain[63.75h]
=================================================================
Epoch 2106: Train (100%)  Score: 10.3628,  Loss: -0.2215
Epoch 2106/5000: Time Est.: Elapsed[24.35h], Remain[63.72h]
=================================================================
Epoch 2107: Train (100%)  Score: 10.2187,  Loss: -0.2133
Epoch 2107/5000: Time Est.: Elapsed[24.37h], Remain[63.68h]
=================================================================
Epoch 2108: Train (100%)  Score: 10.3372,  Loss: -0.2150
Epoch 2108/5000: Time Est.: Elapsed[24.37h], Remain[63.62h]
=================================================================
Epoch 2109: Train (100%)  Score: 10.0968,  Loss: -0.2151
Epoch 2109/5000: Time Est.: Elapsed[24.40h], Remain[63.61h]
=================================================================
Epoch 2110: Train (100%)  Score: 10.0013,  Loss: -0.2158
Epoch 2110/5000: Time Est.: Elapsed[24.41h], Remain[63.55h]
=================================================================
Epoch 2111: Train (100%)  Score: 10.2351,  Loss: -0.2215
Epoch 2111/5000: Time Est.: Elapsed[24.44h], Remain[63.55h]
=================================================================
Epoch 2112: Train (100%)  Score: 9.9083,  Loss: -0.2173
Epoch 2112/5000: Time Est.: Elapsed[24.45h], Remain[63.51h]
=================================================================
Epoch 2113: Train (100%)  Score: 10.1876,  Loss: -0.2159
Epoch 2113/5000: Time Est.: Elapsed[24.47h], Remain[63.48h]
=================================================================
Epoch 2114: Train (100%)  Score: 10.1433,  Loss: -0.2201
Epoch 2114/5000: Time Est.: Elapsed[24.49h], Remain[63.44h]
=================================================================
Epoch 2115: Train (100%)  Score: 9.8292,  Loss: -0.2176
Epoch 2115/5000: Time Est.: Elapsed[24.50h], Remain[63.38h]
=================================================================
Epoch 2116: Train (100%)  Score: 10.4006,  Loss: -0.2232
Epoch 2116/5000: Time Est.: Elapsed[24.52h], Remain[63.38h]
=================================================================
Epoch 2117: Train (100%)  Score: 10.3152,  Loss: -0.2186
Epoch 2117/5000: Time Est.: Elapsed[24.54h], Remain[63.34h]
=================================================================
Epoch 2118: Train (100%)  Score: 10.4109,  Loss: -0.2149
Epoch 2118/5000: Time Est.: Elapsed[24.56h], Remain[63.31h]
=================================================================
Epoch 2119: Train (100%)  Score: 9.8318,  Loss: -0.2176
Epoch 2119/5000: Time Est.: Elapsed[24.58h], Remain[63.27h]
=================================================================
Epoch 2120: Train (100%)  Score: 9.8428,  Loss: -0.2192
Epoch 2120/5000: Time Est.: Elapsed[24.59h], Remain[63.24h]
=================================================================
Epoch 2121: Train (100%)  Score: 10.1838,  Loss: -0.2197
Epoch 2121/5000: Time Est.: Elapsed[24.61h], Remain[63.21h]
=================================================================
Epoch 2122: Train (100%)  Score: 10.0346,  Loss: -0.2149
Epoch 2122/5000: Time Est.: Elapsed[24.63h], Remain[63.17h]
=================================================================
Epoch 2123: Train (100%)  Score: 10.2872,  Loss: -0.2195
Epoch 2123/5000: Time Est.: Elapsed[24.65h], Remain[63.14h]
=================================================================
Epoch 2124: Train (100%)  Score: 10.1694,  Loss: -0.2228
Epoch 2124/5000: Time Est.: Elapsed[24.66h], Remain[63.11h]
=================================================================
Epoch 2125: Train (100%)  Score: 9.9134,  Loss: -0.2154
Epoch 2125/5000: Time Est.: Elapsed[24.68h], Remain[63.07h]
=================================================================
Epoch 2126: Train (100%)  Score: 9.8640,  Loss: -0.2198
Epoch 2126/5000: Time Est.: Elapsed[24.70h], Remain[63.04h]
=================================================================
Epoch 2127: Train (100%)  Score: 10.1009,  Loss: -0.2113
Epoch 2127/5000: Time Est.: Elapsed[24.72h], Remain[63.00h]
=================================================================
Epoch 2128: Train (100%)  Score: 10.4946,  Loss: -0.2225
Epoch 2128/5000: Time Est.: Elapsed[24.73h], Remain[62.97h]
=================================================================
Epoch 2129: Train (100%)  Score: 10.2104,  Loss: -0.2181
Epoch 2129/5000: Time Est.: Elapsed[24.75h], Remain[62.94h]
=================================================================
Epoch 2130: Train (100%)  Score: 10.0232,  Loss: -0.2169
Epoch 2130/5000: Time Est.: Elapsed[24.77h], Remain[62.91h]
=================================================================
Epoch 2131: Train (100%)  Score: 10.2856,  Loss: -0.2140
Epoch 2131/5000: Time Est.: Elapsed[24.79h], Remain[62.87h]
=================================================================
Epoch 2132: Train (100%)  Score: 10.1565,  Loss: -0.2128
Epoch 2132/5000: Time Est.: Elapsed[24.80h], Remain[62.84h]
=================================================================
Epoch 2133: Train (100%)  Score: 10.1787,  Loss: -0.2144
Epoch 2133/5000: Time Est.: Elapsed[24.82h], Remain[62.81h]
=================================================================
Epoch 2134: Train (100%)  Score: 9.9223,  Loss: -0.2168
Epoch 2134/5000: Time Est.: Elapsed[24.84h], Remain[62.77h]
=================================================================
Epoch 2135: Train (100%)  Score: 10.2678,  Loss: -0.2216
Epoch 2135/5000: Time Est.: Elapsed[24.86h], Remain[62.74h]
=================================================================
Epoch 2136: Train (100%)  Score: 10.2567,  Loss: -0.2214
Epoch 2136/5000: Time Est.: Elapsed[24.87h], Remain[62.71h]
=================================================================
Epoch 2137: Train (100%)  Score: 10.0113,  Loss: -0.2149
Epoch 2137/5000: Time Est.: Elapsed[24.89h], Remain[62.68h]
=================================================================
Epoch 2138: Train (100%)  Score: 9.9203,  Loss: -0.2212
Epoch 2138/5000: Time Est.: Elapsed[24.90h], Remain[62.62h]
=================================================================
Epoch 2139: Train (100%)  Score: 10.1576,  Loss: -0.2149
Epoch 2139/5000: Time Est.: Elapsed[24.93h], Remain[62.61h]
=================================================================
Epoch 2140: Train (100%)  Score: 9.8644,  Loss: -0.2172
Epoch 2140/5000: Time Est.: Elapsed[24.94h], Remain[62.58h]
=================================================================
Epoch 2141: Train (100%)  Score: 10.2583,  Loss: -0.2175
Epoch 2141/5000: Time Est.: Elapsed[24.96h], Remain[62.54h]
=================================================================
Epoch 2142: Train (100%)  Score: 10.2449,  Loss: -0.2231
Epoch 2142/5000: Time Est.: Elapsed[24.98h], Remain[62.51h]
=================================================================
Epoch 2143: Train (100%)  Score: 9.9263,  Loss: -0.2170
Epoch 2143/5000: Time Est.: Elapsed[25.00h], Remain[62.48h]
=================================================================
Epoch 2144: Train (100%)  Score: 10.2209,  Loss: -0.2192
Epoch 2144/5000: Time Est.: Elapsed[25.01h], Remain[62.45h]
=================================================================
Epoch 2145: Train (100%)  Score: 10.1899,  Loss: -0.2247
Epoch 2145/5000: Time Est.: Elapsed[25.03h], Remain[62.41h]
=================================================================
Epoch 2146: Train (100%)  Score: 9.8336,  Loss: -0.2128
Epoch 2146/5000: Time Est.: Elapsed[25.05h], Remain[62.38h]
=================================================================
Epoch 2147: Train (100%)  Score: 10.2361,  Loss: -0.2174
