nohup: ignoring input
/root/miniconda3/envs/drp/lib/python3.10/site-packages/torch/__init__.py:1264: UserWarning: torch.set_default_tensor_type() is deprecated as of PyTorch 2.1, please use torch.set_default_dtype() and torch.set_default_device() as alternatives. (Triggered internally at /pytorch/torch/csrc/tensor/python_tensor.cpp:434.)
  _C._set_default_tensor_type(t)
================================================================================
CONFIGURATION:
================================================================================
{'checkpoint': 'results/slotdiffmoe-128/epoch-2100.pt',
 'decoder_layer_num': 1,
 'denoiser_heads': 4,
 'denoiser_layers': 2,
 'embedding_dim': 128,
 'enable_slot_diffusion': True,
 'enable_slot_reconstruction': False,
 'encoder_layer_num': 6,
 'epochs': 5000,
 'eval_type': 'argmax',
 'expert_loc': ['Enc0', 'Enc1', 'Enc2', 'Enc3', 'Enc4', 'Enc5', 'Dec'],
 'ff_hidden_dim': 512,
 'gamma': 0.1,
 'gpu_id': 0,
 'head_num': 8,
 'lambda_contrastive': 0.01,
 'lambda_diffusion': 0.1,
 'lambda_recon': 0.0,
 'log_dir': './results',
 'logit_clipping': 10,
 'lr': 0.0001,
 'max_timesteps': 1000,
 'milestones': [4501],
 'model_save_interval': 100,
 'model_type': 'SlotDiffMOEModel',
 'no_cuda': False,
 'norm': 'instance',
 'norm_loc': 'norm_last',
 'num_experts': 4,
 'occ_gpu': 0.0,
 'pomo_size': 50,
 'problem': 'Train_ALL',
 'problem_size': 50,
 'qkv_dim': 16,
 'routing_level': 'node',
 'routing_method': 'input_choice',
 'seed': 2023,
 'slot_iter_num': 3,
 'slot_num': 16,
 'sqrt_embedding_dim': 11.313708498984761,
 'topk': 2,
 'train_batch_size': 128,
 'train_episodes': 20000,
 'validation_interval': 5000,
 'weight_decay': 1e-06}
================================================================================

>> DUAL-TASK MODE ENABLED:
   - Nhánh 1 (Policy): VRP Solver
   - Nhánh 2 (Representation): Slot Diffusion
   - Diffusion Timesteps: 1000
   - Denoiser: 2 layers, 4 heads
   - Loss Weights: λ_diffusion=0.1, λ_contrastive=0.01

>> Log Path: ./results/20251129_215933
>> No occupation needed
>> USE_CUDA: True, CUDA_DEVICE_NUM: 0

================================================================================
>> Start Train_ALL Training using SlotDiffMOEModel Model ...
================================================================================

============================================================
LOSS CONFIGURATION:
  - RL Loss: 1.0 (base)
  - Diffusion Loss: 0.1
  - Reconstruction Loss: 0.0
  - Contrastive Loss: 0.01
============================================================
There are 4806794 (4.81 million) parameters in this neural network
>> Checkpoint (Epoch: 2100) Loaded!
=================================================================
Epoch 2101: Train (100%)  Score: 10.0826,  Loss: -0.2165
Epoch 2101/5000: Time Est.: Elapsed[1.04m], Remain[50.08h]
=================================================================
Epoch 2102: Train (100%)  Score: 10.4059,  Loss: -0.2203
Epoch 2102/5000: Time Est.: Elapsed[2.02m], Remain[48.89h]
=================================================================
Epoch 2103: Train (100%)  Score: 10.0371,  Loss: -0.2170
Epoch 2103/5000: Time Est.: Elapsed[2.98m], Remain[48.01h]
=================================================================
Epoch 2104: Train (100%)  Score: 10.2265,  Loss: -0.2170
Epoch 2104/5000: Time Est.: Elapsed[3.94m], Remain[47.57h]
=================================================================
Epoch 2105: Train (100%)  Score: 10.3800,  Loss: -0.2278
Epoch 2105/5000: Time Est.: Elapsed[4.89m], Remain[47.18h]
=================================================================
Epoch 2106: Train (100%)  Score: 9.9992,  Loss: -0.2148
Epoch 2106/5000: Time Est.: Elapsed[5.85m], Remain[47.02h]
=================================================================
Epoch 2107: Train (100%)  Score: 10.3116,  Loss: -0.2232
Epoch 2107/5000: Time Est.: Elapsed[6.82m], Remain[46.95h]
=================================================================
Epoch 2108: Train (100%)  Score: 10.3665,  Loss: -0.2264
Epoch 2108/5000: Time Est.: Elapsed[7.78m], Remain[46.85h]
=================================================================
Epoch 2109: Train (100%)  Score: 10.2839,  Loss: -0.2276
Epoch 2109/5000: Time Est.: Elapsed[8.74m], Remain[46.77h]
=================================================================
Epoch 2110: Train (100%)  Score: 10.1203,  Loss: -0.2138
Epoch 2110/5000: Time Est.: Elapsed[9.69m], Remain[46.67h]
=================================================================
Epoch 2111: Train (100%)  Score: 10.5065,  Loss: -0.2199
Epoch 2111/5000: Time Est.: Elapsed[10.65m], Remain[46.61h]
=================================================================
Epoch 2112: Train (100%)  Score: 10.3394,  Loss: -0.2168
Epoch 2112/5000: Time Est.: Elapsed[11.60m], Remain[46.54h]
=================================================================
Epoch 2113: Train (100%)  Score: 10.2744,  Loss: -0.2204
Epoch 2113/5000: Time Est.: Elapsed[12.54m], Remain[46.42h]
=================================================================
Epoch 2114: Train (100%)  Score: 10.2538,  Loss: -0.2111
Epoch 2114/5000: Time Est.: Elapsed[13.51m], Remain[46.41h]
=================================================================
Epoch 2115: Train (100%)  Score: 10.3623,  Loss: -0.2231
Epoch 2115/5000: Time Est.: Elapsed[14.47m], Remain[46.39h]
=================================================================
Epoch 2116: Train (100%)  Score: 10.1344,  Loss: -0.2214
Epoch 2116/5000: Time Est.: Elapsed[15.43m], Remain[46.37h]
=================================================================
Epoch 2117: Train (100%)  Score: 9.8977,  Loss: -0.2231
Epoch 2117/5000: Time Est.: Elapsed[16.38m], Remain[46.30h]
=================================================================
Epoch 2118: Train (100%)  Score: 10.5396,  Loss: -0.2212
Epoch 2118/5000: Time Est.: Elapsed[17.32m], Remain[46.23h]
=================================================================
Epoch 2119: Train (100%)  Score: 10.0226,  Loss: -0.2165
Epoch 2119/5000: Time Est.: Elapsed[17.67m], Remain[44.67h]
=================================================================
Epoch 2120: Train (100%)  Score: 9.7989,  Loss: -0.2202
Epoch 2120/5000: Time Est.: Elapsed[19.23m], Remain[46.16h]
=================================================================
Epoch 2121: Train (100%)  Score: 10.0434,  Loss: -0.2123
Epoch 2121/5000: Time Est.: Elapsed[20.19m], Remain[46.13h]
=================================================================
Epoch 2122: Train (100%)  Score: 10.1914,  Loss: -0.2206
Epoch 2122/5000: Time Est.: Elapsed[21.14m], Remain[46.10h]
=================================================================
Epoch 2123: Train (100%)  Score: 10.2511,  Loss: -0.2165
Epoch 2123/5000: Time Est.: Elapsed[22.08m], Remain[46.04h]
=================================================================
Epoch 2124: Train (100%)  Score: 9.7710,  Loss: -0.2163
Epoch 2124/5000: Time Est.: Elapsed[23.06m], Remain[46.05h]
=================================================================
Epoch 2125: Train (100%)  Score: 10.4960,  Loss: -0.2180
Epoch 2125/5000: Time Est.: Elapsed[24.02m], Remain[46.04h]
=================================================================
Epoch 2126: Train (100%)  Score: 10.0841,  Loss: -0.2154
Epoch 2126/5000: Time Est.: Elapsed[24.95m], Remain[45.96h]
=================================================================
Epoch 2127: Train (100%)  Score: 10.1681,  Loss: -0.2190
Epoch 2127/5000: Time Est.: Elapsed[25.91m], Remain[45.95h]
=================================================================
Epoch 2128: Train (100%)  Score: 9.9533,  Loss: -0.2112
Epoch 2128/5000: Time Est.: Elapsed[26.87m], Remain[45.94h]
=================================================================
Epoch 2129: Train (100%)  Score: 9.9408,  Loss: -0.2146
Epoch 2129/5000: Time Est.: Elapsed[27.84m], Remain[45.93h]
=================================================================
Epoch 2130: Train (100%)  Score: 10.1427,  Loss: -0.2198
Epoch 2130/5000: Time Est.: Elapsed[28.79m], Remain[45.90h]
=================================================================
Epoch 2131: Train (100%)  Score: 10.3792,  Loss: -0.2152
Epoch 2131/5000: Time Est.: Elapsed[29.75m], Remain[45.88h]
=================================================================
Epoch 2132: Train (100%)  Score: 10.4657,  Loss: -0.2186
Epoch 2132/5000: Time Est.: Elapsed[30.70m], Remain[45.86h]
=================================================================
Epoch 2133: Train (100%)  Score: 10.3725,  Loss: -0.2216
Epoch 2133/5000: Time Est.: Elapsed[31.66m], Remain[45.84h]
=================================================================
Epoch 2134: Train (100%)  Score: 9.7555,  Loss: -0.2168
Epoch 2134/5000: Time Est.: Elapsed[32.60m], Remain[45.80h]
=================================================================
Epoch 2135: Train (100%)  Score: 9.8462,  Loss: -0.2129
Epoch 2135/5000: Time Est.: Elapsed[33.56m], Remain[45.78h]
=================================================================
Epoch 2136: Train (100%)  Score: 9.8756,  Loss: -0.2146
Epoch 2136/5000: Time Est.: Elapsed[34.51m], Remain[45.76h]
=================================================================
Epoch 2137: Train (100%)  Score: 10.0450,  Loss: -0.2180
Epoch 2137/5000: Time Est.: Elapsed[35.47m], Remain[45.75h]
=================================================================
Epoch 2138: Train (100%)  Score: 9.9856,  Loss: -0.2156
Epoch 2138/5000: Time Est.: Elapsed[36.43m], Remain[45.73h]
=================================================================
Epoch 2139: Train (100%)  Score: 10.3399,  Loss: -0.2210
Epoch 2139/5000: Time Est.: Elapsed[37.39m], Remain[45.71h]
=================================================================
Epoch 2140: Train (100%)  Score: 10.3830,  Loss: -0.2146
Epoch 2140/5000: Time Est.: Elapsed[38.35m], Remain[45.70h]
=================================================================
Epoch 2141: Train (100%)  Score: 10.1014,  Loss: -0.2250
Epoch 2141/5000: Time Est.: Elapsed[39.32m], Remain[45.69h]
=================================================================
Epoch 2142: Train (100%)  Score: 10.3558,  Loss: -0.2219
Epoch 2142/5000: Time Est.: Elapsed[40.27m], Remain[45.67h]
=================================================================
Epoch 2143: Train (100%)  Score: 10.0525,  Loss: -0.2230
Epoch 2143/5000: Time Est.: Elapsed[41.23m], Remain[45.66h]
=================================================================
Epoch 2144: Train (100%)  Score: 10.1101,  Loss: -0.2189
Epoch 2144/5000: Time Est.: Elapsed[42.20m], Remain[45.65h]
=================================================================
Epoch 2145: Train (100%)  Score: 10.0692,  Loss: -0.2187
Epoch 2145/5000: Time Est.: Elapsed[43.14m], Remain[45.61h]
=================================================================
Epoch 2146: Train (100%)  Score: 9.9820,  Loss: -0.2188
Epoch 2146/5000: Time Est.: Elapsed[44.12m], Remain[45.62h]
=================================================================
Epoch 2147: Train (100%)  Score: 10.3477,  Loss: -0.2201
Epoch 2147/5000: Time Est.: Elapsed[45.07m], Remain[45.60h]
=================================================================
Epoch 2148: Train (100%)  Score: 10.4149,  Loss: -0.2224
Epoch 2148/5000: Time Est.: Elapsed[46.03m], Remain[45.59h]
=================================================================
Epoch 2149: Train (100%)  Score: 9.9307,  Loss: -0.2191
Epoch 2149/5000: Time Est.: Elapsed[46.98m], Remain[45.56h]
=================================================================
Epoch 2150: Train (100%)  Score: 9.8651,  Loss: -0.2152
Epoch 2150/5000: Time Est.: Elapsed[47.94m], Remain[45.55h]
=================================================================
Epoch 2151: Train (100%)  Score: 10.1309,  Loss: -0.2221
Epoch 2151/5000: Time Est.: Elapsed[48.91m], Remain[45.53h]
=================================================================
Epoch 2152: Train (100%)  Score: 9.9468,  Loss: -0.2113
Epoch 2152/5000: Time Est.: Elapsed[49.87m], Remain[45.52h]
=================================================================
Epoch 2153: Train (100%)  Score: 10.0496,  Loss: -0.2190
Epoch 2153/5000: Time Est.: Elapsed[50.82m], Remain[45.50h]
=================================================================
Epoch 2154: Train (100%)  Score: 10.4200,  Loss: -0.2198
Epoch 2154/5000: Time Est.: Elapsed[51.79m], Remain[45.50h]
=================================================================
Epoch 2155: Train (100%)  Score: 10.1379,  Loss: -0.2193
Epoch 2155/5000: Time Est.: Elapsed[52.75m], Remain[45.48h]
=================================================================
Epoch 2156: Train (100%)  Score: 10.0296,  Loss: -0.2187
Epoch 2156/5000: Time Est.: Elapsed[53.71m], Remain[45.46h]
=================================================================
Epoch 2157: Train (100%)  Score: 10.2770,  Loss: -0.2173
Epoch 2157/5000: Time Est.: Elapsed[54.65m], Remain[45.43h]
=================================================================
Epoch 2158: Train (100%)  Score: 10.0143,  Loss: -0.2156
Epoch 2158/5000: Time Est.: Elapsed[55.62m], Remain[45.42h]
=================================================================
Epoch 2159: Train (100%)  Score: 9.9463,  Loss: -0.2087
Epoch 2159/5000: Time Est.: Elapsed[56.56m], Remain[45.39h]
=================================================================
Epoch 2160: Train (100%)  Score: 9.9229,  Loss: -0.2130
Epoch 2160/5000: Time Est.: Elapsed[57.52m], Remain[45.37h]
=================================================================
Epoch 2161: Train (100%)  Score: 9.7689,  Loss: -0.2093
Epoch 2161/5000: Time Est.: Elapsed[58.46m], Remain[45.35h]
=================================================================
Epoch 2162: Train (100%)  Score: 10.0730,  Loss: -0.2101
Epoch 2162/5000: Time Est.: Elapsed[59.41m], Remain[45.32h]
=================================================================
Epoch 2163: Train (100%)  Score: 10.1039,  Loss: -0.2193
Epoch 2163/5000: Time Est.: Elapsed[1.01h], Remain[45.30h]
=================================================================
Epoch 2164: Train (100%)  Score: 10.0744,  Loss: -0.2165
Epoch 2164/5000: Time Est.: Elapsed[1.02h], Remain[45.28h]
=================================================================
Epoch 2165: Train (100%)  Score: 10.3328,  Loss: -0.2148
Epoch 2165/5000: Time Est.: Elapsed[1.04h], Remain[45.26h]
=================================================================
Epoch 2166: Train (100%)  Score: 9.9741,  Loss: -0.2202
Epoch 2166/5000: Time Est.: Elapsed[1.05h], Remain[45.25h]
=================================================================
Epoch 2167: Train (100%)  Score: 10.1748,  Loss: -0.2164
Epoch 2167/5000: Time Est.: Elapsed[1.06h], Remain[44.79h]
=================================================================
Epoch 2168: Train (100%)  Score: 9.8771,  Loss: -0.2119
Epoch 2168/5000: Time Est.: Elapsed[1.08h], Remain[44.78h]
=================================================================
Epoch 2169: Train (100%)  Score: 10.2955,  Loss: -0.2261
Epoch 2169/5000: Time Est.: Elapsed[1.10h], Remain[45.20h]
=================================================================
Epoch 2170: Train (100%)  Score: 10.0245,  Loss: -0.2156
Epoch 2170/5000: Time Est.: Elapsed[1.12h], Remain[45.18h]
=================================================================
Epoch 2171: Train (100%)  Score: 9.8997,  Loss: -0.2114
Epoch 2171/5000: Time Est.: Elapsed[1.13h], Remain[45.16h]
=================================================================
Epoch 2172: Train (100%)  Score: 9.9759,  Loss: -0.2062
Epoch 2172/5000: Time Est.: Elapsed[1.15h], Remain[45.14h]
=================================================================
Epoch 2173: Train (100%)  Score: 10.3030,  Loss: -0.2201
Epoch 2173/5000: Time Est.: Elapsed[1.17h], Remain[45.14h]
=================================================================
Epoch 2174: Train (100%)  Score: 10.0976,  Loss: -0.2173
Epoch 2174/5000: Time Est.: Elapsed[1.18h], Remain[45.12h]
=================================================================
Epoch 2175: Train (100%)  Score: 10.1384,  Loss: -0.2210
Epoch 2175/5000: Time Est.: Elapsed[1.20h], Remain[45.10h]
=================================================================
Epoch 2176: Train (100%)  Score: 10.4203,  Loss: -0.2169
Epoch 2176/5000: Time Est.: Elapsed[1.21h], Remain[45.10h]
=================================================================
Epoch 2177: Train (100%)  Score: 10.0233,  Loss: -0.2153
Epoch 2177/5000: Time Est.: Elapsed[1.23h], Remain[45.08h]
=================================================================
Epoch 2178: Train (100%)  Score: 9.5620,  Loss: -0.2121
Epoch 2178/5000: Time Est.: Elapsed[1.24h], Remain[44.69h]
=================================================================
Epoch 2179: Train (100%)  Score: 10.4959,  Loss: -0.2210
Epoch 2179/5000: Time Est.: Elapsed[1.26h], Remain[45.03h]
=================================================================
Epoch 2180: Train (100%)  Score: 10.7551,  Loss: -0.2247
Epoch 2180/5000: Time Est.: Elapsed[1.28h], Remain[45.01h]
=================================================================
Epoch 2181: Train (100%)  Score: 9.9856,  Loss: -0.2105
Epoch 2181/5000: Time Est.: Elapsed[1.29h], Remain[45.01h]
=================================================================
Epoch 2182: Train (100%)  Score: 10.1523,  Loss: -0.2114
Epoch 2182/5000: Time Est.: Elapsed[1.31h], Remain[44.99h]
=================================================================
Epoch 2183: Train (100%)  Score: 10.0479,  Loss: -0.2192
Epoch 2183/5000: Time Est.: Elapsed[1.33h], Remain[44.97h]
=================================================================
Epoch 2184: Train (100%)  Score: 10.1724,  Loss: -0.2180
Epoch 2184/5000: Time Est.: Elapsed[1.34h], Remain[44.95h]
=================================================================
Epoch 2185: Train (100%)  Score: 10.3689,  Loss: -0.2175
Epoch 2185/5000: Time Est.: Elapsed[1.36h], Remain[44.93h]
=================================================================
Epoch 2186: Train (100%)  Score: 10.0167,  Loss: -0.2155
Epoch 2186/5000: Time Est.: Elapsed[1.37h], Remain[44.92h]
=================================================================
Epoch 2187: Train (100%)  Score: 10.2514,  Loss: -0.2152
Epoch 2187/5000: Time Est.: Elapsed[1.39h], Remain[44.90h]
=================================================================
Epoch 2188: Train (100%)  Score: 10.0466,  Loss: -0.2146
Epoch 2188/5000: Time Est.: Elapsed[1.40h], Remain[44.88h]
=================================================================
Epoch 2189: Train (100%)  Score: 10.2856,  Loss: -0.2177
Epoch 2189/5000: Time Est.: Elapsed[1.42h], Remain[44.87h]
=================================================================
Epoch 2190: Train (100%)  Score: 10.1193,  Loss: -0.2158
Epoch 2190/5000: Time Est.: Elapsed[1.44h], Remain[44.85h]
=================================================================
Epoch 2191: Train (100%)  Score: 10.2181,  Loss: -0.2197
Epoch 2191/5000: Time Est.: Elapsed[1.45h], Remain[44.83h]
=================================================================
Epoch 2192: Train (100%)  Score: 9.9115,  Loss: -0.2192
Epoch 2192/5000: Time Est.: Elapsed[1.47h], Remain[44.81h]
=================================================================
Epoch 2193: Train (100%)  Score: 10.1161,  Loss: -0.2235
Epoch 2193/5000: Time Est.: Elapsed[1.48h], Remain[44.79h]
=================================================================
Epoch 2194: Train (100%)  Score: 10.1152,  Loss: -0.2227
Epoch 2194/5000: Time Est.: Elapsed[1.50h], Remain[44.78h]
=================================================================
Epoch 2195: Train (100%)  Score: 9.8716,  Loss: -0.2209
Epoch 2195/5000: Time Est.: Elapsed[1.52h], Remain[44.77h]
=================================================================
Epoch 2196: Train (100%)  Score: 10.1328,  Loss: -0.2129
Epoch 2196/5000: Time Est.: Elapsed[1.53h], Remain[44.75h]
=================================================================
Epoch 2197: Train (100%)  Score: 9.9632,  Loss: -0.2141
Epoch 2197/5000: Time Est.: Elapsed[1.55h], Remain[44.73h]
=================================================================
Epoch 2198: Train (100%)  Score: 10.1447,  Loss: -0.2151
Epoch 2198/5000: Time Est.: Elapsed[1.56h], Remain[44.72h]
=================================================================
Epoch 2199: Train (100%)  Score: 10.4873,  Loss: -0.2173
Epoch 2199/5000: Time Est.: Elapsed[1.58h], Remain[44.70h]
=================================================================
Epoch 2200: Train (100%)  Score: 10.3676,  Loss: -0.2214
Epoch 2200/5000: Time Est.: Elapsed[1.60h], Remain[44.69h]
Saving trained_model
=================================================================
Epoch 2201: Train (100%)  Score: 10.2914,  Loss: -0.2222
Epoch 2201/5000: Time Est.: Elapsed[1.61h], Remain[44.68h]
=================================================================
Epoch 2202: Train (100%)  Score: 10.0196,  Loss: -0.2235
Epoch 2202/5000: Time Est.: Elapsed[1.63h], Remain[44.66h]
=================================================================
Epoch 2203: Train (100%)  Score: 10.2063,  Loss: -0.2176
Epoch 2203/5000: Time Est.: Elapsed[1.64h], Remain[44.65h]
=================================================================
Epoch 2204: Train (100%)  Score: 9.9482,  Loss: -0.2118
Epoch 2204/5000: Time Est.: Elapsed[1.66h], Remain[44.63h]
=================================================================
Epoch 2205: Train (100%)  Score: 10.1159,  Loss: -0.2225
Epoch 2205/5000: Time Est.: Elapsed[1.68h], Remain[44.62h]
=================================================================
Epoch 2206: Train (100%)  Score: 10.1277,  Loss: -0.2174
Epoch 2206/5000: Time Est.: Elapsed[1.69h], Remain[44.60h]
=================================================================
Epoch 2207: Train (100%)  Score: 9.8588,  Loss: -0.2182
Epoch 2207/5000: Time Est.: Elapsed[1.71h], Remain[44.59h]
=================================================================
Epoch 2208: Train (100%)  Score: 10.5766,  Loss: -0.2193
Epoch 2208/5000: Time Est.: Elapsed[1.72h], Remain[44.58h]
=================================================================
Epoch 2209: Train (100%)  Score: 10.0655,  Loss: -0.2226
Epoch 2209/5000: Time Est.: Elapsed[1.74h], Remain[44.56h]
=================================================================
Epoch 2210: Train (100%)  Score: 10.3609,  Loss: -0.2164
Epoch 2210/5000: Time Est.: Elapsed[1.76h], Remain[44.55h]
=================================================================
Epoch 2211: Train (100%)  Score: 10.2351,  Loss: -0.2148
Epoch 2211/5000: Time Est.: Elapsed[1.77h], Remain[44.53h]
=================================================================
Epoch 2212: Train (100%)  Score: 10.1738,  Loss: -0.2240
Epoch 2212/5000: Time Est.: Elapsed[1.79h], Remain[44.51h]
=================================================================
Epoch 2213: Train (100%)  Score: 9.9894,  Loss: -0.2136
Epoch 2213/5000: Time Est.: Elapsed[1.80h], Remain[44.50h]
=================================================================
Epoch 2214: Train (100%)  Score: 9.7352,  Loss: -0.2065
Epoch 2214/5000: Time Est.: Elapsed[1.82h], Remain[44.49h]
=================================================================
Epoch 2215: Train (100%)  Score: 10.2088,  Loss: -0.2190
Epoch 2215/5000: Time Est.: Elapsed[1.84h], Remain[44.47h]
=================================================================
Epoch 2216: Train (100%)  Score: 9.9669,  Loss: -0.2212
Epoch 2216/5000: Time Est.: Elapsed[1.85h], Remain[44.45h]
=================================================================
Epoch 2217: Train (100%)  Score: 9.8840,  Loss: -0.2145
Epoch 2217/5000: Time Est.: Elapsed[1.87h], Remain[44.45h]
=================================================================
Epoch 2218: Train (100%)  Score: 10.3454,  Loss: -0.2233
Epoch 2218/5000: Time Est.: Elapsed[1.89h], Remain[44.48h]
=================================================================
Epoch 2219: Train (100%)  Score: 10.5971,  Loss: -0.2231
Epoch 2219/5000: Time Est.: Elapsed[1.90h], Remain[44.52h]
=================================================================
Epoch 2220: Train (100%)  Score: 10.0851,  Loss: -0.2136
Epoch 2220/5000: Time Est.: Elapsed[1.92h], Remain[44.53h]
=================================================================
Epoch 2221: Train (100%)  Score: 10.3930,  Loss: -0.2152
Epoch 2221/5000: Time Est.: Elapsed[1.94h], Remain[44.52h]
=================================================================
Epoch 2222: Train (100%)  Score: 10.2716,  Loss: -0.2172
Epoch 2222/5000: Time Est.: Elapsed[1.95h], Remain[44.50h]
=================================================================
Epoch 2223: Train (100%)  Score: 9.9983,  Loss: -0.2186
Epoch 2223/5000: Time Est.: Elapsed[1.97h], Remain[44.49h]
=================================================================
Epoch 2224: Train (100%)  Score: 10.3160,  Loss: -0.2121
Epoch 2224/5000: Time Est.: Elapsed[1.99h], Remain[44.47h]
=================================================================
Epoch 2225: Train (100%)  Score: 10.3249,  Loss: -0.2211
Epoch 2225/5000: Time Est.: Elapsed[2.00h], Remain[44.46h]
=================================================================
Epoch 2226: Train (100%)  Score: 10.3948,  Loss: -0.2173
Epoch 2226/5000: Time Est.: Elapsed[2.02h], Remain[44.44h]
=================================================================
Epoch 2227: Train (100%)  Score: 10.3154,  Loss: -0.2181
Epoch 2227/5000: Time Est.: Elapsed[2.03h], Remain[44.42h]
=================================================================
>> Invalid instances, Re-generating ...
Epoch 2228: Train (100%)  Score: 9.9144,  Loss: -0.2133
Epoch 2228/5000: Time Est.: Elapsed[2.05h], Remain[44.41h]
=================================================================
Epoch 2229: Train (100%)  Score: 9.9817,  Loss: -0.2144
Epoch 2229/5000: Time Est.: Elapsed[2.07h], Remain[44.40h]
=================================================================
Epoch 2230: Train (100%)  Score: 10.3099,  Loss: -0.2168
Epoch 2230/5000: Time Est.: Elapsed[2.08h], Remain[44.38h]
=================================================================
Epoch 2231: Train (100%)  Score: 10.3966,  Loss: -0.2167
Epoch 2231/5000: Time Est.: Elapsed[2.10h], Remain[44.37h]
=================================================================
Epoch 2232: Train (100%)  Score: 10.0701,  Loss: -0.2175
Epoch 2232/5000: Time Est.: Elapsed[2.12h], Remain[44.35h]
=================================================================
Epoch 2233: Train (100%)  Score: 10.3866,  Loss: -0.2125
Epoch 2233/5000: Time Est.: Elapsed[2.13h], Remain[44.33h]
=================================================================
Epoch 2234: Train (100%)  Score: 10.5910,  Loss: -0.2189
Epoch 2234/5000: Time Est.: Elapsed[2.15h], Remain[44.32h]
=================================================================
Epoch 2235: Train (100%)  Score: 9.9493,  Loss: -0.2087
Epoch 2235/5000: Time Est.: Elapsed[2.16h], Remain[44.30h]
=================================================================
Epoch 2236: Train (100%)  Score: 9.8747,  Loss: -0.2146
Epoch 2236/5000: Time Est.: Elapsed[2.18h], Remain[44.29h]
=================================================================
Epoch 2237: Train (100%)  Score: 9.9447,  Loss: -0.2195
Epoch 2237/5000: Time Est.: Elapsed[2.20h], Remain[44.27h]
=================================================================
Epoch 2238: Train (100%)  Score: 10.3684,  Loss: -0.2159
Epoch 2238/5000: Time Est.: Elapsed[2.21h], Remain[44.26h]
=================================================================
Epoch 2239: Train (100%)  Score: 10.1637,  Loss: -0.2164
Epoch 2239/5000: Time Est.: Elapsed[2.23h], Remain[44.24h]
=================================================================
Epoch 2240: Train (100%)  Score: 10.3741,  Loss: -0.2161
Epoch 2240/5000: Time Est.: Elapsed[2.24h], Remain[44.22h]
=================================================================
Epoch 2241: Train (100%)  Score: 10.0219,  Loss: -0.2164
Epoch 2241/5000: Time Est.: Elapsed[2.26h], Remain[44.20h]
=================================================================
Epoch 2242: Train (100%)  Score: 10.1215,  Loss: -0.2185
Epoch 2242/5000: Time Est.: Elapsed[2.27h], Remain[44.18h]
=================================================================
Epoch 2243: Train (100%)  Score: 9.5806,  Loss: -0.2124
Epoch 2243/5000: Time Est.: Elapsed[2.29h], Remain[44.18h]
=================================================================
Epoch 2244: Train (100%)  Score: 9.9935,  Loss: -0.2160
Epoch 2244/5000: Time Est.: Elapsed[2.31h], Remain[44.16h]
=================================================================
Epoch 2245: Train (100%)  Score: 10.0692,  Loss: -0.2129
Epoch 2245/5000: Time Est.: Elapsed[2.32h], Remain[44.14h]
=================================================================
Epoch 2246: Train (100%)  Score: 10.1766,  Loss: -0.2170
Epoch 2246/5000: Time Est.: Elapsed[2.34h], Remain[44.12h]
=================================================================
Epoch 2247: Train (100%)  Score: 10.1108,  Loss: -0.2155
Epoch 2247/5000: Time Est.: Elapsed[2.35h], Remain[44.10h]
=================================================================
Epoch 2248: Train (100%)  Score: 10.4312,  Loss: -0.2200
Epoch 2248/5000: Time Est.: Elapsed[2.37h], Remain[44.08h]
=================================================================
Epoch 2249: Train (100%)  Score: 9.8469,  Loss: -0.2160
Epoch 2249/5000: Time Est.: Elapsed[2.39h], Remain[44.07h]
=================================================================
Epoch 2250: Train (100%)  Score: 9.9566,  Loss: -0.2174
Epoch 2250/5000: Time Est.: Elapsed[2.40h], Remain[44.05h]
=================================================================
Epoch 2251: Train (100%)  Score: 10.1455,  Loss: -0.2166
Epoch 2251/5000: Time Est.: Elapsed[2.42h], Remain[44.03h]
=================================================================
Epoch 2252: Train (100%)  Score: 9.7806,  Loss: -0.2168
Epoch 2252/5000: Time Est.: Elapsed[2.43h], Remain[44.01h]
=================================================================
Epoch 2253: Train (100%)  Score: 10.2246,  Loss: -0.2106
Epoch 2253/5000: Time Est.: Elapsed[2.45h], Remain[44.00h]
=================================================================
Epoch 2254: Train (100%)  Score: 9.9356,  Loss: -0.2194
Epoch 2254/5000: Time Est.: Elapsed[2.47h], Remain[43.98h]
=================================================================
Epoch 2255: Train (100%)  Score: 10.2297,  Loss: -0.2171
Epoch 2255/5000: Time Est.: Elapsed[2.48h], Remain[43.95h]
=================================================================
Epoch 2256: Train (100%)  Score: 10.4620,  Loss: -0.2117
Epoch 2256/5000: Time Est.: Elapsed[2.50h], Remain[43.95h]
=================================================================
Epoch 2257: Train (100%)  Score: 9.9593,  Loss: -0.2136
Epoch 2257/5000: Time Est.: Elapsed[2.51h], Remain[43.93h]
=================================================================
Epoch 2258: Train (100%)  Score: 9.9610,  Loss: -0.2146
Epoch 2258/5000: Time Est.: Elapsed[2.53h], Remain[43.91h]
=================================================================
Epoch 2259: Train (100%)  Score: 9.8336,  Loss: -0.2154
Epoch 2259/5000: Time Est.: Elapsed[2.55h], Remain[43.89h]
=================================================================
Epoch 2260: Train (100%)  Score: 10.3660,  Loss: -0.2206
Epoch 2260/5000: Time Est.: Elapsed[2.56h], Remain[43.87h]
=================================================================
Epoch 2261: Train (100%)  Score: 9.8754,  Loss: -0.2139
Epoch 2261/5000: Time Est.: Elapsed[2.58h], Remain[43.86h]
=================================================================
Epoch 2262: Train (100%)  Score: 9.8269,  Loss: -0.2088
Epoch 2262/5000: Time Est.: Elapsed[2.59h], Remain[43.84h]
=================================================================
Epoch 2263: Train (100%)  Score: 9.9909,  Loss: -0.2104
Epoch 2263/5000: Time Est.: Elapsed[2.61h], Remain[43.82h]
=================================================================
Epoch 2264: Train (100%)  Score: 10.1795,  Loss: -0.2149
Epoch 2264/5000: Time Est.: Elapsed[2.63h], Remain[43.81h]
=================================================================
Epoch 2265: Train (100%)  Score: 10.0595,  Loss: -0.2185
Epoch 2265/5000: Time Est.: Elapsed[2.64h], Remain[43.79h]
=================================================================
Epoch 2266: Train (100%)  Score: 10.1146,  Loss: -0.2177
Epoch 2266/5000: Time Est.: Elapsed[2.66h], Remain[43.77h]
=================================================================
Epoch 2267: Train (100%)  Score: 10.0066,  Loss: -0.2170
Epoch 2267/5000: Time Est.: Elapsed[2.67h], Remain[43.76h]
=================================================================
Epoch 2268: Train (100%)  Score: 10.4629,  Loss: -0.2126
Epoch 2268/5000: Time Est.: Elapsed[2.69h], Remain[43.74h]
=================================================================
Epoch 2269: Train (100%)  Score: 10.0081,  Loss: -0.2094
Epoch 2269/5000: Time Est.: Elapsed[2.71h], Remain[43.72h]
=================================================================
Epoch 2270: Train (100%)  Score: 10.1229,  Loss: -0.2136
Epoch 2270/5000: Time Est.: Elapsed[2.72h], Remain[43.71h]
=================================================================
Epoch 2271: Train (100%)  Score: 10.2800,  Loss: -0.2206
Epoch 2271/5000: Time Est.: Elapsed[2.74h], Remain[43.69h]
=================================================================
Epoch 2272: Train (100%)  Score: 10.1655,  Loss: -0.2113
Epoch 2272/5000: Time Est.: Elapsed[2.75h], Remain[43.68h]
=================================================================
Epoch 2273: Train (100%)  Score: 9.9297,  Loss: -0.2134
Epoch 2273/5000: Time Est.: Elapsed[2.77h], Remain[43.66h]
=================================================================
Epoch 2274: Train (100%)  Score: 9.8485,  Loss: -0.2102
Epoch 2274/5000: Time Est.: Elapsed[2.79h], Remain[43.65h]
=================================================================
Epoch 2275: Train (100%)  Score: 10.0772,  Loss: -0.2168
Epoch 2275/5000: Time Est.: Elapsed[2.80h], Remain[43.63h]
=================================================================
Epoch 2276: Train (100%)  Score: 10.0228,  Loss: -0.2118
Epoch 2276/5000: Time Est.: Elapsed[2.82h], Remain[43.61h]
=================================================================
Epoch 2277: Train (100%)  Score: 10.2911,  Loss: -0.2152
Epoch 2277/5000: Time Est.: Elapsed[2.83h], Remain[43.60h]
=================================================================
Epoch 2278: Train (100%)  Score: 9.9960,  Loss: -0.2147
Epoch 2278/5000: Time Est.: Elapsed[2.85h], Remain[43.58h]
=================================================================
Epoch 2279: Train (100%)  Score: 10.0673,  Loss: -0.2209
Epoch 2279/5000: Time Est.: Elapsed[2.87h], Remain[43.56h]
=================================================================
Epoch 2280: Train (100%)  Score: 9.8344,  Loss: -0.2143
Epoch 2280/5000: Time Est.: Elapsed[2.88h], Remain[43.55h]
=================================================================
Epoch 2281: Train (100%)  Score: 10.0423,  Loss: -0.2121
Epoch 2281/5000: Time Est.: Elapsed[2.90h], Remain[43.53h]
=================================================================
Epoch 2282: Train (100%)  Score: 10.4217,  Loss: -0.2196
Epoch 2282/5000: Time Est.: Elapsed[2.91h], Remain[43.52h]
=================================================================
Epoch 2283: Train (100%)  Score: 10.3050,  Loss: -0.2146
Epoch 2283/5000: Time Est.: Elapsed[2.93h], Remain[43.50h]
=================================================================
Epoch 2284: Train (100%)  Score: 9.8079,  Loss: -0.2084
Epoch 2284/5000: Time Est.: Elapsed[2.95h], Remain[43.48h]
=================================================================
Epoch 2285: Train (100%)  Score: 9.7715,  Loss: -0.2110
Epoch 2285/5000: Time Est.: Elapsed[2.96h], Remain[43.47h]
=================================================================
Epoch 2286: Train (100%)  Score: 10.2034,  Loss: -0.2084
Epoch 2286/5000: Time Est.: Elapsed[2.98h], Remain[43.46h]
=================================================================
Epoch 2287: Train (100%)  Score: 9.9347,  Loss: -0.2100
Epoch 2287/5000: Time Est.: Elapsed[3.00h], Remain[43.45h]
=================================================================
Epoch 2288: Train (100%)  Score: 10.1365,  Loss: -0.2119
Epoch 2288/5000: Time Est.: Elapsed[3.01h], Remain[43.44h]
=================================================================
Epoch 2289: Train (100%)  Score: 10.1424,  Loss: -0.2222
Epoch 2289/5000: Time Est.: Elapsed[3.03h], Remain[43.42h]
=================================================================
Epoch 2290: Train (100%)  Score: 10.3698,  Loss: -0.2160
Epoch 2290/5000: Time Est.: Elapsed[3.04h], Remain[43.41h]
=================================================================
Epoch 2291: Train (100%)  Score: 9.9990,  Loss: -0.2129
Epoch 2291/5000: Time Est.: Elapsed[3.06h], Remain[43.39h]
=================================================================
Epoch 2292: Train (100%)  Score: 10.1419,  Loss: -0.2127
Epoch 2292/5000: Time Est.: Elapsed[3.08h], Remain[43.38h]
=================================================================
Epoch 2293: Train (100%)  Score: 10.0273,  Loss: -0.2106
Epoch 2293/5000: Time Est.: Elapsed[3.09h], Remain[43.36h]
=================================================================
Epoch 2294: Train (100%)  Score: 10.2455,  Loss: -0.2150
Epoch 2294/5000: Time Est.: Elapsed[3.11h], Remain[43.35h]
=================================================================
Epoch 2295: Train (100%)  Score: 10.2620,  Loss: -0.2156
Epoch 2295/5000: Time Est.: Elapsed[3.12h], Remain[43.33h]
=================================================================
Epoch 2296: Train (100%)  Score: 10.1241,  Loss: -0.2123
Epoch 2296/5000: Time Est.: Elapsed[3.14h], Remain[43.32h]
=================================================================
Epoch 2297: Train (100%)  Score: 10.4928,  Loss: -0.2103
Epoch 2297/5000: Time Est.: Elapsed[3.16h], Remain[43.30h]
=================================================================
Epoch 2298: Train (100%)  Score: 9.8400,  Loss: -0.2144
Epoch 2298/5000: Time Est.: Elapsed[3.17h], Remain[43.28h]
=================================================================
Epoch 2299: Train (100%)  Score: 10.3035,  Loss: -0.2148
Epoch 2299/5000: Time Est.: Elapsed[3.19h], Remain[43.27h]
=================================================================
Epoch 2300: Train (100%)  Score: 10.2336,  Loss: -0.2153
Epoch 2300/5000: Time Est.: Elapsed[3.20h], Remain[43.26h]
Saving trained_model
=================================================================
Epoch 2301: Train (100%)  Score: 9.7621,  Loss: -0.2091
Epoch 2301/5000: Time Est.: Elapsed[3.22h], Remain[43.24h]
=================================================================
Epoch 2302: Train (100%)  Score: 9.8142,  Loss: -0.2157
Epoch 2302/5000: Time Est.: Elapsed[3.24h], Remain[43.23h]
=================================================================
Epoch 2303: Train (100%)  Score: 9.9127,  Loss: -0.2137
Epoch 2303/5000: Time Est.: Elapsed[3.25h], Remain[43.21h]
=================================================================
Epoch 2304: Train (100%)  Score: 10.6081,  Loss: -0.2158
Epoch 2304/5000: Time Est.: Elapsed[3.27h], Remain[43.20h]
=================================================================
Epoch 2305: Train (100%)  Score: 10.3073,  Loss: -0.2179
Epoch 2305/5000: Time Est.: Elapsed[3.28h], Remain[43.18h]
=================================================================
>> Invalid instances, Re-generating ...
Epoch 2306: Train (100%)  Score: 10.1687,  Loss: -0.2183
Epoch 2306/5000: Time Est.: Elapsed[3.30h], Remain[43.17h]
=================================================================
Epoch 2307: Train (100%)  Score: 10.2655,  Loss: -0.2152
Epoch 2307/5000: Time Est.: Elapsed[3.32h], Remain[43.15h]
=================================================================
Epoch 2308: Train (100%)  Score: 10.2258,  Loss: -0.2170
Epoch 2308/5000: Time Est.: Elapsed[3.33h], Remain[43.13h]
=================================================================
Epoch 2309: Train (100%)  Score: 10.0224,  Loss: -0.2099
Epoch 2309/5000: Time Est.: Elapsed[3.35h], Remain[43.12h]
=================================================================
Epoch 2310: Train (100%)  Score: 10.0283,  Loss: -0.2160
Epoch 2310/5000: Time Est.: Elapsed[3.36h], Remain[43.10h]
=================================================================
Epoch 2311: Train (100%)  Score: 10.0839,  Loss: -0.2158
Epoch 2311/5000: Time Est.: Elapsed[3.38h], Remain[43.08h]
=================================================================
Epoch 2312: Train (100%)  Score: 10.4270,  Loss: -0.2168
Epoch 2312/5000: Time Est.: Elapsed[3.40h], Remain[43.07h]
=================================================================
Epoch 2313: Train (100%)  Score: 10.0551,  Loss: -0.2121
Epoch 2313/5000: Time Est.: Elapsed[3.41h], Remain[43.05h]
=================================================================
Epoch 2314: Train (100%)  Score: 10.2579,  Loss: -0.2147
Epoch 2314/5000: Time Est.: Elapsed[3.43h], Remain[43.04h]
=================================================================
Epoch 2315: Train (100%)  Score: 10.0378,  Loss: -0.2135
Epoch 2315/5000: Time Est.: Elapsed[3.45h], Remain[43.02h]
=================================================================
Epoch 2316: Train (100%)  Score: 9.9607,  Loss: -0.2137
Epoch 2316/5000: Time Est.: Elapsed[3.46h], Remain[43.01h]
=================================================================
Epoch 2317: Train (100%)  Score: 10.3448,  Loss: -0.2128
Epoch 2317/5000: Time Est.: Elapsed[3.48h], Remain[42.99h]
=================================================================
Epoch 2318: Train (100%)  Score: 9.9187,  Loss: -0.2062
Epoch 2318/5000: Time Est.: Elapsed[3.49h], Remain[42.98h]
=================================================================
Epoch 2319: Train (100%)  Score: 10.3392,  Loss: -0.2144
Epoch 2319/5000: Time Est.: Elapsed[3.51h], Remain[42.96h]
=================================================================
Epoch 2320: Train (100%)  Score: 10.0396,  Loss: -0.2132
Epoch 2320/5000: Time Est.: Elapsed[3.53h], Remain[42.94h]
=================================================================
Epoch 2321: Train (100%)  Score: 10.1544,  Loss: -0.2150
Epoch 2321/5000: Time Est.: Elapsed[3.54h], Remain[42.93h]
=================================================================
Epoch 2322: Train (100%)  Score: 10.2263,  Loss: -0.2199
Epoch 2322/5000: Time Est.: Elapsed[3.56h], Remain[42.91h]
=================================================================
Epoch 2323: Train (100%)  Score: 10.0740,  Loss: -0.2159
Epoch 2323/5000: Time Est.: Elapsed[3.57h], Remain[42.90h]
=================================================================
Epoch 2324: Train (100%)  Score: 10.0983,  Loss: -0.2124
Epoch 2324/5000: Time Est.: Elapsed[3.59h], Remain[42.88h]
=================================================================
Epoch 2325: Train (100%)  Score: 10.0577,  Loss: -0.2110
Epoch 2325/5000: Time Est.: Elapsed[3.61h], Remain[42.87h]
=================================================================
Epoch 2326: Train (100%)  Score: 10.1785,  Loss: -0.2198
Epoch 2326/5000: Time Est.: Elapsed[3.62h], Remain[42.85h]
=================================================================
Epoch 2327: Train (100%)  Score: 10.0804,  Loss: -0.2111
Epoch 2327/5000: Time Est.: Elapsed[3.64h], Remain[42.83h]
=================================================================
Epoch 2328: Train (100%)  Score: 10.0840,  Loss: -0.2169
Epoch 2328/5000: Time Est.: Elapsed[3.65h], Remain[42.82h]
=================================================================
Epoch 2329: Train (100%)  Score: 9.8875,  Loss: -0.2161
Epoch 2329/5000: Time Est.: Elapsed[3.67h], Remain[42.80h]
=================================================================
Epoch 2330: Train (100%)  Score: 9.9987,  Loss: -0.2113
Epoch 2330/5000: Time Est.: Elapsed[3.69h], Remain[42.79h]
=================================================================
Epoch 2331: Train (100%)  Score: 10.2401,  Loss: -0.2190
Epoch 2331/5000: Time Est.: Elapsed[3.70h], Remain[42.77h]
=================================================================
Epoch 2332: Train (100%)  Score: 10.4337,  Loss: -0.2208
Epoch 2332/5000: Time Est.: Elapsed[3.72h], Remain[42.75h]
=================================================================
Epoch 2333: Train (100%)  Score: 9.8943,  Loss: -0.2188
Epoch 2333/5000: Time Est.: Elapsed[3.73h], Remain[42.74h]
=================================================================
Epoch 2334: Train (100%)  Score: 10.1901,  Loss: -0.2130
Epoch 2334/5000: Time Est.: Elapsed[3.75h], Remain[42.72h]
=================================================================
Epoch 2335: Train (100%)  Score: 10.0938,  Loss: -0.2195
Epoch 2335/5000: Time Est.: Elapsed[3.77h], Remain[42.71h]
=================================================================
Epoch 2336: Train (100%)  Score: 10.5995,  Loss: -0.2139
Epoch 2336/5000: Time Est.: Elapsed[3.78h], Remain[42.69h]
=================================================================
Epoch 2337: Train (100%)  Score: 9.9575,  Loss: -0.2226
Epoch 2337/5000: Time Est.: Elapsed[3.80h], Remain[42.68h]
=================================================================
Epoch 2338: Train (100%)  Score: 10.1236,  Loss: -0.2089
Epoch 2338/5000: Time Est.: Elapsed[3.81h], Remain[42.66h]
=================================================================
Epoch 2339: Train (100%)  Score: 9.6829,  Loss: -0.2162
Epoch 2339/5000: Time Est.: Elapsed[3.83h], Remain[42.64h]
=================================================================
Epoch 2340: Train (100%)  Score: 10.0993,  Loss: -0.2142
Epoch 2340/5000: Time Est.: Elapsed[3.85h], Remain[42.62h]
=================================================================
Epoch 2341: Train (100%)  Score: 10.3054,  Loss: -0.2201
Epoch 2341/5000: Time Est.: Elapsed[3.86h], Remain[42.61h]
=================================================================
Epoch 2342: Train (100%)  Score: 10.2624,  Loss: -0.2213
Epoch 2342/5000: Time Est.: Elapsed[3.88h], Remain[42.59h]
=================================================================
Epoch 2343: Train (100%)  Score: 10.0633,  Loss: -0.2109
Epoch 2343/5000: Time Est.: Elapsed[3.89h], Remain[42.58h]
=================================================================
Epoch 2344: Train (100%)  Score: 10.0890,  Loss: -0.2105
Epoch 2344/5000: Time Est.: Elapsed[3.91h], Remain[42.56h]
=================================================================
Epoch 2345: Train (100%)  Score: 9.9394,  Loss: -0.2158
Epoch 2345/5000: Time Est.: Elapsed[3.93h], Remain[42.55h]
=================================================================
Epoch 2346: Train (100%)  Score: 10.5722,  Loss: -0.2186
Epoch 2346/5000: Time Est.: Elapsed[3.94h], Remain[42.53h]
=================================================================
Epoch 2347: Train (100%)  Score: 9.8947,  Loss: -0.2142
Epoch 2347/5000: Time Est.: Elapsed[3.96h], Remain[42.51h]
=================================================================
Epoch 2348: Train (100%)  Score: 10.0221,  Loss: -0.2136
Epoch 2348/5000: Time Est.: Elapsed[3.97h], Remain[42.50h]
=================================================================
Epoch 2349: Train (100%)  Score: 10.0402,  Loss: -0.2172
Epoch 2349/5000: Time Est.: Elapsed[3.99h], Remain[42.48h]
=================================================================
Epoch 2350: Train (100%)  Score: 10.1756,  Loss: -0.2162
Epoch 2350/5000: Time Est.: Elapsed[4.01h], Remain[42.47h]
=================================================================
Epoch 2351: Train (100%)  Score: 9.8896,  Loss: -0.2152
Epoch 2351/5000: Time Est.: Elapsed[4.02h], Remain[42.45h]
=================================================================
Epoch 2352: Train (100%)  Score: 10.2111,  Loss: -0.2105
Epoch 2352/5000: Time Est.: Elapsed[4.04h], Remain[42.43h]
=================================================================
Epoch 2353: Train (100%)  Score: 10.1847,  Loss: -0.2158
Epoch 2353/5000: Time Est.: Elapsed[4.05h], Remain[42.42h]
=================================================================
Epoch 2354: Train (100%)  Score: 10.2054,  Loss: -0.2165
Epoch 2354/5000: Time Est.: Elapsed[4.07h], Remain[42.41h]
=================================================================
Epoch 2355: Train (100%)  Score: 10.6071,  Loss: -0.2224
Epoch 2355/5000: Time Est.: Elapsed[4.09h], Remain[42.39h]
=================================================================
Epoch 2356: Train (100%)  Score: 10.3798,  Loss: -0.2171
Epoch 2356/5000: Time Est.: Elapsed[4.10h], Remain[42.38h]
=================================================================
Epoch 2357: Train (100%)  Score: 9.9591,  Loss: -0.2103
Epoch 2357/5000: Time Est.: Elapsed[4.12h], Remain[42.36h]
=================================================================
Epoch 2358: Train (100%)  Score: 10.2358,  Loss: -0.2178
Epoch 2358/5000: Time Est.: Elapsed[4.13h], Remain[42.34h]
=================================================================
Epoch 2359: Train (100%)  Score: 10.2406,  Loss: -0.2192
Epoch 2359/5000: Time Est.: Elapsed[4.15h], Remain[42.33h]
=================================================================
Epoch 2360: Train (100%)  Score: 10.2368,  Loss: -0.2176
Epoch 2360/5000: Time Est.: Elapsed[4.17h], Remain[42.31h]
=================================================================
Epoch 2361: Train (100%)  Score: 10.0880,  Loss: -0.2148
Epoch 2361/5000: Time Est.: Elapsed[4.18h], Remain[42.30h]
=================================================================
Epoch 2362: Train (100%)  Score: 9.8796,  Loss: -0.2120
Epoch 2362/5000: Time Est.: Elapsed[4.20h], Remain[42.28h]
=================================================================
Epoch 2363: Train (100%)  Score: 10.0771,  Loss: -0.2123
Epoch 2363/5000: Time Est.: Elapsed[4.21h], Remain[42.26h]
=================================================================
Epoch 2364: Train (100%)  Score: 10.3143,  Loss: -0.2165
Epoch 2364/5000: Time Est.: Elapsed[4.23h], Remain[42.24h]
=================================================================
Epoch 2365: Train (100%)  Score: 10.5057,  Loss: -0.2136
Epoch 2365/5000: Time Est.: Elapsed[4.25h], Remain[42.23h]
=================================================================
Epoch 2366: Train (100%)  Score: 9.6065,  Loss: -0.2120
Epoch 2366/5000: Time Est.: Elapsed[4.26h], Remain[42.21h]
=================================================================
Epoch 2367: Train (100%)  Score: 10.2169,  Loss: -0.2181
Epoch 2367/5000: Time Est.: Elapsed[4.28h], Remain[42.19h]
=================================================================
Epoch 2368: Train (100%)  Score: 10.1570,  Loss: -0.2072
Epoch 2368/5000: Time Est.: Elapsed[4.29h], Remain[42.18h]
=================================================================
Epoch 2369: Train (100%)  Score: 10.0453,  Loss: -0.2150
Epoch 2369/5000: Time Est.: Elapsed[4.31h], Remain[42.16h]
=================================================================
Epoch 2370: Train (100%)  Score: 10.4438,  Loss: -0.2171
Epoch 2370/5000: Time Est.: Elapsed[4.33h], Remain[42.14h]
=================================================================
Epoch 2371: Train (100%)  Score: 10.3674,  Loss: -0.2168
Epoch 2371/5000: Time Est.: Elapsed[4.34h], Remain[42.13h]
=================================================================
Epoch 2372: Train (100%)  Score: 10.2002,  Loss: -0.2108
Epoch 2372/5000: Time Est.: Elapsed[4.36h], Remain[42.12h]
=================================================================
Epoch 2373: Train (100%)  Score: 9.7712,  Loss: -0.2102
Epoch 2373/5000: Time Est.: Elapsed[4.37h], Remain[42.10h]
=================================================================
Epoch 2374: Train (100%)  Score: 10.0267,  Loss: -0.2103
Epoch 2374/5000: Time Est.: Elapsed[4.39h], Remain[42.08h]
=================================================================
Epoch 2375: Train (100%)  Score: 9.9732,  Loss: -0.2082
Epoch 2375/5000: Time Est.: Elapsed[4.41h], Remain[42.06h]
=================================================================
Epoch 2376: Train (100%)  Score: 10.1582,  Loss: -0.2143
Epoch 2376/5000: Time Est.: Elapsed[4.42h], Remain[42.05h]
=================================================================
Epoch 2377: Train (100%)  Score: 10.2997,  Loss: -0.2164
Epoch 2377/5000: Time Est.: Elapsed[4.44h], Remain[42.03h]
=================================================================
Epoch 2378: Train (100%)  Score: 10.3060,  Loss: -0.2160
Epoch 2378/5000: Time Est.: Elapsed[4.45h], Remain[42.01h]
=================================================================
Epoch 2379: Train (100%)  Score: 9.9265,  Loss: -0.2092
Epoch 2379/5000: Time Est.: Elapsed[4.47h], Remain[42.00h]
=================================================================
Epoch 2380: Train (100%)  Score: 9.8093,  Loss: -0.2127
Epoch 2380/5000: Time Est.: Elapsed[4.49h], Remain[41.98h]
=================================================================
Epoch 2381: Train (100%)  Score: 10.1234,  Loss: -0.2095
Epoch 2381/5000: Time Est.: Elapsed[4.50h], Remain[41.96h]
=================================================================
Epoch 2382: Train (100%)  Score: 10.2088,  Loss: -0.2140
Epoch 2382/5000: Time Est.: Elapsed[4.52h], Remain[41.95h]
=================================================================
Epoch 2383: Train (100%)  Score: 10.2452,  Loss: -0.2171
Epoch 2383/5000: Time Est.: Elapsed[4.53h], Remain[41.93h]
=================================================================
Epoch 2384: Train (100%)  Score: 10.1626,  Loss: -0.2126
Epoch 2384/5000: Time Est.: Elapsed[4.55h], Remain[41.91h]
=================================================================
Epoch 2385: Train (100%)  Score: 9.8150,  Loss: -0.2123
Epoch 2385/5000: Time Est.: Elapsed[4.57h], Remain[41.89h]
=================================================================
Epoch 2386: Train (100%)  Score: 9.9884,  Loss: -0.2060
Epoch 2386/5000: Time Est.: Elapsed[4.58h], Remain[41.88h]
=================================================================
Epoch 2387: Train (100%)  Score: 10.3890,  Loss: -0.2165
Epoch 2387/5000: Time Est.: Elapsed[4.60h], Remain[41.86h]
=================================================================
Epoch 2388: Train (100%)  Score: 10.4380,  Loss: -0.2161
Epoch 2388/5000: Time Est.: Elapsed[4.61h], Remain[41.85h]
=================================================================
Epoch 2389: Train (100%)  Score: 10.1467,  Loss: -0.2129
Epoch 2389/5000: Time Est.: Elapsed[4.63h], Remain[41.83h]
=================================================================
Epoch 2390: Train (100%)  Score: 10.0142,  Loss: -0.2145
Epoch 2390/5000: Time Est.: Elapsed[4.65h], Remain[41.82h]
=================================================================
Epoch 2391: Train (100%)  Score: 10.2932,  Loss: -0.2137
Epoch 2391/5000: Time Est.: Elapsed[4.66h], Remain[41.80h]
=================================================================
Epoch 2392: Train (100%)  Score: 9.7979,  Loss: -0.2120
Epoch 2392/5000: Time Est.: Elapsed[4.68h], Remain[41.78h]
=================================================================
Epoch 2393: Train (100%)  Score: 10.3331,  Loss: -0.2141
Epoch 2393/5000: Time Est.: Elapsed[4.69h], Remain[41.77h]
=================================================================
Epoch 2394: Train (100%)  Score: 9.9758,  Loss: -0.2197
Epoch 2394/5000: Time Est.: Elapsed[4.71h], Remain[41.75h]
=================================================================
Epoch 2395: Train (100%)  Score: 9.7182,  Loss: -0.2125
Epoch 2395/5000: Time Est.: Elapsed[4.73h], Remain[41.74h]
=================================================================
Epoch 2396: Train (100%)  Score: 10.2232,  Loss: -0.2136
Epoch 2396/5000: Time Est.: Elapsed[4.74h], Remain[41.72h]
=================================================================
Epoch 2397: Train (100%)  Score: 9.8853,  Loss: -0.2084
Epoch 2397/5000: Time Est.: Elapsed[4.76h], Remain[41.70h]
=================================================================
Epoch 2398: Train (100%)  Score: 10.2233,  Loss: -0.2169
Epoch 2398/5000: Time Est.: Elapsed[4.77h], Remain[41.69h]
=================================================================
Epoch 2399: Train (100%)  Score: 10.9066,  Loss: -0.2186
Epoch 2399/5000: Time Est.: Elapsed[4.79h], Remain[41.67h]
=================================================================
Epoch 2400: Train (100%)  Score: 10.4756,  Loss: -0.2158
Epoch 2400/5000: Time Est.: Elapsed[4.81h], Remain[41.66h]
Saving trained_model
=================================================================
Epoch 2401: Train (100%)  Score: 9.8433,  Loss: -0.2134
Epoch 2401/5000: Time Est.: Elapsed[4.82h], Remain[41.64h]
=================================================================
Epoch 2402: Train (100%)  Score: 9.8303,  Loss: -0.2118
Epoch 2402/5000: Time Est.: Elapsed[4.84h], Remain[41.62h]
=================================================================
Epoch 2403: Train (100%)  Score: 10.1386,  Loss: -0.2207
Epoch 2403/5000: Time Est.: Elapsed[4.85h], Remain[41.61h]
=================================================================
Epoch 2404: Train (100%)  Score: 10.1058,  Loss: -0.2146
Epoch 2404/5000: Time Est.: Elapsed[4.87h], Remain[41.59h]
=================================================================
Epoch 2405: Train (100%)  Score: 10.4383,  Loss: -0.2149
Epoch 2405/5000: Time Est.: Elapsed[4.89h], Remain[41.58h]
=================================================================
Epoch 2406: Train (100%)  Score: 9.9464,  Loss: -0.2139
Epoch 2406/5000: Time Est.: Elapsed[4.90h], Remain[41.56h]
=================================================================
Epoch 2407: Train (100%)  Score: 10.2511,  Loss: -0.2187
Epoch 2407/5000: Time Est.: Elapsed[4.92h], Remain[41.54h]
=================================================================
Epoch 2408: Train (100%)  Score: 10.1181,  Loss: -0.2099
Epoch 2408/5000: Time Est.: Elapsed[4.93h], Remain[41.53h]
=================================================================
Epoch 2409: Train (100%)  Score: 9.7615,  Loss: -0.2086
Epoch 2409/5000: Time Est.: Elapsed[4.95h], Remain[41.51h]
=================================================================
Epoch 2410: Train (100%)  Score: 9.6073,  Loss: -0.2105
Epoch 2410/5000: Time Est.: Elapsed[4.97h], Remain[41.49h]
=================================================================
Epoch 2411: Train (100%)  Score: 10.5130,  Loss: -0.2182
Epoch 2411/5000: Time Est.: Elapsed[4.98h], Remain[41.48h]
=================================================================
Epoch 2412: Train (100%)  Score: 10.0844,  Loss: -0.2141
Epoch 2412/5000: Time Est.: Elapsed[5.00h], Remain[41.46h]
=================================================================
Epoch 2413: Train (100%)  Score: 9.9048,  Loss: -0.2198
Epoch 2413/5000: Time Est.: Elapsed[5.01h], Remain[41.44h]
=================================================================
Epoch 2414: Train (100%)  Score: 10.0833,  Loss: -0.2202
Epoch 2414/5000: Time Est.: Elapsed[5.03h], Remain[41.43h]
=================================================================
Epoch 2415: Train (100%)  Score: 10.0333,  Loss: -0.2151
Epoch 2415/5000: Time Est.: Elapsed[5.05h], Remain[41.41h]
=================================================================
Epoch 2416: Train (100%)  Score: 9.9796,  Loss: -0.2226
Epoch 2416/5000: Time Est.: Elapsed[5.06h], Remain[41.40h]
=================================================================
Epoch 2417: Train (100%)  Score: 9.8604,  Loss: -0.2107
Epoch 2417/5000: Time Est.: Elapsed[5.08h], Remain[41.38h]
=================================================================
Epoch 2418: Train (100%)  Score: 10.0558,  Loss: -0.2082
Epoch 2418/5000: Time Est.: Elapsed[5.09h], Remain[41.36h]
=================================================================
Epoch 2419: Train (100%)  Score: 10.0841,  Loss: -0.2141
Epoch 2419/5000: Time Est.: Elapsed[5.11h], Remain[41.35h]
=================================================================
Epoch 2420: Train (100%)  Score: 10.1603,  Loss: -0.2123
Epoch 2420/5000: Time Est.: Elapsed[5.13h], Remain[41.33h]
=================================================================
Epoch 2421: Train (100%)  Score: 10.2643,  Loss: -0.2222
Epoch 2421/5000: Time Est.: Elapsed[5.14h], Remain[41.32h]
=================================================================
Epoch 2422: Train (100%)  Score: 9.7497,  Loss: -0.2089
Epoch 2422/5000: Time Est.: Elapsed[5.16h], Remain[41.30h]
=================================================================
Epoch 2423: Train (100%)  Score: 10.0903,  Loss: -0.2144
Epoch 2423/5000: Time Est.: Elapsed[5.17h], Remain[41.28h]
=================================================================
Epoch 2424: Train (100%)  Score: 9.8539,  Loss: -0.2121
Epoch 2424/5000: Time Est.: Elapsed[5.19h], Remain[41.27h]
=================================================================
Epoch 2425: Train (100%)  Score: 10.0259,  Loss: -0.2172
Epoch 2425/5000: Time Est.: Elapsed[5.20h], Remain[41.17h]
=================================================================
Epoch 2426: Train (100%)  Score: 9.8756,  Loss: -0.2114
Epoch 2426/5000: Time Est.: Elapsed[5.22h], Remain[41.24h]
=================================================================
Epoch 2427: Train (100%)  Score: 10.4707,  Loss: -0.2150
Epoch 2427/5000: Time Est.: Elapsed[5.24h], Remain[41.22h]
=================================================================
Epoch 2428: Train (100%)  Score: 9.8334,  Loss: -0.2069
Epoch 2428/5000: Time Est.: Elapsed[5.25h], Remain[41.20h]
=================================================================
Epoch 2429: Train (100%)  Score: 9.7829,  Loss: -0.2129
Epoch 2429/5000: Time Est.: Elapsed[5.27h], Remain[41.19h]
=================================================================
Epoch 2430: Train (100%)  Score: 10.2211,  Loss: -0.2180
Epoch 2430/5000: Time Est.: Elapsed[5.29h], Remain[41.17h]
=================================================================
Epoch 2431: Train (100%)  Score: 10.0927,  Loss: -0.2186
Epoch 2431/5000: Time Est.: Elapsed[5.30h], Remain[41.15h]
=================================================================
Epoch 2432: Train (100%)  Score: 9.9536,  Loss: -0.2128
Epoch 2432/5000: Time Est.: Elapsed[5.32h], Remain[41.14h]
=================================================================
Epoch 2433: Train (100%)  Score: 10.2890,  Loss: -0.2136
Epoch 2433/5000: Time Est.: Elapsed[5.33h], Remain[41.12h]
=================================================================
Epoch 2434: Train (100%)  Score: 10.2960,  Loss: -0.2084
Epoch 2434/5000: Time Est.: Elapsed[5.35h], Remain[41.10h]
=================================================================
Epoch 2435: Train (100%)  Score: 9.9418,  Loss: -0.2154
Epoch 2435/5000: Time Est.: Elapsed[5.37h], Remain[41.09h]
=================================================================
Epoch 2436: Train (100%)  Score: 10.0331,  Loss: -0.2051
Epoch 2436/5000: Time Est.: Elapsed[5.38h], Remain[41.07h]
=================================================================
Epoch 2437: Train (100%)  Score: 10.1590,  Loss: -0.2168
Epoch 2437/5000: Time Est.: Elapsed[5.40h], Remain[41.06h]
=================================================================
Epoch 2438: Train (100%)  Score: 10.2967,  Loss: -0.2086
Epoch 2438/5000: Time Est.: Elapsed[5.41h], Remain[41.04h]
=================================================================
Epoch 2439: Train (100%)  Score: 9.9600,  Loss: -0.2106
Epoch 2439/5000: Time Est.: Elapsed[5.43h], Remain[41.03h]
=================================================================
Epoch 2440: Train (100%)  Score: 10.2046,  Loss: -0.2138
Epoch 2440/5000: Time Est.: Elapsed[5.45h], Remain[41.01h]
=================================================================
Epoch 2441: Train (100%)  Score: 9.8487,  Loss: -0.2110
Epoch 2441/5000: Time Est.: Elapsed[5.46h], Remain[40.99h]
=================================================================
Epoch 2442: Train (100%)  Score: 9.8901,  Loss: -0.2132
Epoch 2442/5000: Time Est.: Elapsed[5.48h], Remain[40.97h]
=================================================================
Epoch 2443: Train (100%)  Score: 10.4558,  Loss: -0.2245
Epoch 2443/5000: Time Est.: Elapsed[5.49h], Remain[40.96h]
=================================================================
Epoch 2444: Train (100%)  Score: 9.9127,  Loss: -0.2121
Epoch 2444/5000: Time Est.: Elapsed[5.51h], Remain[40.94h]
=================================================================
Epoch 2445: Train (100%)  Score: 10.1559,  Loss: -0.2183
Epoch 2445/5000: Time Est.: Elapsed[5.53h], Remain[40.93h]
=================================================================
Epoch 2446: Train (100%)  Score: 9.9894,  Loss: -0.2158
Epoch 2446/5000: Time Est.: Elapsed[5.54h], Remain[40.91h]
=================================================================
Epoch 2447: Train (100%)  Score: 10.1296,  Loss: -0.2199
Epoch 2447/5000: Time Est.: Elapsed[5.56h], Remain[40.90h]
=================================================================
Epoch 2448: Train (100%)  Score: 10.0282,  Loss: -0.2161
Epoch 2448/5000: Time Est.: Elapsed[5.57h], Remain[40.88h]
=================================================================
Epoch 2449: Train (100%)  Score: 10.4203,  Loss: -0.2272
Epoch 2449/5000: Time Est.: Elapsed[5.59h], Remain[40.86h]
=================================================================
Epoch 2450: Train (100%)  Score: 10.3969,  Loss: -0.2163
Epoch 2450/5000: Time Est.: Elapsed[5.61h], Remain[40.85h]
=================================================================
Epoch 2451: Train (100%)  Score: 10.0806,  Loss: -0.2135
Epoch 2451/5000: Time Est.: Elapsed[5.62h], Remain[40.83h]
=================================================================
Epoch 2452: Train (100%)  Score: 10.3806,  Loss: -0.2145
Epoch 2452/5000: Time Est.: Elapsed[5.64h], Remain[40.82h]
=================================================================
Epoch 2453: Train (100%)  Score: 9.9501,  Loss: -0.2120
Epoch 2453/5000: Time Est.: Elapsed[5.65h], Remain[40.80h]
=================================================================
Epoch 2454: Train (100%)  Score: 9.8357,  Loss: -0.2151
Epoch 2454/5000: Time Est.: Elapsed[5.67h], Remain[40.78h]
=================================================================
Epoch 2455: Train (100%)  Score: 10.2460,  Loss: -0.2176
Epoch 2455/5000: Time Est.: Elapsed[5.69h], Remain[40.77h]
=================================================================
Epoch 2456: Train (100%)  Score: 9.7078,  Loss: -0.2102
Epoch 2456/5000: Time Est.: Elapsed[5.70h], Remain[40.75h]
=================================================================
Epoch 2457: Train (100%)  Score: 10.1361,  Loss: -0.2147
Epoch 2457/5000: Time Est.: Elapsed[5.72h], Remain[40.73h]
=================================================================
Epoch 2458: Train (100%)  Score: 10.4076,  Loss: -0.2250
Epoch 2458/5000: Time Est.: Elapsed[5.73h], Remain[40.72h]
=================================================================
Epoch 2459: Train (100%)  Score: 10.0898,  Loss: -0.2115
Epoch 2459/5000: Time Est.: Elapsed[5.75h], Remain[40.70h]
=================================================================
Epoch 2460: Train (100%)  Score: 10.0730,  Loss: -0.2145
Epoch 2460/5000: Time Est.: Elapsed[5.77h], Remain[40.69h]
=================================================================
Epoch 2461: Train (100%)  Score: 9.9271,  Loss: -0.2130
Epoch 2461/5000: Time Est.: Elapsed[5.78h], Remain[40.67h]
=================================================================
Epoch 2462: Train (100%)  Score: 9.9691,  Loss: -0.2114
Epoch 2462/5000: Time Est.: Elapsed[5.80h], Remain[40.65h]
=================================================================
Epoch 2463: Train (100%)  Score: 9.9025,  Loss: -0.2076
Epoch 2463/5000: Time Est.: Elapsed[5.81h], Remain[40.64h]
=================================================================
Epoch 2464: Train (100%)  Score: 9.8815,  Loss: -0.2143
Epoch 2464/5000: Time Est.: Elapsed[5.83h], Remain[40.62h]
=================================================================
Epoch 2465: Train (100%)  Score: 10.3826,  Loss: -0.2198
Epoch 2465/5000: Time Est.: Elapsed[5.85h], Remain[40.61h]
=================================================================
Epoch 2466: Train (100%)  Score: 10.2042,  Loss: -0.2082
Epoch 2466/5000: Time Est.: Elapsed[5.86h], Remain[40.59h]
=================================================================
Epoch 2467: Train (100%)  Score: 10.1491,  Loss: -0.2108
Epoch 2467/5000: Time Est.: Elapsed[5.88h], Remain[40.57h]
=================================================================
Epoch 2468: Train (100%)  Score: 9.8661,  Loss: -0.2117
Epoch 2468/5000: Time Est.: Elapsed[5.89h], Remain[40.56h]
=================================================================
Epoch 2469: Train (100%)  Score: 9.7164,  Loss: -0.2081
Epoch 2469/5000: Time Est.: Elapsed[5.91h], Remain[40.54h]
=================================================================
Epoch 2470: Train (100%)  Score: 10.1030,  Loss: -0.2195
Epoch 2470/5000: Time Est.: Elapsed[5.93h], Remain[40.53h]
=================================================================
Epoch 2471: Train (100%)  Score: 10.3902,  Loss: -0.2175
Epoch 2471/5000: Time Est.: Elapsed[5.94h], Remain[40.51h]
=================================================================
Epoch 2472: Train (100%)  Score: 9.8072,  Loss: -0.2090
Epoch 2472/5000: Time Est.: Elapsed[5.96h], Remain[40.49h]
=================================================================
Epoch 2473: Train (100%)  Score: 10.1855,  Loss: -0.2101
Epoch 2473/5000: Time Est.: Elapsed[5.97h], Remain[40.48h]
=================================================================
Epoch 2474: Train (100%)  Score: 10.1958,  Loss: -0.2132
Epoch 2474/5000: Time Est.: Elapsed[5.99h], Remain[40.46h]
=================================================================
Epoch 2475: Train (100%)  Score: 10.3457,  Loss: -0.2240
Epoch 2475/5000: Time Est.: Elapsed[6.01h], Remain[40.44h]
=================================================================
Epoch 2476: Train (100%)  Score: 10.0131,  Loss: -0.2134
Epoch 2476/5000: Time Est.: Elapsed[6.02h], Remain[40.43h]
=================================================================
Epoch 2477: Train (100%)  Score: 10.1913,  Loss: -0.2137
Epoch 2477/5000: Time Est.: Elapsed[6.04h], Remain[40.41h]
=================================================================
Epoch 2478: Train (100%)  Score: 9.9049,  Loss: -0.2146
Epoch 2478/5000: Time Est.: Elapsed[6.05h], Remain[40.40h]
=================================================================
Epoch 2479: Train (100%)  Score: 10.1432,  Loss: -0.2083
Epoch 2479/5000: Time Est.: Elapsed[6.07h], Remain[40.38h]
=================================================================
Epoch 2480: Train (100%)  Score: 10.0400,  Loss: -0.2101
Epoch 2480/5000: Time Est.: Elapsed[6.09h], Remain[40.36h]
=================================================================
Epoch 2481: Train (100%)  Score: 10.0461,  Loss: -0.2154
Epoch 2481/5000: Time Est.: Elapsed[6.10h], Remain[40.35h]
=================================================================
Epoch 2482: Train (100%)  Score: 10.3132,  Loss: -0.2158
Epoch 2482/5000: Time Est.: Elapsed[6.12h], Remain[40.33h]
=================================================================
Epoch 2483: Train (100%)  Score: 10.4203,  Loss: -0.2209
Epoch 2483/5000: Time Est.: Elapsed[6.13h], Remain[40.32h]
=================================================================
Epoch 2484: Train (100%)  Score: 9.9294,  Loss: -0.2049
Epoch 2484/5000: Time Est.: Elapsed[6.15h], Remain[40.30h]
=================================================================
Epoch 2485: Train (100%)  Score: 10.0814,  Loss: -0.2109
Epoch 2485/5000: Time Est.: Elapsed[6.17h], Remain[40.28h]
=================================================================
Epoch 2486: Train (100%)  Score: 9.9207,  Loss: -0.2110
Epoch 2486/5000: Time Est.: Elapsed[6.18h], Remain[40.27h]
=================================================================
Epoch 2487: Train (100%)  Score: 9.7704,  Loss: -0.2093
Epoch 2487/5000: Time Est.: Elapsed[6.20h], Remain[40.25h]
=================================================================
Epoch 2488: Train (100%)  Score: 10.1617,  Loss: -0.2102
Epoch 2488/5000: Time Est.: Elapsed[6.21h], Remain[40.24h]
=================================================================
Epoch 2489: Train (100%)  Score: 9.8660,  Loss: -0.2126
Epoch 2489/5000: Time Est.: Elapsed[6.23h], Remain[40.22h]
=================================================================
Epoch 2490: Train (100%)  Score: 9.7421,  Loss: -0.2056
Epoch 2490/5000: Time Est.: Elapsed[6.25h], Remain[40.20h]
=================================================================
Epoch 2491: Train (100%)  Score: 9.8157,  Loss: -0.2187
Epoch 2491/5000: Time Est.: Elapsed[6.26h], Remain[40.19h]
=================================================================
Epoch 2492: Train (100%)  Score: 10.2409,  Loss: -0.2212
Epoch 2492/5000: Time Est.: Elapsed[6.27h], Remain[40.10h]
=================================================================
Epoch 2493: Train (100%)  Score: 10.3050,  Loss: -0.2169
Epoch 2493/5000: Time Est.: Elapsed[6.29h], Remain[40.15h]
=================================================================
Epoch 2494: Train (100%)  Score: 9.9808,  Loss: -0.2119
Epoch 2494/5000: Time Est.: Elapsed[6.31h], Remain[40.14h]
=================================================================
Epoch 2495: Train (100%)  Score: 9.9848,  Loss: -0.2136
Epoch 2495/5000: Time Est.: Elapsed[6.32h], Remain[40.06h]
=================================================================
Epoch 2496: Train (100%)  Score: 9.9935,  Loss: -0.2125
Epoch 2496/5000: Time Est.: Elapsed[6.34h], Remain[40.10h]
=================================================================
Epoch 2497: Train (100%)  Score: 10.2590,  Loss: -0.2148
Epoch 2497/5000: Time Est.: Elapsed[6.36h], Remain[40.09h]
=================================================================
Epoch 2498: Train (100%)  Score: 10.2298,  Loss: -0.2119
Epoch 2498/5000: Time Est.: Elapsed[6.37h], Remain[40.07h]
=================================================================
Epoch 2499: Train (100%)  Score: 9.8657,  Loss: -0.2081
Epoch 2499/5000: Time Est.: Elapsed[6.39h], Remain[40.06h]
=================================================================
Epoch 2500: Train (100%)  Score: 9.9427,  Loss: -0.2131
Epoch 2500/5000: Time Est.: Elapsed[6.41h], Remain[40.04h]
Saving trained_model
=================================================================
Epoch 2501: Train (100%)  Score: 9.9811,  Loss: -0.2112
Epoch 2501/5000: Time Est.: Elapsed[6.42h], Remain[40.02h]
=================================================================
Epoch 2502: Train (100%)  Score: 9.9529,  Loss: -0.2137
Epoch 2502/5000: Time Est.: Elapsed[6.44h], Remain[40.01h]
=================================================================
Epoch 2503: Train (100%)  Score: 9.9493,  Loss: -0.2128
Epoch 2503/5000: Time Est.: Elapsed[6.45h], Remain[39.99h]
=================================================================
Epoch 2504: Train (100%)  Score: 9.9725,  Loss: -0.2116
Epoch 2504/5000: Time Est.: Elapsed[6.47h], Remain[39.98h]
=================================================================
Epoch 2505: Train (100%)  Score: 10.2901,  Loss: -0.2168
Epoch 2505/5000: Time Est.: Elapsed[6.49h], Remain[39.96h]
=================================================================
Epoch 2506: Train (100%)  Score: 10.5131,  Loss: -0.2150
Epoch 2506/5000: Time Est.: Elapsed[6.50h], Remain[39.94h]
=================================================================
Epoch 2507: Train (100%)  Score: 10.3133,  Loss: -0.2160
Epoch 2507/5000: Time Est.: Elapsed[6.52h], Remain[39.93h]
=================================================================
Epoch 2508: Train (100%)  Score: 10.1441,  Loss: -0.2143
Epoch 2508/5000: Time Est.: Elapsed[6.53h], Remain[39.91h]
=================================================================
Epoch 2509: Train (100%)  Score: 10.1256,  Loss: -0.2139
Epoch 2509/5000: Time Est.: Elapsed[6.55h], Remain[39.89h]
=================================================================
Epoch 2510: Train (100%)  Score: 9.7382,  Loss: -0.2093
Epoch 2510/5000: Time Est.: Elapsed[6.57h], Remain[39.88h]
=================================================================
Epoch 2511: Train (100%)  Score: 9.9569,  Loss: -0.2171
Epoch 2511/5000: Time Est.: Elapsed[6.58h], Remain[39.86h]
=================================================================
Epoch 2512: Train (100%)  Score: 10.0220,  Loss: -0.2084
Epoch 2512/5000: Time Est.: Elapsed[6.60h], Remain[39.85h]
=================================================================
Epoch 2513: Train (100%)  Score: 10.0670,  Loss: -0.2174
Epoch 2513/5000: Time Est.: Elapsed[6.61h], Remain[39.83h]
=================================================================
Epoch 2514: Train (100%)  Score: 10.2751,  Loss: -0.2154
Epoch 2514/5000: Time Est.: Elapsed[6.63h], Remain[39.81h]
=================================================================
Epoch 2515: Train (100%)  Score: 10.0546,  Loss: -0.2125
Epoch 2515/5000: Time Est.: Elapsed[6.65h], Remain[39.80h]
=================================================================
Epoch 2516: Train (100%)  Score: 10.0833,  Loss: -0.2158
Epoch 2516/5000: Time Est.: Elapsed[6.66h], Remain[39.78h]
=================================================================
Epoch 2517: Train (100%)  Score: 10.2343,  Loss: -0.2153
Epoch 2517/5000: Time Est.: Elapsed[6.68h], Remain[39.77h]
=================================================================
Epoch 2518: Train (100%)  Score: 10.1030,  Loss: -0.2141
Epoch 2518/5000: Time Est.: Elapsed[6.69h], Remain[39.75h]
=================================================================
Epoch 2519: Train (100%)  Score: 9.7689,  Loss: -0.2053
Epoch 2519/5000: Time Est.: Elapsed[6.71h], Remain[39.73h]
=================================================================
Epoch 2520: Train (100%)  Score: 10.0562,  Loss: -0.2054
Epoch 2520/5000: Time Est.: Elapsed[6.73h], Remain[39.72h]
=================================================================
Epoch 2521: Train (100%)  Score: 10.3131,  Loss: -0.2192
Epoch 2521/5000: Time Est.: Elapsed[6.74h], Remain[39.70h]
=================================================================
Epoch 2522: Train (100%)  Score: 9.9138,  Loss: -0.2119
Epoch 2522/5000: Time Est.: Elapsed[6.76h], Remain[39.69h]
=================================================================
Epoch 2523: Train (100%)  Score: 9.8224,  Loss: -0.2172
Epoch 2523/5000: Time Est.: Elapsed[6.77h], Remain[39.67h]
=================================================================
Epoch 2524: Train (100%)  Score: 10.2790,  Loss: -0.2161
Epoch 2524/5000: Time Est.: Elapsed[6.79h], Remain[39.65h]
=================================================================
Epoch 2525: Train (100%)  Score: 10.1233,  Loss: -0.2124
Epoch 2525/5000: Time Est.: Elapsed[6.81h], Remain[39.64h]
=================================================================
>> Invalid instances, Re-generating ...
Epoch 2526: Train (100%)  Score: 10.0996,  Loss: -0.2105
Epoch 2526/5000: Time Est.: Elapsed[6.82h], Remain[39.62h]
=================================================================
Epoch 2527: Train (100%)  Score: 9.7237,  Loss: -0.2118
Epoch 2527/5000: Time Est.: Elapsed[6.84h], Remain[39.60h]
=================================================================
Epoch 2528: Train (100%)  Score: 10.5341,  Loss: -0.2202
Epoch 2528/5000: Time Est.: Elapsed[6.85h], Remain[39.59h]
=================================================================
Epoch 2529: Train (100%)  Score: 9.9562,  Loss: -0.2125
Epoch 2529/5000: Time Est.: Elapsed[6.87h], Remain[39.57h]
=================================================================
Epoch 2530: Train (100%)  Score: 10.0086,  Loss: -0.2144
Epoch 2530/5000: Time Est.: Elapsed[6.89h], Remain[39.55h]
=================================================================
Epoch 2531: Train (100%)  Score: 10.1779,  Loss: -0.2138
Epoch 2531/5000: Time Est.: Elapsed[6.90h], Remain[39.54h]
=================================================================
Epoch 2532: Train (100%)  Score: 9.8787,  Loss: -0.2159
Epoch 2532/5000: Time Est.: Elapsed[6.92h], Remain[39.52h]
=================================================================
Epoch 2533: Train (100%)  Score: 10.0161,  Loss: -0.2124
Epoch 2533/5000: Time Est.: Elapsed[6.93h], Remain[39.51h]
=================================================================
Epoch 2534: Train (100%)  Score: 10.1826,  Loss: -0.2109
Epoch 2534/5000: Time Est.: Elapsed[6.95h], Remain[39.49h]
=================================================================
Epoch 2535: Train (100%)  Score: 10.0184,  Loss: -0.2095
Epoch 2535/5000: Time Est.: Elapsed[6.97h], Remain[39.47h]
=================================================================
Epoch 2536: Train (100%)  Score: 10.1629,  Loss: -0.2106
Epoch 2536/5000: Time Est.: Elapsed[6.98h], Remain[39.46h]
=================================================================
Epoch 2537: Train (100%)  Score: 9.9849,  Loss: -0.2039
Epoch 2537/5000: Time Est.: Elapsed[7.00h], Remain[39.44h]
=================================================================
Epoch 2538: Train (100%)  Score: 9.8788,  Loss: -0.2014
Epoch 2538/5000: Time Est.: Elapsed[7.01h], Remain[39.42h]
=================================================================
Epoch 2539: Train (100%)  Score: 9.8450,  Loss: -0.2128
Epoch 2539/5000: Time Est.: Elapsed[7.03h], Remain[39.41h]
=================================================================
Epoch 2540: Train (100%)  Score: 10.6864,  Loss: -0.2220
Epoch 2540/5000: Time Est.: Elapsed[7.05h], Remain[39.39h]
=================================================================
Epoch 2541: Train (100%)  Score: 10.0461,  Loss: -0.2133
Epoch 2541/5000: Time Est.: Elapsed[7.06h], Remain[39.38h]
=================================================================
Epoch 2542: Train (100%)  Score: 9.9185,  Loss: -0.2126
Epoch 2542/5000: Time Est.: Elapsed[7.08h], Remain[39.36h]
=================================================================
Epoch 2543: Train (100%)  Score: 10.2993,  Loss: -0.2155
Epoch 2543/5000: Time Est.: Elapsed[7.09h], Remain[39.35h]
=================================================================
Epoch 2544: Train (100%)  Score: 9.9802,  Loss: -0.2132
Epoch 2544/5000: Time Est.: Elapsed[7.11h], Remain[39.33h]
=================================================================
Epoch 2545: Train (100%)  Score: 9.9569,  Loss: -0.2107
Epoch 2545/5000: Time Est.: Elapsed[7.13h], Remain[39.31h]
=================================================================
Epoch 2546: Train (100%)  Score: 10.0966,  Loss: -0.2135
Epoch 2546/5000: Time Est.: Elapsed[7.14h], Remain[39.30h]
=================================================================
Epoch 2547: Train (100%)  Score: 10.0024,  Loss: -0.2153
Epoch 2547/5000: Time Est.: Elapsed[7.16h], Remain[39.28h]
=================================================================
Epoch 2548: Train (100%)  Score: 10.3289,  Loss: -0.2166
Epoch 2548/5000: Time Est.: Elapsed[7.17h], Remain[39.27h]
=================================================================
Epoch 2549: Train (100%)  Score: 10.4222,  Loss: -0.2137
Epoch 2549/5000: Time Est.: Elapsed[7.19h], Remain[39.25h]
=================================================================
Epoch 2550: Train (100%)  Score: 10.1182,  Loss: -0.2135
Epoch 2550/5000: Time Est.: Elapsed[7.21h], Remain[39.23h]
=================================================================
Epoch 2551: Train (100%)  Score: 10.1154,  Loss: -0.2087
Epoch 2551/5000: Time Est.: Elapsed[7.21h], Remain[39.16h]
=================================================================
Epoch 2552: Train (100%)  Score: 10.3267,  Loss: -0.2163
Epoch 2552/5000: Time Est.: Elapsed[7.24h], Remain[39.21h]
=================================================================
Epoch 2553: Train (100%)  Score: 10.1996,  Loss: -0.2156
Epoch 2553/5000: Time Est.: Elapsed[7.26h], Remain[39.19h]
=================================================================
Epoch 2554: Train (100%)  Score: 10.4003,  Loss: -0.2167
Epoch 2554/5000: Time Est.: Elapsed[7.27h], Remain[39.18h]
=================================================================
Epoch 2555: Train (100%)  Score: 10.0790,  Loss: -0.2122
Epoch 2555/5000: Time Est.: Elapsed[7.29h], Remain[39.16h]
=================================================================
Epoch 2556: Train (100%)  Score: 10.0754,  Loss: -0.2149
Epoch 2556/5000: Time Est.: Elapsed[7.30h], Remain[39.15h]
=================================================================
Epoch 2557: Train (100%)  Score: 9.9914,  Loss: -0.2106
Epoch 2557/5000: Time Est.: Elapsed[7.32h], Remain[39.13h]
=================================================================
Epoch 2558: Train (100%)  Score: 10.3294,  Loss: -0.2096
Epoch 2558/5000: Time Est.: Elapsed[7.34h], Remain[39.11h]
=================================================================
Epoch 2559: Train (100%)  Score: 10.0858,  Loss: -0.2142
Epoch 2559/5000: Time Est.: Elapsed[7.35h], Remain[39.10h]
=================================================================
Epoch 2560: Train (100%)  Score: 10.1265,  Loss: -0.2154
Epoch 2560/5000: Time Est.: Elapsed[7.37h], Remain[39.08h]
=================================================================
Epoch 2561: Train (100%)  Score: 10.2494,  Loss: -0.2166
Epoch 2561/5000: Time Est.: Elapsed[7.38h], Remain[39.06h]
=================================================================
Epoch 2562: Train (100%)  Score: 9.7154,  Loss: -0.2155
Epoch 2562/5000: Time Est.: Elapsed[7.40h], Remain[39.05h]
=================================================================
Epoch 2563: Train (100%)  Score: 10.0388,  Loss: -0.2123
Epoch 2563/5000: Time Est.: Elapsed[7.42h], Remain[39.03h]
=================================================================
Epoch 2564: Train (100%)  Score: 10.0931,  Loss: -0.2134
Epoch 2564/5000: Time Est.: Elapsed[7.43h], Remain[39.01h]
=================================================================
Epoch 2565: Train (100%)  Score: 10.3716,  Loss: -0.2124
Epoch 2565/5000: Time Est.: Elapsed[7.45h], Remain[39.00h]
=================================================================
Epoch 2566: Train (100%)  Score: 10.1151,  Loss: -0.2143
Epoch 2566/5000: Time Est.: Elapsed[7.46h], Remain[38.98h]
=================================================================
Epoch 2567: Train (100%)  Score: 10.2361,  Loss: -0.2156
Epoch 2567/5000: Time Est.: Elapsed[7.48h], Remain[38.96h]
=================================================================
Epoch 2568: Train (100%)  Score: 10.3517,  Loss: -0.2178
Epoch 2568/5000: Time Est.: Elapsed[7.50h], Remain[38.95h]
=================================================================
Epoch 2569: Train (100%)  Score: 10.1663,  Loss: -0.2181
Epoch 2569/5000: Time Est.: Elapsed[7.51h], Remain[38.93h]
=================================================================
Epoch 2570: Train (100%)  Score: 10.9256,  Loss: -0.2131
Epoch 2570/5000: Time Est.: Elapsed[7.53h], Remain[38.92h]
=================================================================
Epoch 2571: Train (100%)  Score: 10.5465,  Loss: -0.2122
Epoch 2571/5000: Time Est.: Elapsed[7.54h], Remain[38.90h]
=================================================================
Epoch 2572: Train (100%)  Score: 10.1151,  Loss: -0.2040
Epoch 2572/5000: Time Est.: Elapsed[7.56h], Remain[38.88h]
=================================================================
Epoch 2573: Train (100%)  Score: 10.1575,  Loss: -0.2074
Epoch 2573/5000: Time Est.: Elapsed[7.58h], Remain[38.87h]
=================================================================
Epoch 2574: Train (100%)  Score: 10.0342,  Loss: -0.2036
Epoch 2574/5000: Time Est.: Elapsed[7.59h], Remain[38.85h]
=================================================================
Epoch 2575: Train (100%)  Score: 10.1322,  Loss: -0.2118
Epoch 2575/5000: Time Est.: Elapsed[7.61h], Remain[38.83h]
=================================================================
>> Invalid instances, Re-generating ...
Epoch 2576: Train (100%)  Score: 10.2275,  Loss: -0.2158
Epoch 2576/5000: Time Est.: Elapsed[7.62h], Remain[38.82h]
=================================================================
Epoch 2577: Train (100%)  Score: 10.0477,  Loss: -0.2194
Epoch 2577/5000: Time Est.: Elapsed[7.64h], Remain[38.80h]
=================================================================
Epoch 2578: Train (100%)  Score: 9.7182,  Loss: -0.2065
Epoch 2578/5000: Time Est.: Elapsed[7.65h], Remain[38.78h]
=================================================================
Epoch 2579: Train (100%)  Score: 10.0415,  Loss: -0.2141
Epoch 2579/5000: Time Est.: Elapsed[7.67h], Remain[38.77h]
=================================================================
Epoch 2580: Train (100%)  Score: 10.2986,  Loss: -0.2129
Epoch 2580/5000: Time Est.: Elapsed[7.69h], Remain[38.75h]
=================================================================
Epoch 2581: Train (100%)  Score: 10.5807,  Loss: -0.2170
Epoch 2581/5000: Time Est.: Elapsed[7.70h], Remain[38.74h]
=================================================================
Epoch 2582: Train (100%)  Score: 9.6702,  Loss: -0.2123
Epoch 2582/5000: Time Est.: Elapsed[7.72h], Remain[38.72h]
=================================================================
Epoch 2583: Train (100%)  Score: 10.0340,  Loss: -0.2099
Epoch 2583/5000: Time Est.: Elapsed[7.73h], Remain[38.70h]
=================================================================
Epoch 2584: Train (100%)  Score: 9.8187,  Loss: -0.2115
Epoch 2584/5000: Time Est.: Elapsed[7.75h], Remain[38.69h]
=================================================================
Epoch 2585: Train (100%)  Score: 10.2221,  Loss: -0.2125
Epoch 2585/5000: Time Est.: Elapsed[7.77h], Remain[38.67h]
=================================================================
Epoch 2586: Train (100%)  Score: 10.2418,  Loss: -0.2121
Epoch 2586/5000: Time Est.: Elapsed[7.78h], Remain[38.66h]
=================================================================
Epoch 2587: Train (100%)  Score: 10.1894,  Loss: -0.2159
Epoch 2587/5000: Time Est.: Elapsed[7.80h], Remain[38.64h]
=================================================================
Epoch 2588: Train (100%)  Score: 9.9852,  Loss: -0.2114
Epoch 2588/5000: Time Est.: Elapsed[7.81h], Remain[38.63h]
=================================================================
Epoch 2589: Train (100%)  Score: 10.0557,  Loss: -0.2097
Epoch 2589/5000: Time Est.: Elapsed[7.83h], Remain[38.61h]
=================================================================
Epoch 2590: Train (100%)  Score: 10.3173,  Loss: -0.2178
Epoch 2590/5000: Time Est.: Elapsed[7.85h], Remain[38.59h]
=================================================================
Epoch 2591: Train (100%)  Score: 9.9352,  Loss: -0.2104
Epoch 2591/5000: Time Est.: Elapsed[7.86h], Remain[38.58h]
=================================================================
Epoch 2592: Train (100%)  Score: 10.0943,  Loss: -0.2102
Epoch 2592/5000: Time Est.: Elapsed[7.88h], Remain[38.56h]
=================================================================
Epoch 2593: Train (100%)  Score: 10.2136,  Loss: -0.2161
Epoch 2593/5000: Time Est.: Elapsed[7.89h], Remain[38.55h]
=================================================================
Epoch 2594: Train (100%)  Score: 10.2272,  Loss: -0.2164
Epoch 2594/5000: Time Est.: Elapsed[7.91h], Remain[38.53h]
=================================================================
Epoch 2595: Train (100%)  Score: 9.9868,  Loss: -0.2110
Epoch 2595/5000: Time Est.: Elapsed[7.93h], Remain[38.51h]
=================================================================
Epoch 2596: Train (100%)  Score: 10.3119,  Loss: -0.2145
Epoch 2596/5000: Time Est.: Elapsed[7.94h], Remain[38.50h]
=================================================================
Epoch 2597: Train (100%)  Score: 10.2410,  Loss: -0.2126
Epoch 2597/5000: Time Est.: Elapsed[7.96h], Remain[38.48h]
=================================================================
Epoch 2598: Train (100%)  Score: 10.3651,  Loss: -0.2101
Epoch 2598/5000: Time Est.: Elapsed[7.97h], Remain[38.46h]
=================================================================
Epoch 2599: Train (100%)  Score: 10.2126,  Loss: -0.2116
Epoch 2599/5000: Time Est.: Elapsed[7.99h], Remain[38.45h]
=================================================================
Epoch 2600: Train (100%)  Score: 9.9947,  Loss: -0.2115
Epoch 2600/5000: Time Est.: Elapsed[8.00h], Remain[38.38h]
Saving trained_model
=================================================================
Epoch 2601: Train (100%)  Score: 10.2127,  Loss: -0.2153
Epoch 2601/5000: Time Est.: Elapsed[8.02h], Remain[38.42h]
=================================================================
Epoch 2602: Train (100%)  Score: 9.9073,  Loss: -0.2047
Epoch 2602/5000: Time Est.: Elapsed[8.04h], Remain[38.40h]
=================================================================
Epoch 2603: Train (100%)  Score: 10.4259,  Loss: -0.2165
Epoch 2603/5000: Time Est.: Elapsed[8.06h], Remain[38.39h]
=================================================================
Epoch 2604: Train (100%)  Score: 10.2315,  Loss: -0.2136
Epoch 2604/5000: Time Est.: Elapsed[8.07h], Remain[38.37h]
=================================================================
Epoch 2605: Train (100%)  Score: 10.5455,  Loss: -0.2154
Epoch 2605/5000: Time Est.: Elapsed[8.09h], Remain[38.35h]
=================================================================
Epoch 2606: Train (100%)  Score: 9.8867,  Loss: -0.2138
Epoch 2606/5000: Time Est.: Elapsed[8.10h], Remain[38.34h]
=================================================================
Epoch 2607: Train (100%)  Score: 10.1615,  Loss: -0.2157
Epoch 2607/5000: Time Est.: Elapsed[8.12h], Remain[38.32h]
=================================================================
Epoch 2608: Train (100%)  Score: 10.0576,  Loss: -0.2148
Epoch 2608/5000: Time Est.: Elapsed[8.14h], Remain[38.31h]
=================================================================
Epoch 2609: Train (100%)  Score: 10.1779,  Loss: -0.2076
Epoch 2609/5000: Time Est.: Elapsed[8.15h], Remain[38.29h]
=================================================================
Epoch 2610: Train (100%)  Score: 10.1299,  Loss: -0.2121
Epoch 2610/5000: Time Est.: Elapsed[8.17h], Remain[38.27h]
=================================================================
Epoch 2611: Train (100%)  Score: 10.3109,  Loss: -0.2174
Epoch 2611/5000: Time Est.: Elapsed[8.18h], Remain[38.26h]
=================================================================
Epoch 2612: Train (100%)  Score: 10.2929,  Loss: -0.2106
Epoch 2612/5000: Time Est.: Elapsed[8.20h], Remain[38.24h]
=================================================================
Epoch 2613: Train (100%)  Score: 10.2439,  Loss: -0.2127
Epoch 2613/5000: Time Est.: Elapsed[8.22h], Remain[38.23h]
=================================================================
Epoch 2614: Train (100%)  Score: 10.0772,  Loss: -0.2142
Epoch 2614/5000: Time Est.: Elapsed[8.23h], Remain[38.21h]
=================================================================
Epoch 2615: Train (100%)  Score: 10.3395,  Loss: -0.2094
Epoch 2615/5000: Time Est.: Elapsed[8.25h], Remain[38.19h]
=================================================================
Epoch 2616: Train (100%)  Score: 10.1505,  Loss: -0.2090
Epoch 2616/5000: Time Est.: Elapsed[8.26h], Remain[38.18h]
=================================================================
Epoch 2617: Train (100%)  Score: 9.6213,  Loss: -0.2093
Epoch 2617/5000: Time Est.: Elapsed[8.28h], Remain[38.16h]
=================================================================
Epoch 2618: Train (100%)  Score: 10.1799,  Loss: -0.2101
Epoch 2618/5000: Time Est.: Elapsed[8.29h], Remain[38.14h]
=================================================================
Epoch 2619: Train (100%)  Score: 10.2068,  Loss: -0.2086
Epoch 2619/5000: Time Est.: Elapsed[8.31h], Remain[38.13h]
=================================================================
Epoch 2620: Train (100%)  Score: 10.3982,  Loss: -0.2133
Epoch 2620/5000: Time Est.: Elapsed[8.33h], Remain[38.11h]
=================================================================
Epoch 2621: Train (100%)  Score: 9.9705,  Loss: -0.2144
Epoch 2621/5000: Time Est.: Elapsed[8.34h], Remain[38.09h]
=================================================================
Epoch 2622: Train (100%)  Score: 10.2774,  Loss: -0.2076
Epoch 2622/5000: Time Est.: Elapsed[8.36h], Remain[38.08h]
=================================================================
Epoch 2623: Train (100%)  Score: 10.0503,  Loss: -0.2194
Epoch 2623/5000: Time Est.: Elapsed[8.37h], Remain[38.06h]
=================================================================
Epoch 2624: Train (100%)  Score: 10.2785,  Loss: -0.2143
Epoch 2624/5000: Time Est.: Elapsed[8.39h], Remain[38.05h]
=================================================================
Epoch 2625: Train (100%)  Score: 10.3478,  Loss: -0.2146
Epoch 2625/5000: Time Est.: Elapsed[8.41h], Remain[38.03h]
=================================================================
Epoch 2626: Train (100%)  Score: 9.7214,  Loss: -0.2135
Epoch 2626/5000: Time Est.: Elapsed[8.42h], Remain[38.01h]
=================================================================
Epoch 2627: Train (100%)  Score: 10.0164,  Loss: -0.2104
Epoch 2627/5000: Time Est.: Elapsed[8.44h], Remain[38.00h]
=================================================================
Epoch 2628: Train (100%)  Score: 10.0964,  Loss: -0.2142
Epoch 2628/5000: Time Est.: Elapsed[8.45h], Remain[37.98h]
=================================================================
Epoch 2629: Train (100%)  Score: 10.1249,  Loss: -0.2037
Epoch 2629/5000: Time Est.: Elapsed[8.47h], Remain[37.97h]
=================================================================
Epoch 2630: Train (100%)  Score: 10.4298,  Loss: -0.2129
Epoch 2630/5000: Time Est.: Elapsed[8.49h], Remain[37.95h]
=================================================================
Epoch 2631: Train (100%)  Score: 10.3857,  Loss: -0.2113
Epoch 2631/5000: Time Est.: Elapsed[8.50h], Remain[37.93h]
=================================================================
Epoch 2632: Train (100%)  Score: 10.4678,  Loss: -0.2185
Epoch 2632/5000: Time Est.: Elapsed[8.52h], Remain[37.92h]
=================================================================
Epoch 2633: Train (100%)  Score: 10.1559,  Loss: -0.2143
Epoch 2633/5000: Time Est.: Elapsed[8.53h], Remain[37.90h]
=================================================================
Epoch 2634: Train (100%)  Score: 9.7215,  Loss: -0.2076
Epoch 2634/5000: Time Est.: Elapsed[8.55h], Remain[37.88h]
=================================================================
Epoch 2635: Train (100%)  Score: 9.9843,  Loss: -0.2154
Epoch 2635/5000: Time Est.: Elapsed[8.57h], Remain[37.87h]
=================================================================
Epoch 2636: Train (100%)  Score: 10.2797,  Loss: -0.2137
Epoch 2636/5000: Time Est.: Elapsed[8.58h], Remain[37.85h]
=================================================================
Epoch 2637: Train (100%)  Score: 10.0729,  Loss: -0.2109
Epoch 2637/5000: Time Est.: Elapsed[8.60h], Remain[37.84h]
=================================================================
Epoch 2638: Train (100%)  Score: 10.0820,  Loss: -0.2070
Epoch 2638/5000: Time Est.: Elapsed[8.61h], Remain[37.82h]
=================================================================
Epoch 2639: Train (100%)  Score: 9.9740,  Loss: -0.2125
Epoch 2639/5000: Time Est.: Elapsed[8.63h], Remain[37.80h]
=================================================================
Epoch 2640: Train (100%)  Score: 10.2037,  Loss: -0.2077
Epoch 2640/5000: Time Est.: Elapsed[8.65h], Remain[37.79h]
=================================================================
Epoch 2641: Train (100%)  Score: 10.2428,  Loss: -0.2169
Epoch 2641/5000: Time Est.: Elapsed[8.66h], Remain[37.77h]
=================================================================
Epoch 2642: Train (100%)  Score: 10.2968,  Loss: -0.2078
Epoch 2642/5000: Time Est.: Elapsed[8.68h], Remain[37.75h]
=================================================================
Epoch 2643: Train (100%)  Score: 9.9073,  Loss: -0.2117
Epoch 2643/5000: Time Est.: Elapsed[8.69h], Remain[37.74h]
=================================================================
Epoch 2644: Train (100%)  Score: 10.2277,  Loss: -0.2144
Epoch 2644/5000: Time Est.: Elapsed[8.71h], Remain[37.72h]
=================================================================
Epoch 2645: Train (100%)  Score: 10.0503,  Loss: -0.2090
Epoch 2645/5000: Time Est.: Elapsed[8.73h], Remain[37.70h]
=================================================================
Epoch 2646: Train (100%)  Score: 10.2567,  Loss: -0.2082
Epoch 2646/5000: Time Est.: Elapsed[8.74h], Remain[37.69h]
=================================================================
Epoch 2647: Train (100%)  Score: 10.0868,  Loss: -0.2082
Epoch 2647/5000: Time Est.: Elapsed[8.76h], Remain[37.67h]
=================================================================
Epoch 2648: Train (100%)  Score: 10.3877,  Loss: -0.2130
Epoch 2648/5000: Time Est.: Elapsed[8.77h], Remain[37.66h]
=================================================================
Epoch 2649: Train (100%)  Score: 9.8476,  Loss: -0.2102
Epoch 2649/5000: Time Est.: Elapsed[8.79h], Remain[37.64h]
=================================================================
Epoch 2650: Train (100%)  Score: 10.3709,  Loss: -0.2178
Epoch 2650/5000: Time Est.: Elapsed[8.81h], Remain[37.62h]
=================================================================
Epoch 2651: Train (100%)  Score: 10.4573,  Loss: -0.2181
Epoch 2651/5000: Time Est.: Elapsed[8.82h], Remain[37.61h]
=================================================================
Epoch 2652: Train (100%)  Score: 10.2546,  Loss: -0.2141
Epoch 2652/5000: Time Est.: Elapsed[8.84h], Remain[37.59h]
=================================================================
Epoch 2653: Train (100%)  Score: 9.9245,  Loss: -0.2103
Epoch 2653/5000: Time Est.: Elapsed[8.85h], Remain[37.58h]
=================================================================
Epoch 2654: Train (100%)  Score: 10.0622,  Loss: -0.2186
Epoch 2654/5000: Time Est.: Elapsed[8.87h], Remain[37.56h]
=================================================================
Epoch 2655: Train (100%)  Score: 10.0344,  Loss: -0.2122
Epoch 2655/5000: Time Est.: Elapsed[8.89h], Remain[37.54h]
=================================================================
Epoch 2656: Train (100%)  Score: 9.9234,  Loss: -0.2051
Epoch 2656/5000: Time Est.: Elapsed[8.90h], Remain[37.53h]
=================================================================
Epoch 2657: Train (100%)  Score: 9.9961,  Loss: -0.2139
Epoch 2657/5000: Time Est.: Elapsed[8.92h], Remain[37.51h]
=================================================================
Epoch 2658: Train (100%)  Score: 9.9366,  Loss: -0.2078
Epoch 2658/5000: Time Est.: Elapsed[8.93h], Remain[37.50h]
=================================================================
Epoch 2659: Train (100%)  Score: 10.0742,  Loss: -0.2118
Epoch 2659/5000: Time Est.: Elapsed[8.95h], Remain[37.48h]
=================================================================
Epoch 2660: Train (100%)  Score: 10.6453,  Loss: -0.2186
Epoch 2660/5000: Time Est.: Elapsed[8.97h], Remain[37.46h]
=================================================================
Epoch 2661: Train (100%)  Score: 9.8502,  Loss: -0.2094
Epoch 2661/5000: Time Est.: Elapsed[8.98h], Remain[37.45h]
=================================================================
Epoch 2662: Train (100%)  Score: 9.7676,  Loss: -0.2072
Epoch 2662/5000: Time Est.: Elapsed[9.00h], Remain[37.43h]
=================================================================
Epoch 2663: Train (100%)  Score: 9.8607,  Loss: -0.2114
Epoch 2663/5000: Time Est.: Elapsed[9.01h], Remain[37.41h]
=================================================================
Epoch 2664: Train (100%)  Score: 9.6722,  Loss: -0.2080
Epoch 2664/5000: Time Est.: Elapsed[9.03h], Remain[37.40h]
=================================================================
Epoch 2665: Train (100%)  Score: 10.1860,  Loss: -0.2132
Epoch 2665/5000: Time Est.: Elapsed[9.05h], Remain[37.38h]
=================================================================
Epoch 2666: Train (100%)  Score: 10.1342,  Loss: -0.2138
Epoch 2666/5000: Time Est.: Elapsed[9.06h], Remain[37.37h]
=================================================================
Epoch 2667: Train (100%)  Score: 10.1895,  Loss: -0.2094
Epoch 2667/5000: Time Est.: Elapsed[9.08h], Remain[37.35h]
=================================================================
Epoch 2668: Train (100%)  Score: 10.2669,  Loss: -0.2160
Epoch 2668/5000: Time Est.: Elapsed[9.09h], Remain[37.33h]
=================================================================
Epoch 2669: Train (100%)  Score: 10.1975,  Loss: -0.2153
Epoch 2669/5000: Time Est.: Elapsed[9.11h], Remain[37.32h]
=================================================================
Epoch 2670: Train (100%)  Score: 10.3505,  Loss: -0.2099
Epoch 2670/5000: Time Est.: Elapsed[9.13h], Remain[37.30h]
=================================================================
Epoch 2671: Train (100%)  Score: 9.8596,  Loss: -0.2169
Epoch 2671/5000: Time Est.: Elapsed[9.14h], Remain[37.29h]
=================================================================
Epoch 2672: Train (100%)  Score: 9.9092,  Loss: -0.2049
Epoch 2672/5000: Time Est.: Elapsed[9.16h], Remain[37.27h]
=================================================================
Epoch 2673: Train (100%)  Score: 9.9667,  Loss: -0.2110
Epoch 2673/5000: Time Est.: Elapsed[9.17h], Remain[37.25h]
=================================================================
Epoch 2674: Train (100%)  Score: 9.6981,  Loss: -0.2095
Epoch 2674/5000: Time Est.: Elapsed[9.19h], Remain[37.24h]
=================================================================
Epoch 2675: Train (100%)  Score: 9.8532,  Loss: -0.2054
Epoch 2675/5000: Time Est.: Elapsed[9.20h], Remain[37.22h]
=================================================================
Epoch 2676: Train (100%)  Score: 10.2505,  Loss: -0.2097
Epoch 2676/5000: Time Est.: Elapsed[9.22h], Remain[37.20h]
=================================================================
Epoch 2677: Train (100%)  Score: 10.0497,  Loss: -0.2125
Epoch 2677/5000: Time Est.: Elapsed[9.24h], Remain[37.19h]
=================================================================
Epoch 2678: Train (100%)  Score: 10.3337,  Loss: -0.2149
Epoch 2678/5000: Time Est.: Elapsed[9.25h], Remain[37.17h]
=================================================================
Epoch 2679: Train (100%)  Score: 9.5888,  Loss: -0.2080
Epoch 2679/5000: Time Est.: Elapsed[9.27h], Remain[37.15h]
=================================================================
Epoch 2680: Train (100%)  Score: 9.6855,  Loss: -0.2139
Epoch 2680/5000: Time Est.: Elapsed[9.28h], Remain[37.14h]
=================================================================
Epoch 2681: Train (100%)  Score: 10.5233,  Loss: -0.2160
Epoch 2681/5000: Time Est.: Elapsed[9.30h], Remain[37.12h]
=================================================================
Epoch 2682: Train (100%)  Score: 10.2448,  Loss: -0.2138
Epoch 2682/5000: Time Est.: Elapsed[9.32h], Remain[37.11h]
=================================================================
Epoch 2683: Train (100%)  Score: 10.3948,  Loss: -0.2143
Epoch 2683/5000: Time Est.: Elapsed[9.33h], Remain[37.09h]
=================================================================
Epoch 2684: Train (100%)  Score: 9.9576,  Loss: -0.2115
Epoch 2684/5000: Time Est.: Elapsed[9.35h], Remain[37.07h]
=================================================================
Epoch 2685: Train (100%)  Score: 9.7385,  Loss: -0.2129
Epoch 2685/5000: Time Est.: Elapsed[9.36h], Remain[37.06h]
=================================================================
Epoch 2686: Train (100%)  Score: 10.4968,  Loss: -0.2192
Epoch 2686/5000: Time Est.: Elapsed[9.38h], Remain[37.04h]
=================================================================
Epoch 2687: Train (100%)  Score: 9.9739,  Loss: -0.2088
Epoch 2687/5000: Time Est.: Elapsed[9.40h], Remain[37.03h]
=================================================================
Epoch 2688: Train (100%)  Score: 10.0265,  Loss: -0.2086
Epoch 2688/5000: Time Est.: Elapsed[9.41h], Remain[37.01h]
=================================================================
Epoch 2689: Train (100%)  Score: 10.2149,  Loss: -0.2125
Epoch 2689/5000: Time Est.: Elapsed[9.43h], Remain[36.99h]
=================================================================
Epoch 2690: Train (100%)  Score: 9.8088,  Loss: -0.2037
Epoch 2690/5000: Time Est.: Elapsed[9.44h], Remain[36.98h]
=================================================================
Epoch 2691: Train (100%)  Score: 10.0646,  Loss: -0.2112
Epoch 2691/5000: Time Est.: Elapsed[9.46h], Remain[36.96h]
=================================================================
Epoch 2692: Train (100%)  Score: 10.1134,  Loss: -0.2109
Epoch 2692/5000: Time Est.: Elapsed[9.48h], Remain[36.94h]
=================================================================
Epoch 2693: Train (100%)  Score: 10.0615,  Loss: -0.2087
Epoch 2693/5000: Time Est.: Elapsed[9.49h], Remain[36.93h]
=================================================================
Epoch 2694: Train (100%)  Score: 10.3110,  Loss: -0.2081
Epoch 2694/5000: Time Est.: Elapsed[9.51h], Remain[36.91h]
=================================================================
Epoch 2695: Train (100%)  Score: 10.0624,  Loss: -0.2091
Epoch 2695/5000: Time Est.: Elapsed[9.52h], Remain[36.90h]
=================================================================
Epoch 2696: Train (100%)  Score: 10.5028,  Loss: -0.2181
Epoch 2696/5000: Time Est.: Elapsed[9.54h], Remain[36.88h]
=================================================================
Epoch 2697: Train (100%)  Score: 10.0693,  Loss: -0.2132
Epoch 2697/5000: Time Est.: Elapsed[9.56h], Remain[36.86h]
=================================================================
Epoch 2698: Train (100%)  Score: 10.1656,  Loss: -0.2126
Epoch 2698/5000: Time Est.: Elapsed[9.57h], Remain[36.85h]
=================================================================
Epoch 2699: Train (100%)  Score: 9.9007,  Loss: -0.2144
Epoch 2699/5000: Time Est.: Elapsed[9.59h], Remain[36.83h]
=================================================================
Epoch 2700: Train (100%)  Score: 10.4287,  Loss: -0.2152
Epoch 2700/5000: Time Est.: Elapsed[9.60h], Remain[36.81h]
Saving trained_model
=================================================================
Epoch 2701: Train (100%)  Score: 10.1771,  Loss: -0.2072
Epoch 2701/5000: Time Est.: Elapsed[9.62h], Remain[36.80h]
=================================================================
Epoch 2702: Train (100%)  Score: 10.2200,  Loss: -0.2085
Epoch 2702/5000: Time Est.: Elapsed[9.64h], Remain[36.78h]
=================================================================
Epoch 2703: Train (100%)  Score: 10.2267,  Loss: -0.2083
Epoch 2703/5000: Time Est.: Elapsed[9.65h], Remain[36.77h]
=================================================================
Epoch 2704: Train (100%)  Score: 10.3937,  Loss: -0.2106
Epoch 2704/5000: Time Est.: Elapsed[9.67h], Remain[36.75h]
=================================================================
Epoch 2705: Train (100%)  Score: 10.2293,  Loss: -0.2078
Epoch 2705/5000: Time Est.: Elapsed[9.68h], Remain[36.73h]
=================================================================
Epoch 2706: Train (100%)  Score: 10.1443,  Loss: -0.2117
Epoch 2706/5000: Time Est.: Elapsed[9.70h], Remain[36.72h]
=================================================================
Epoch 2707: Train (100%)  Score: 9.9399,  Loss: -0.2165
Epoch 2707/5000: Time Est.: Elapsed[9.72h], Remain[36.70h]
=================================================================
Epoch 2708: Train (100%)  Score: 10.3899,  Loss: -0.2078
Epoch 2708/5000: Time Est.: Elapsed[9.73h], Remain[36.68h]
=================================================================
Epoch 2709: Train (100%)  Score: 9.9873,  Loss: -0.2122
Epoch 2709/5000: Time Est.: Elapsed[9.75h], Remain[36.67h]
=================================================================
Epoch 2710: Train (100%)  Score: 9.9682,  Loss: -0.2130
Epoch 2710/5000: Time Est.: Elapsed[9.76h], Remain[36.65h]
=================================================================
Epoch 2711: Train (100%)  Score: 10.1681,  Loss: -0.2108
Epoch 2711/5000: Time Est.: Elapsed[9.78h], Remain[36.64h]
=================================================================
Epoch 2712: Train (100%)  Score: 10.3022,  Loss: -0.2128
Epoch 2712/5000: Time Est.: Elapsed[9.80h], Remain[36.62h]
=================================================================
Epoch 2713: Train (100%)  Score: 10.6717,  Loss: -0.2154
Epoch 2713/5000: Time Est.: Elapsed[9.81h], Remain[36.60h]
=================================================================
Epoch 2714: Train (100%)  Score: 10.0181,  Loss: -0.2094
Epoch 2714/5000: Time Est.: Elapsed[9.83h], Remain[36.59h]
=================================================================
Epoch 2715: Train (100%)  Score: 10.1207,  Loss: -0.2062
Epoch 2715/5000: Time Est.: Elapsed[9.84h], Remain[36.57h]
=================================================================
Epoch 2716: Train (100%)  Score: 9.8484,  Loss: -0.2163
Epoch 2716/5000: Time Est.: Elapsed[9.86h], Remain[36.55h]
=================================================================
Epoch 2717: Train (100%)  Score: 10.3951,  Loss: -0.2146
Epoch 2717/5000: Time Est.: Elapsed[9.87h], Remain[36.54h]
=================================================================
Epoch 2718: Train (100%)  Score: 10.2527,  Loss: -0.2116
Epoch 2718/5000: Time Est.: Elapsed[9.89h], Remain[36.52h]
=================================================================
Epoch 2719: Train (100%)  Score: 10.2114,  Loss: -0.2101
Epoch 2719/5000: Time Est.: Elapsed[9.91h], Remain[36.50h]
=================================================================
Epoch 2720: Train (100%)  Score: 9.7850,  Loss: -0.2092
Epoch 2720/5000: Time Est.: Elapsed[9.92h], Remain[36.49h]
=================================================================
Epoch 2721: Train (100%)  Score: 10.3081,  Loss: -0.2165
Epoch 2721/5000: Time Est.: Elapsed[9.94h], Remain[36.47h]
=================================================================
Epoch 2722: Train (100%)  Score: 9.8847,  Loss: -0.2137
Epoch 2722/5000: Time Est.: Elapsed[9.95h], Remain[36.45h]
=================================================================
Epoch 2723: Train (100%)  Score: 10.2474,  Loss: -0.2157
Epoch 2723/5000: Time Est.: Elapsed[9.97h], Remain[36.44h]
=================================================================
Epoch 2724: Train (100%)  Score: 10.3007,  Loss: -0.2081
Epoch 2724/5000: Time Est.: Elapsed[9.98h], Remain[36.42h]
=================================================================
Epoch 2725: Train (100%)  Score: 10.2051,  Loss: -0.2154
Epoch 2725/5000: Time Est.: Elapsed[10.00h], Remain[36.40h]
=================================================================
Epoch 2726: Train (100%)  Score: 9.9279,  Loss: -0.2095
Epoch 2726/5000: Time Est.: Elapsed[10.02h], Remain[36.39h]
=================================================================
Epoch 2727: Train (100%)  Score: 10.4317,  Loss: -0.2100
Epoch 2727/5000: Time Est.: Elapsed[10.03h], Remain[36.37h]
=================================================================
Epoch 2728: Train (100%)  Score: 10.1122,  Loss: -0.2112
Epoch 2728/5000: Time Est.: Elapsed[10.05h], Remain[36.35h]
=================================================================
Epoch 2729: Train (100%)  Score: 10.6467,  Loss: -0.2152
Epoch 2729/5000: Time Est.: Elapsed[10.06h], Remain[36.34h]
=================================================================
Epoch 2730: Train (100%)  Score: 10.0095,  Loss: -0.2119
Epoch 2730/5000: Time Est.: Elapsed[10.08h], Remain[36.32h]
=================================================================
Epoch 2731: Train (100%)  Score: 10.0062,  Loss: -0.2117
Epoch 2731/5000: Time Est.: Elapsed[10.10h], Remain[36.30h]
=================================================================
Epoch 2732: Train (100%)  Score: 10.1096,  Loss: -0.2104
Epoch 2732/5000: Time Est.: Elapsed[10.11h], Remain[36.29h]
=================================================================
Epoch 2733: Train (100%)  Score: 10.1006,  Loss: -0.2127
Epoch 2733/5000: Time Est.: Elapsed[10.13h], Remain[36.27h]
=================================================================
Epoch 2734: Train (100%)  Score: 9.9050,  Loss: -0.2081
Epoch 2734/5000: Time Est.: Elapsed[10.14h], Remain[36.26h]
=================================================================
Epoch 2735: Train (100%)  Score: 10.4713,  Loss: -0.2106
Epoch 2735/5000: Time Est.: Elapsed[10.16h], Remain[36.24h]
=================================================================
Epoch 2736: Train (100%)  Score: 9.9373,  Loss: -0.2049
Epoch 2736/5000: Time Est.: Elapsed[10.18h], Remain[36.22h]
=================================================================
Epoch 2737: Train (100%)  Score: 10.1225,  Loss: -0.2137
Epoch 2737/5000: Time Est.: Elapsed[10.19h], Remain[36.21h]
=================================================================
Epoch 2738: Train (100%)  Score: 10.2484,  Loss: -0.2147
Epoch 2738/5000: Time Est.: Elapsed[10.21h], Remain[36.19h]
=================================================================
Epoch 2739: Train (100%)  Score: 10.2702,  Loss: -0.2145
Epoch 2739/5000: Time Est.: Elapsed[10.22h], Remain[36.17h]
=================================================================
Epoch 2740: Train (100%)  Score: 10.2839,  Loss: -0.2135
Epoch 2740/5000: Time Est.: Elapsed[10.24h], Remain[36.16h]
=================================================================
Epoch 2741: Train (100%)  Score: 10.0661,  Loss: -0.2130
Epoch 2741/5000: Time Est.: Elapsed[10.26h], Remain[36.14h]
=================================================================
Epoch 2742: Train (100%)  Score: 10.1387,  Loss: -0.2166
Epoch 2742/5000: Time Est.: Elapsed[10.27h], Remain[36.13h]
=================================================================
Epoch 2743: Train (100%)  Score: 10.0676,  Loss: -0.2156
Epoch 2743/5000: Time Est.: Elapsed[10.29h], Remain[36.11h]
=================================================================
Epoch 2744: Train (100%)  Score: 9.9596,  Loss: -0.2172
Epoch 2744/5000: Time Est.: Elapsed[10.30h], Remain[36.09h]
=================================================================
Epoch 2745: Train (100%)  Score: 10.1961,  Loss: -0.2082
Epoch 2745/5000: Time Est.: Elapsed[10.32h], Remain[36.08h]
=================================================================
Epoch 2746: Train (100%)  Score: 10.3006,  Loss: -0.2150
Epoch 2746/5000: Time Est.: Elapsed[10.33h], Remain[36.06h]
=================================================================
Epoch 2747: Train (100%)  Score: 9.7419,  Loss: -0.2116
Epoch 2747/5000: Time Est.: Elapsed[10.35h], Remain[36.05h]
=================================================================
Epoch 2748: Train (100%)  Score: 10.0808,  Loss: -0.2098
Epoch 2748/5000: Time Est.: Elapsed[10.37h], Remain[36.03h]
=================================================================
Epoch 2749: Train (100%)  Score: 10.2317,  Loss: -0.2131
Epoch 2749/5000: Time Est.: Elapsed[10.38h], Remain[36.01h]
=================================================================
Epoch 2750: Train (100%)  Score: 10.0483,  Loss: -0.2189
Epoch 2750/5000: Time Est.: Elapsed[10.40h], Remain[36.00h]
=================================================================
Epoch 2751: Train (100%)  Score: 10.0678,  Loss: -0.2055
Epoch 2751/5000: Time Est.: Elapsed[10.41h], Remain[35.98h]
=================================================================
Epoch 2752: Train (100%)  Score: 10.0738,  Loss: -0.2077
Epoch 2752/5000: Time Est.: Elapsed[10.43h], Remain[35.96h]
=================================================================
Epoch 2753: Train (100%)  Score: 9.9671,  Loss: -0.2096
Epoch 2753/5000: Time Est.: Elapsed[10.45h], Remain[35.95h]
=================================================================
Epoch 2754: Train (100%)  Score: 10.9291,  Loss: -0.2173
Epoch 2754/5000: Time Est.: Elapsed[10.46h], Remain[35.93h]
=================================================================
Epoch 2755: Train (100%)  Score: 10.1320,  Loss: -0.2073
Epoch 2755/5000: Time Est.: Elapsed[10.48h], Remain[35.92h]
=================================================================
Epoch 2756: Train (100%)  Score: 9.9215,  Loss: -0.2098
Epoch 2756/5000: Time Est.: Elapsed[10.49h], Remain[35.90h]
=================================================================
Epoch 2757: Train (100%)  Score: 10.2093,  Loss: -0.2103
Epoch 2757/5000: Time Est.: Elapsed[10.51h], Remain[35.88h]
=================================================================
Epoch 2758: Train (100%)  Score: 9.9694,  Loss: -0.2079
Epoch 2758/5000: Time Est.: Elapsed[10.53h], Remain[35.87h]
=================================================================
Epoch 2759: Train (100%)  Score: 10.0342,  Loss: -0.2123
Epoch 2759/5000: Time Est.: Elapsed[10.54h], Remain[35.85h]
=================================================================
Epoch 2760: Train (100%)  Score: 9.7997,  Loss: -0.2071
Epoch 2760/5000: Time Est.: Elapsed[10.56h], Remain[35.83h]
=================================================================
Epoch 2761: Train (100%)  Score: 9.8117,  Loss: -0.2137
Epoch 2761/5000: Time Est.: Elapsed[10.57h], Remain[35.82h]
=================================================================
Epoch 2762: Train (100%)  Score: 10.0532,  Loss: -0.2063
Epoch 2762/5000: Time Est.: Elapsed[10.59h], Remain[35.80h]
=================================================================
Epoch 2763: Train (100%)  Score: 10.0189,  Loss: -0.2111
Epoch 2763/5000: Time Est.: Elapsed[10.61h], Remain[35.78h]
=================================================================
Epoch 2764: Train (100%)  Score: 9.9466,  Loss: -0.2065
Epoch 2764/5000: Time Est.: Elapsed[10.62h], Remain[35.77h]
=================================================================
Epoch 2765: Train (100%)  Score: 10.1391,  Loss: -0.2119
Epoch 2765/5000: Time Est.: Elapsed[10.64h], Remain[35.75h]
=================================================================
Epoch 2766: Train (100%)  Score: 10.1447,  Loss: -0.2134
Epoch 2766/5000: Time Est.: Elapsed[10.65h], Remain[35.74h]
=================================================================
Epoch 2767: Train (100%)  Score: 10.1089,  Loss: -0.2102
Epoch 2767/5000: Time Est.: Elapsed[10.67h], Remain[35.72h]
=================================================================
Epoch 2768: Train (100%)  Score: 10.4431,  Loss: -0.2126
Epoch 2768/5000: Time Est.: Elapsed[10.69h], Remain[35.70h]
=================================================================
Epoch 2769: Train (100%)  Score: 10.0132,  Loss: -0.2060
Epoch 2769/5000: Time Est.: Elapsed[10.70h], Remain[35.69h]
=================================================================
Epoch 2770: Train (100%)  Score: 10.3498,  Loss: -0.2108
Epoch 2770/5000: Time Est.: Elapsed[10.72h], Remain[35.67h]
=================================================================
Epoch 2771: Train (100%)  Score: 9.8062,  Loss: -0.2099
Epoch 2771/5000: Time Est.: Elapsed[10.73h], Remain[35.66h]
=================================================================
Epoch 2772: Train (100%)  Score: 10.0230,  Loss: -0.2081
Epoch 2772/5000: Time Est.: Elapsed[10.75h], Remain[35.64h]
=================================================================
Epoch 2773: Train (100%)  Score: 10.1224,  Loss: -0.2121
Epoch 2773/5000: Time Est.: Elapsed[10.77h], Remain[35.62h]
=================================================================
Epoch 2774: Train (100%)  Score: 9.8779,  Loss: -0.2099
Epoch 2774/5000: Time Est.: Elapsed[10.78h], Remain[35.61h]
=================================================================
Epoch 2775: Train (100%)  Score: 9.8198,  Loss: -0.2116
Epoch 2775/5000: Time Est.: Elapsed[10.80h], Remain[35.59h]
=================================================================
Epoch 2776: Train (100%)  Score: 10.1266,  Loss: -0.2077
Epoch 2776/5000: Time Est.: Elapsed[10.81h], Remain[35.57h]
=================================================================
Epoch 2777: Train (100%)  Score: 10.2596,  Loss: -0.2131
Epoch 2777/5000: Time Est.: Elapsed[10.83h], Remain[35.56h]
=================================================================
Epoch 2778: Train (100%)  Score: 10.4109,  Loss: -0.2088
Epoch 2778/5000: Time Est.: Elapsed[10.85h], Remain[35.54h]
=================================================================
Epoch 2779: Train (100%)  Score: 9.8673,  Loss: -0.2060
Epoch 2779/5000: Time Est.: Elapsed[10.86h], Remain[35.53h]
=================================================================
Epoch 2780: Train (100%)  Score: 10.4926,  Loss: -0.2106
Epoch 2780/5000: Time Est.: Elapsed[10.88h], Remain[35.51h]
=================================================================
Epoch 2781: Train (100%)  Score: 9.8838,  Loss: -0.2094
Epoch 2781/5000: Time Est.: Elapsed[10.89h], Remain[35.49h]
=================================================================
Epoch 2782: Train (100%)  Score: 10.0643,  Loss: -0.2099
Epoch 2782/5000: Time Est.: Elapsed[10.91h], Remain[35.48h]
=================================================================
Epoch 2783: Train (100%)  Score: 10.0990,  Loss: -0.2127
Epoch 2783/5000: Time Est.: Elapsed[10.92h], Remain[35.46h]
=================================================================
Epoch 2784: Train (100%)  Score: 10.5979,  Loss: -0.2097
Epoch 2784/5000: Time Est.: Elapsed[10.94h], Remain[35.44h]
=================================================================
Epoch 2785: Train (100%)  Score: 10.1993,  Loss: -0.2139
Epoch 2785/5000: Time Est.: Elapsed[10.96h], Remain[35.43h]
=================================================================
Epoch 2786: Train (100%)  Score: 9.8692,  Loss: -0.2085
Epoch 2786/5000: Time Est.: Elapsed[10.97h], Remain[35.41h]
=================================================================
Epoch 2787: Train (100%)  Score: 9.9816,  Loss: -0.2085
Epoch 2787/5000: Time Est.: Elapsed[10.99h], Remain[35.40h]
=================================================================
Epoch 2788: Train (100%)  Score: 10.3864,  Loss: -0.2136
Epoch 2788/5000: Time Est.: Elapsed[11.00h], Remain[35.38h]
=================================================================
Epoch 2789: Train (100%)  Score: 10.2690,  Loss: -0.2121
Epoch 2789/5000: Time Est.: Elapsed[11.02h], Remain[35.36h]
=================================================================
Epoch 2790: Train (100%)  Score: 10.2895,  Loss: -0.2104
Epoch 2790/5000: Time Est.: Elapsed[11.04h], Remain[35.35h]
=================================================================
Epoch 2791: Train (100%)  Score: 10.1475,  Loss: -0.2091
Epoch 2791/5000: Time Est.: Elapsed[11.05h], Remain[35.33h]
=================================================================
Epoch 2792: Train (100%)  Score: 10.1278,  Loss: -0.2076
Epoch 2792/5000: Time Est.: Elapsed[11.07h], Remain[35.31h]
=================================================================
Epoch 2793: Train (100%)  Score: 10.1699,  Loss: -0.2090
Epoch 2793/5000: Time Est.: Elapsed[11.08h], Remain[35.30h]
=================================================================
Epoch 2794: Train (100%)  Score: 9.8398,  Loss: -0.2071
Epoch 2794/5000: Time Est.: Elapsed[11.10h], Remain[35.28h]
=================================================================
Epoch 2795: Train (100%)  Score: 10.1830,  Loss: -0.2095
Epoch 2795/5000: Time Est.: Elapsed[11.12h], Remain[35.27h]
=================================================================
Epoch 2796: Train (100%)  Score: 10.2732,  Loss: -0.2134
Epoch 2796/5000: Time Est.: Elapsed[11.13h], Remain[35.25h]
=================================================================
Epoch 2797: Train (100%)  Score: 10.3922,  Loss: -0.2087
Epoch 2797/5000: Time Est.: Elapsed[11.15h], Remain[35.23h]
=================================================================
Epoch 2798: Train (100%)  Score: 10.1210,  Loss: -0.2132
Epoch 2798/5000: Time Est.: Elapsed[11.16h], Remain[35.22h]
=================================================================
Epoch 2799: Train (100%)  Score: 10.0202,  Loss: -0.2080
Epoch 2799/5000: Time Est.: Elapsed[11.18h], Remain[35.20h]
=================================================================
Epoch 2800: Train (100%)  Score: 10.0336,  Loss: -0.2070
Epoch 2800/5000: Time Est.: Elapsed[11.19h], Remain[35.18h]
Saving trained_model
=================================================================
Epoch 2801: Train (100%)  Score: 10.0781,  Loss: -0.2110
Epoch 2801/5000: Time Est.: Elapsed[11.21h], Remain[35.17h]
=================================================================
Epoch 2802: Train (100%)  Score: 9.8774,  Loss: -0.2065
Epoch 2802/5000: Time Est.: Elapsed[11.23h], Remain[35.15h]
=================================================================
Epoch 2803: Train (100%)  Score: 10.4254,  Loss: -0.2124
Epoch 2803/5000: Time Est.: Elapsed[11.24h], Remain[35.14h]
=================================================================
Epoch 2804: Train (100%)  Score: 10.3080,  Loss: -0.2120
Epoch 2804/5000: Time Est.: Elapsed[11.26h], Remain[35.12h]
=================================================================
Epoch 2805: Train (100%)  Score: 10.6175,  Loss: -0.2150
Epoch 2805/5000: Time Est.: Elapsed[11.27h], Remain[35.10h]
=================================================================
Epoch 2806: Train (100%)  Score: 9.9646,  Loss: -0.2103
Epoch 2806/5000: Time Est.: Elapsed[11.29h], Remain[35.09h]
=================================================================
Epoch 2807: Train (100%)  Score: 10.5625,  Loss: -0.2072
Epoch 2807/5000: Time Est.: Elapsed[11.30h], Remain[35.04h]
=================================================================
Epoch 2808: Train (100%)  Score: 10.1801,  Loss: -0.2122
Epoch 2808/5000: Time Est.: Elapsed[11.32h], Remain[35.05h]
=================================================================
Epoch 2809: Train (100%)  Score: 10.3632,  Loss: -0.2115
Epoch 2809/5000: Time Est.: Elapsed[11.34h], Remain[35.04h]
=================================================================
Epoch 2810: Train (100%)  Score: 9.9551,  Loss: -0.2117
Epoch 2810/5000: Time Est.: Elapsed[11.35h], Remain[35.02h]
=================================================================
Epoch 2811: Train (100%)  Score: 10.3453,  Loss: -0.2138
Epoch 2811/5000: Time Est.: Elapsed[11.37h], Remain[35.01h]
=================================================================
Epoch 2812: Train (100%)  Score: 10.2600,  Loss: -0.2120
Epoch 2812/5000: Time Est.: Elapsed[11.39h], Remain[34.99h]
=================================================================
Epoch 2813: Train (100%)  Score: 9.8981,  Loss: -0.2117
Epoch 2813/5000: Time Est.: Elapsed[11.40h], Remain[34.97h]
=================================================================
Epoch 2814: Train (100%)  Score: 10.0846,  Loss: -0.2093
Epoch 2814/5000: Time Est.: Elapsed[11.42h], Remain[34.96h]
=================================================================
Epoch 2815: Train (100%)  Score: 9.9159,  Loss: -0.2023
Epoch 2815/5000: Time Est.: Elapsed[11.43h], Remain[34.94h]
=================================================================
Epoch 2816: Train (100%)  Score: 10.0766,  Loss: -0.2049
Epoch 2816/5000: Time Est.: Elapsed[11.45h], Remain[34.93h]
=================================================================
Epoch 2817: Train (100%)  Score: 9.9845,  Loss: -0.2094
Epoch 2817/5000: Time Est.: Elapsed[11.47h], Remain[34.91h]
=================================================================
Epoch 2818: Train (100%)  Score: 9.7466,  Loss: -0.2059
Epoch 2818/5000: Time Est.: Elapsed[11.48h], Remain[34.89h]
=================================================================
Epoch 2819: Train (100%)  Score: 10.3171,  Loss: -0.2181
Epoch 2819/5000: Time Est.: Elapsed[11.50h], Remain[34.88h]
=================================================================
Epoch 2820: Train (100%)  Score: 10.3052,  Loss: -0.2112
Epoch 2820/5000: Time Est.: Elapsed[11.51h], Remain[34.86h]
=================================================================
Epoch 2821: Train (100%)  Score: 10.1013,  Loss: -0.2118
Epoch 2821/5000: Time Est.: Elapsed[11.53h], Remain[34.84h]
=================================================================
Epoch 2822: Train (100%)  Score: 10.4540,  Loss: -0.2088
Epoch 2822/5000: Time Est.: Elapsed[11.55h], Remain[34.83h]
=================================================================
Epoch 2823: Train (100%)  Score: 10.3474,  Loss: -0.2126
Epoch 2823/5000: Time Est.: Elapsed[11.56h], Remain[34.81h]
=================================================================
Epoch 2824: Train (100%)  Score: 10.2385,  Loss: -0.2144
Epoch 2824/5000: Time Est.: Elapsed[11.58h], Remain[34.80h]
=================================================================
Epoch 2825: Train (100%)  Score: 10.3235,  Loss: -0.2131
Epoch 2825/5000: Time Est.: Elapsed[11.59h], Remain[34.78h]
=================================================================
Epoch 2826: Train (100%)  Score: 10.6432,  Loss: -0.2153
Epoch 2826/5000: Time Est.: Elapsed[11.61h], Remain[34.76h]
=================================================================
Epoch 2827: Train (100%)  Score: 10.4080,  Loss: -0.2131
Epoch 2827/5000: Time Est.: Elapsed[11.63h], Remain[34.75h]
=================================================================
Epoch 2828: Train (100%)  Score: 9.8285,  Loss: -0.2107
Epoch 2828/5000: Time Est.: Elapsed[11.64h], Remain[34.73h]
=================================================================
Epoch 2829: Train (100%)  Score: 9.8764,  Loss: -0.2140
Epoch 2829/5000: Time Est.: Elapsed[11.66h], Remain[34.72h]
=================================================================
Epoch 2830: Train (100%)  Score: 9.8873,  Loss: -0.2122
Epoch 2830/5000: Time Est.: Elapsed[11.67h], Remain[34.70h]
=================================================================
Epoch 2831: Train (100%)  Score: 9.5986,  Loss: -0.2090
Epoch 2831/5000: Time Est.: Elapsed[11.69h], Remain[34.68h]
=================================================================
Epoch 2832: Train (100%)  Score: 9.9502,  Loss: -0.2098
Epoch 2832/5000: Time Est.: Elapsed[11.70h], Remain[34.67h]
=================================================================
Epoch 2833: Train (100%)  Score: 9.9355,  Loss: -0.2065
Epoch 2833/5000: Time Est.: Elapsed[11.72h], Remain[34.65h]
=================================================================
Epoch 2834: Train (100%)  Score: 9.8329,  Loss: -0.2078
Epoch 2834/5000: Time Est.: Elapsed[11.74h], Remain[34.63h]
=================================================================
Epoch 2835: Train (100%)  Score: 9.7996,  Loss: -0.2089
Epoch 2835/5000: Time Est.: Elapsed[11.75h], Remain[34.62h]
=================================================================
Epoch 2836: Train (100%)  Score: 10.3493,  Loss: -0.2116
Epoch 2836/5000: Time Est.: Elapsed[11.77h], Remain[34.60h]
=================================================================
Epoch 2837: Train (100%)  Score: 10.0345,  Loss: -0.2075
Epoch 2837/5000: Time Est.: Elapsed[11.78h], Remain[34.59h]
=================================================================
Epoch 2838: Train (100%)  Score: 10.0251,  Loss: -0.2080
Epoch 2838/5000: Time Est.: Elapsed[11.80h], Remain[34.57h]
=================================================================
Epoch 2839: Train (100%)  Score: 10.2921,  Loss: -0.2083
Epoch 2839/5000: Time Est.: Elapsed[11.82h], Remain[34.55h]
=================================================================
Epoch 2840: Train (100%)  Score: 9.8574,  Loss: -0.2040
Epoch 2840/5000: Time Est.: Elapsed[11.83h], Remain[34.54h]
=================================================================
Epoch 2841: Train (100%)  Score: 10.0089,  Loss: -0.2110
Epoch 2841/5000: Time Est.: Elapsed[11.85h], Remain[34.52h]
=================================================================
Epoch 2842: Train (100%)  Score: 10.1230,  Loss: -0.2162
Epoch 2842/5000: Time Est.: Elapsed[11.86h], Remain[34.50h]
=================================================================
Epoch 2843: Train (100%)  Score: 10.0847,  Loss: -0.2104
Epoch 2843/5000: Time Est.: Elapsed[11.88h], Remain[34.49h]
=================================================================
Epoch 2844: Train (100%)  Score: 10.4018,  Loss: -0.2132
Epoch 2844/5000: Time Est.: Elapsed[11.90h], Remain[34.47h]
=================================================================
Epoch 2845: Train (100%)  Score: 10.1734,  Loss: -0.2111
Epoch 2845/5000: Time Est.: Elapsed[11.91h], Remain[34.45h]
=================================================================
Epoch 2846: Train (100%)  Score: 10.3149,  Loss: -0.2101
Epoch 2846/5000: Time Est.: Elapsed[11.93h], Remain[34.44h]
=================================================================
Epoch 2847: Train (100%)  Score: 10.0477,  Loss: -0.2164
Epoch 2847/5000: Time Est.: Elapsed[11.94h], Remain[34.42h]
=================================================================
Epoch 2848: Train (100%)  Score: 10.0473,  Loss: -0.2098
Epoch 2848/5000: Time Est.: Elapsed[11.96h], Remain[34.41h]
=================================================================
Epoch 2849: Train (100%)  Score: 10.2157,  Loss: -0.2095
Epoch 2849/5000: Time Est.: Elapsed[11.98h], Remain[34.39h]
=================================================================
Epoch 2850: Train (100%)  Score: 10.1519,  Loss: -0.2076
Epoch 2850/5000: Time Est.: Elapsed[11.99h], Remain[34.38h]
=================================================================
Epoch 2851: Train (100%)  Score: 10.0856,  Loss: -0.2042
Epoch 2851/5000: Time Est.: Elapsed[12.01h], Remain[34.36h]
=================================================================
Epoch 2852: Train (100%)  Score: 9.9085,  Loss: -0.2140
Epoch 2852/5000: Time Est.: Elapsed[12.02h], Remain[34.34h]
=================================================================
Epoch 2853: Train (100%)  Score: 10.5212,  Loss: -0.2101
Epoch 2853/5000: Time Est.: Elapsed[12.04h], Remain[34.33h]
=================================================================
Epoch 2854: Train (100%)  Score: 10.0189,  Loss: -0.2037
Epoch 2854/5000: Time Est.: Elapsed[12.06h], Remain[34.31h]
=================================================================
Epoch 2855: Train (100%)  Score: 9.8935,  Loss: -0.2067
Epoch 2855/5000: Time Est.: Elapsed[12.07h], Remain[34.29h]
=================================================================
Epoch 2856: Train (100%)  Score: 10.0778,  Loss: -0.2156
Epoch 2856/5000: Time Est.: Elapsed[12.09h], Remain[34.28h]
=================================================================
Epoch 2857: Train (100%)  Score: 10.2960,  Loss: -0.2139
Epoch 2857/5000: Time Est.: Elapsed[12.10h], Remain[34.26h]
=================================================================
Epoch 2858: Train (100%)  Score: 10.4634,  Loss: -0.2139
Epoch 2858/5000: Time Est.: Elapsed[12.12h], Remain[34.25h]
=================================================================
Epoch 2859: Train (100%)  Score: 10.2441,  Loss: -0.2072
Epoch 2859/5000: Time Est.: Elapsed[12.13h], Remain[34.23h]
=================================================================
Epoch 2860: Train (100%)  Score: 10.1973,  Loss: -0.2100
Epoch 2860/5000: Time Est.: Elapsed[12.15h], Remain[34.21h]
=================================================================
Epoch 2861: Train (100%)  Score: 10.3780,  Loss: -0.2112
Epoch 2861/5000: Time Est.: Elapsed[12.17h], Remain[34.20h]
=================================================================
Epoch 2862: Train (100%)  Score: 10.3204,  Loss: -0.2190
Epoch 2862/5000: Time Est.: Elapsed[12.18h], Remain[34.18h]
=================================================================
Epoch 2863: Train (100%)  Score: 9.7693,  Loss: -0.2080
Epoch 2863/5000: Time Est.: Elapsed[12.20h], Remain[34.17h]
=================================================================
Epoch 2864: Train (100%)  Score: 9.7363,  Loss: -0.2115
Epoch 2864/5000: Time Est.: Elapsed[12.21h], Remain[34.15h]
=================================================================
Epoch 2865: Train (100%)  Score: 10.1772,  Loss: -0.2098
Epoch 2865/5000: Time Est.: Elapsed[12.23h], Remain[34.13h]
=================================================================
Epoch 2866: Train (100%)  Score: 10.0960,  Loss: -0.2028
Epoch 2866/5000: Time Est.: Elapsed[12.25h], Remain[34.11h]
=================================================================
Epoch 2867: Train (100%)  Score: 9.6122,  Loss: -0.2042
Epoch 2867/5000: Time Est.: Elapsed[12.26h], Remain[34.10h]
=================================================================
Epoch 2868: Train (100%)  Score: 9.9495,  Loss: -0.2076
Epoch 2868/5000: Time Est.: Elapsed[12.28h], Remain[34.08h]
=================================================================
>> Invalid instances, Re-generating ...
Epoch 2869: Train (100%)  Score: 10.2121,  Loss: -0.2159
Epoch 2869/5000: Time Est.: Elapsed[12.29h], Remain[34.07h]
=================================================================
Epoch 2870: Train (100%)  Score: 9.8894,  Loss: -0.2046
Epoch 2870/5000: Time Est.: Elapsed[12.31h], Remain[34.05h]
=================================================================
Epoch 2871: Train (100%)  Score: 9.7648,  Loss: -0.2072
Epoch 2871/5000: Time Est.: Elapsed[12.32h], Remain[34.03h]
=================================================================
Epoch 2872: Train (100%)  Score: 10.0191,  Loss: -0.2130
Epoch 2872/5000: Time Est.: Elapsed[12.34h], Remain[34.02h]
=================================================================
Epoch 2873: Train (100%)  Score: 10.5096,  Loss: -0.2169
Epoch 2873/5000: Time Est.: Elapsed[12.36h], Remain[34.00h]
=================================================================
Epoch 2874: Train (100%)  Score: 10.1718,  Loss: -0.2135
Epoch 2874/5000: Time Est.: Elapsed[12.37h], Remain[33.98h]
=================================================================
Epoch 2875: Train (100%)  Score: 9.8821,  Loss: -0.2115
Epoch 2875/5000: Time Est.: Elapsed[12.39h], Remain[33.97h]
=================================================================
Epoch 2876: Train (100%)  Score: 10.1791,  Loss: -0.2064
Epoch 2876/5000: Time Est.: Elapsed[12.40h], Remain[33.95h]
=================================================================
Epoch 2877: Train (100%)  Score: 10.0724,  Loss: -0.2097
Epoch 2877/5000: Time Est.: Elapsed[12.42h], Remain[33.94h]
=================================================================
Epoch 2878: Train (100%)  Score: 10.4443,  Loss: -0.2127
Epoch 2878/5000: Time Est.: Elapsed[12.44h], Remain[33.92h]
=================================================================
Epoch 2879: Train (100%)  Score: 10.2321,  Loss: -0.2099
Epoch 2879/5000: Time Est.: Elapsed[12.45h], Remain[33.90h]
=================================================================
Epoch 2880: Train (100%)  Score: 10.0452,  Loss: -0.2101
Epoch 2880/5000: Time Est.: Elapsed[12.47h], Remain[33.89h]
=================================================================
Epoch 2881: Train (100%)  Score: 10.1386,  Loss: -0.2109
Epoch 2881/5000: Time Est.: Elapsed[12.48h], Remain[33.87h]
=================================================================
Epoch 2882: Train (100%)  Score: 10.3762,  Loss: -0.2126
Epoch 2882/5000: Time Est.: Elapsed[12.50h], Remain[33.86h]
=================================================================
Epoch 2883: Train (100%)  Score: 10.0453,  Loss: -0.2101
Epoch 2883/5000: Time Est.: Elapsed[12.52h], Remain[33.84h]
=================================================================
Epoch 2884: Train (100%)  Score: 10.1070,  Loss: -0.2064
Epoch 2884/5000: Time Est.: Elapsed[12.53h], Remain[33.82h]
=================================================================
Epoch 2885: Train (100%)  Score: 10.2664,  Loss: -0.2109
Epoch 2885/5000: Time Est.: Elapsed[12.55h], Remain[33.81h]
=================================================================
Epoch 2886: Train (100%)  Score: 9.8142,  Loss: -0.2120
Epoch 2886/5000: Time Est.: Elapsed[12.56h], Remain[33.79h]
=================================================================
Epoch 2887: Train (100%)  Score: 10.1941,  Loss: -0.2101
Epoch 2887/5000: Time Est.: Elapsed[12.58h], Remain[33.77h]
=================================================================
Epoch 2888: Train (100%)  Score: 10.5895,  Loss: -0.2134
Epoch 2888/5000: Time Est.: Elapsed[12.60h], Remain[33.76h]
=================================================================
Epoch 2889: Train (100%)  Score: 10.0137,  Loss: -0.2062
Epoch 2889/5000: Time Est.: Elapsed[12.61h], Remain[33.74h]
=================================================================
Epoch 2890: Train (100%)  Score: 9.8093,  Loss: -0.2144
Epoch 2890/5000: Time Est.: Elapsed[12.63h], Remain[33.73h]
=================================================================
Epoch 2891: Train (100%)  Score: 10.2428,  Loss: -0.2122
Epoch 2891/5000: Time Est.: Elapsed[12.64h], Remain[33.71h]
=================================================================
Epoch 2892: Train (100%)  Score: 10.2115,  Loss: -0.2095
Epoch 2892/5000: Time Est.: Elapsed[12.66h], Remain[33.69h]
=================================================================
Epoch 2893: Train (100%)  Score: 10.5617,  Loss: -0.2137
Epoch 2893/5000: Time Est.: Elapsed[12.68h], Remain[33.68h]
=================================================================
Epoch 2894: Train (100%)  Score: 10.3963,  Loss: -0.2036
Epoch 2894/5000: Time Est.: Elapsed[12.69h], Remain[33.66h]
=================================================================
Epoch 2895: Train (100%)  Score: 10.3223,  Loss: -0.2126
Epoch 2895/5000: Time Est.: Elapsed[12.71h], Remain[33.65h]
=================================================================
Epoch 2896: Train (100%)  Score: 9.9726,  Loss: -0.2107
Epoch 2896/5000: Time Est.: Elapsed[12.72h], Remain[33.63h]
=================================================================
Epoch 2897: Train (100%)  Score: 10.2290,  Loss: -0.2163
Epoch 2897/5000: Time Est.: Elapsed[12.74h], Remain[33.61h]
=================================================================
Epoch 2898: Train (100%)  Score: 10.2921,  Loss: -0.2091
Epoch 2898/5000: Time Est.: Elapsed[12.75h], Remain[33.60h]
=================================================================
Epoch 2899: Train (100%)  Score: 10.1208,  Loss: -0.2082
Epoch 2899/5000: Time Est.: Elapsed[12.77h], Remain[33.58h]
=================================================================
Epoch 2900: Train (100%)  Score: 10.0595,  Loss: -0.2097
Epoch 2900/5000: Time Est.: Elapsed[12.79h], Remain[33.56h]
Saving trained_model
=================================================================
Epoch 2901: Train (100%)  Score: 9.8946,  Loss: -0.2100
Epoch 2901/5000: Time Est.: Elapsed[12.80h], Remain[33.55h]
=================================================================
Epoch 2902: Train (100%)  Score: 10.6985,  Loss: -0.2134
Epoch 2902/5000: Time Est.: Elapsed[12.82h], Remain[33.53h]
=================================================================
Epoch 2903: Train (100%)  Score: 9.9339,  Loss: -0.2082
Epoch 2903/5000: Time Est.: Elapsed[12.83h], Remain[33.52h]
=================================================================
Epoch 2904: Train (100%)  Score: 9.9962,  Loss: -0.2045
Epoch 2904/5000: Time Est.: Elapsed[12.85h], Remain[33.50h]
=================================================================
Epoch 2905: Train (100%)  Score: 10.2957,  Loss: -0.2160
Epoch 2905/5000: Time Est.: Elapsed[12.87h], Remain[33.48h]
=================================================================
Epoch 2906: Train (100%)  Score: 10.6483,  Loss: -0.2110
Epoch 2906/5000: Time Est.: Elapsed[12.88h], Remain[33.47h]
=================================================================
Epoch 2907: Train (100%)  Score: 10.1114,  Loss: -0.2048
Epoch 2907/5000: Time Est.: Elapsed[12.90h], Remain[33.45h]
=================================================================
Epoch 2908: Train (100%)  Score: 10.3620,  Loss: -0.2142
Epoch 2908/5000: Time Est.: Elapsed[12.91h], Remain[33.44h]
=================================================================
Epoch 2909: Train (100%)  Score: 10.2794,  Loss: -0.2169
Epoch 2909/5000: Time Est.: Elapsed[12.93h], Remain[33.42h]
=================================================================
Epoch 2910: Train (100%)  Score: 10.3427,  Loss: -0.2030
Epoch 2910/5000: Time Est.: Elapsed[12.95h], Remain[33.40h]
=================================================================
Epoch 2911: Train (100%)  Score: 10.1131,  Loss: -0.2100
Epoch 2911/5000: Time Est.: Elapsed[12.96h], Remain[33.39h]
=================================================================
Epoch 2912: Train (100%)  Score: 9.9174,  Loss: -0.2014
Epoch 2912/5000: Time Est.: Elapsed[12.98h], Remain[33.37h]
=================================================================
Epoch 2913: Train (100%)  Score: 10.2664,  Loss: -0.2099
Epoch 2913/5000: Time Est.: Elapsed[12.99h], Remain[33.35h]
=================================================================
Epoch 2914: Train (100%)  Score: 9.8014,  Loss: -0.2074
Epoch 2914/5000: Time Est.: Elapsed[13.01h], Remain[33.34h]
=================================================================
Epoch 2915: Train (100%)  Score: 10.2923,  Loss: -0.2075
Epoch 2915/5000: Time Est.: Elapsed[13.03h], Remain[33.32h]
=================================================================
Epoch 2916: Train (100%)  Score: 10.4097,  Loss: -0.2077
Epoch 2916/5000: Time Est.: Elapsed[13.04h], Remain[33.31h]
=================================================================
Epoch 2917: Train (100%)  Score: 10.0234,  Loss: -0.2114
Epoch 2917/5000: Time Est.: Elapsed[13.06h], Remain[33.29h]
=================================================================
Epoch 2918: Train (100%)  Score: 10.1684,  Loss: -0.2065
Epoch 2918/5000: Time Est.: Elapsed[13.07h], Remain[33.27h]
=================================================================
Epoch 2919: Train (100%)  Score: 10.3330,  Loss: -0.2089
Epoch 2919/5000: Time Est.: Elapsed[13.09h], Remain[33.26h]
=================================================================
Epoch 2920: Train (100%)  Score: 10.0419,  Loss: -0.2121
Epoch 2920/5000: Time Est.: Elapsed[13.10h], Remain[33.22h]
=================================================================
Epoch 2921: Train (100%)  Score: 10.0710,  Loss: -0.2122
Epoch 2921/5000: Time Est.: Elapsed[13.11h], Remain[33.21h]
=================================================================
Epoch 2922: Train (100%)  Score: 10.4190,  Loss: -0.2069
Epoch 2922/5000: Time Est.: Elapsed[13.14h], Remain[33.22h]
=================================================================
Epoch 2923: Train (100%)  Score: 10.3051,  Loss: -0.2091
Epoch 2923/5000: Time Est.: Elapsed[13.16h], Remain[33.20h]
=================================================================
Epoch 2924: Train (100%)  Score: 9.9848,  Loss: -0.2145
Epoch 2924/5000: Time Est.: Elapsed[13.17h], Remain[33.19h]
=================================================================
Epoch 2925: Train (100%)  Score: 9.8990,  Loss: -0.2079
Epoch 2925/5000: Time Est.: Elapsed[13.19h], Remain[33.17h]
=================================================================
Epoch 2926: Train (100%)  Score: 10.1357,  Loss: -0.2060
Epoch 2926/5000: Time Est.: Elapsed[13.20h], Remain[33.15h]
=================================================================
Epoch 2927: Train (100%)  Score: 9.9521,  Loss: -0.2065
Epoch 2927/5000: Time Est.: Elapsed[13.22h], Remain[33.14h]
=================================================================
Epoch 2928: Train (100%)  Score: 10.2113,  Loss: -0.2086
Epoch 2928/5000: Time Est.: Elapsed[13.24h], Remain[33.12h]
=================================================================
Epoch 2929: Train (100%)  Score: 10.1745,  Loss: -0.2125
Epoch 2929/5000: Time Est.: Elapsed[13.25h], Remain[33.11h]
=================================================================
Epoch 2930: Train (100%)  Score: 9.8973,  Loss: -0.2025
Epoch 2930/5000: Time Est.: Elapsed[13.27h], Remain[33.09h]
=================================================================
Epoch 2931: Train (100%)  Score: 10.3142,  Loss: -0.2122
Epoch 2931/5000: Time Est.: Elapsed[13.28h], Remain[33.07h]
=================================================================
Epoch 2932: Train (100%)  Score: 10.4274,  Loss: -0.2151
Epoch 2932/5000: Time Est.: Elapsed[13.30h], Remain[33.06h]
=================================================================
Epoch 2933: Train (100%)  Score: 9.9900,  Loss: -0.2095
Epoch 2933/5000: Time Est.: Elapsed[13.32h], Remain[33.04h]
=================================================================
Epoch 2934: Train (100%)  Score: 9.8182,  Loss: -0.2045
Epoch 2934/5000: Time Est.: Elapsed[13.33h], Remain[33.03h]
=================================================================
Epoch 2935: Train (100%)  Score: 9.8896,  Loss: -0.1978
Epoch 2935/5000: Time Est.: Elapsed[13.35h], Remain[33.01h]
=================================================================
Epoch 2936: Train (100%)  Score: 9.7074,  Loss: -0.2068
Epoch 2936/5000: Time Est.: Elapsed[13.36h], Remain[32.99h]
=================================================================
Epoch 2937: Train (100%)  Score: 10.3545,  Loss: -0.2039
Epoch 2937/5000: Time Est.: Elapsed[13.38h], Remain[32.98h]
=================================================================
Epoch 2938: Train (100%)  Score: 10.0131,  Loss: -0.2063
Epoch 2938/5000: Time Est.: Elapsed[13.40h], Remain[32.96h]
=================================================================
Epoch 2939: Train (100%)  Score: 10.0492,  Loss: -0.2045
Epoch 2939/5000: Time Est.: Elapsed[13.41h], Remain[32.94h]
=================================================================
Epoch 2940: Train (100%)  Score: 10.3408,  Loss: -0.2097
Epoch 2940/5000: Time Est.: Elapsed[13.43h], Remain[32.93h]
=================================================================
Epoch 2941: Train (100%)  Score: 10.2547,  Loss: -0.2111
Epoch 2941/5000: Time Est.: Elapsed[13.44h], Remain[32.91h]
=================================================================
Epoch 2942: Train (100%)  Score: 10.1262,  Loss: -0.2088
Epoch 2942/5000: Time Est.: Elapsed[13.46h], Remain[32.90h]
=================================================================
Epoch 2943: Train (100%)  Score: 9.8192,  Loss: -0.2073
Epoch 2943/5000: Time Est.: Elapsed[13.48h], Remain[32.88h]
=================================================================
Epoch 2944: Train (100%)  Score: 10.1195,  Loss: -0.2067
Epoch 2944/5000: Time Est.: Elapsed[13.49h], Remain[32.86h]
=================================================================
Epoch 2945: Train (100%)  Score: 9.9945,  Loss: -0.2090
Epoch 2945/5000: Time Est.: Elapsed[13.51h], Remain[32.85h]
=================================================================
Epoch 2946: Train (100%)  Score: 9.6331,  Loss: -0.2021
Epoch 2946/5000: Time Est.: Elapsed[13.52h], Remain[32.83h]
=================================================================
Epoch 2947: Train (100%)  Score: 10.3728,  Loss: -0.2119
Epoch 2947/5000: Time Est.: Elapsed[13.54h], Remain[32.82h]
=================================================================
Epoch 2948: Train (100%)  Score: 9.8903,  Loss: -0.2069
Epoch 2948/5000: Time Est.: Elapsed[13.55h], Remain[32.80h]
=================================================================
Epoch 2949: Train (100%)  Score: 10.1917,  Loss: -0.2086
Epoch 2949/5000: Time Est.: Elapsed[13.57h], Remain[32.78h]
=================================================================
Epoch 2950: Train (100%)  Score: 10.0145,  Loss: -0.2057
Epoch 2950/5000: Time Est.: Elapsed[13.59h], Remain[32.77h]
=================================================================
Epoch 2951: Train (100%)  Score: 9.9453,  Loss: -0.2063
Epoch 2951/5000: Time Est.: Elapsed[13.60h], Remain[32.75h]
=================================================================
Epoch 2952: Train (100%)  Score: 9.8349,  Loss: -0.2033
Epoch 2952/5000: Time Est.: Elapsed[13.62h], Remain[32.74h]
=================================================================
Epoch 2953: Train (100%)  Score: 10.2654,  Loss: -0.2094
Epoch 2953/5000: Time Est.: Elapsed[13.63h], Remain[32.72h]
=================================================================
Epoch 2954: Train (100%)  Score: 9.9882,  Loss: -0.2086
Epoch 2954/5000: Time Est.: Elapsed[13.65h], Remain[32.70h]
=================================================================
Epoch 2955: Train (100%)  Score: 10.3862,  Loss: -0.2098
Epoch 2955/5000: Time Est.: Elapsed[13.67h], Remain[32.69h]
=================================================================
Epoch 2956: Train (100%)  Score: 9.9115,  Loss: -0.2049
Epoch 2956/5000: Time Est.: Elapsed[13.68h], Remain[32.67h]
=================================================================
Epoch 2957: Train (100%)  Score: 10.0398,  Loss: -0.2079
Epoch 2957/5000: Time Est.: Elapsed[13.70h], Remain[32.66h]
=================================================================
Epoch 2958: Train (100%)  Score: 10.2704,  Loss: -0.2125
Epoch 2958/5000: Time Est.: Elapsed[13.71h], Remain[32.64h]
=================================================================
Epoch 2959: Train (100%)  Score: 10.1135,  Loss: -0.2096
Epoch 2959/5000: Time Est.: Elapsed[13.73h], Remain[32.62h]
=================================================================
Epoch 2960: Train (100%)  Score: 10.2211,  Loss: -0.2062
Epoch 2960/5000: Time Est.: Elapsed[13.75h], Remain[32.61h]
=================================================================
Epoch 2961: Train (100%)  Score: 10.4362,  Loss: -0.2160
Epoch 2961/5000: Time Est.: Elapsed[13.76h], Remain[32.59h]
=================================================================
Epoch 2962: Train (100%)  Score: 10.1126,  Loss: -0.2137
Epoch 2962/5000: Time Est.: Elapsed[13.78h], Remain[32.58h]
=================================================================
Epoch 2963: Train (100%)  Score: 10.2239,  Loss: -0.2099
Epoch 2963/5000: Time Est.: Elapsed[13.80h], Remain[32.56h]
=================================================================
Epoch 2964: Train (100%)  Score: 10.0606,  Loss: -0.2060
Epoch 2964/5000: Time Est.: Elapsed[13.81h], Remain[32.55h]
=================================================================
Epoch 2965: Train (100%)  Score: 10.0551,  Loss: -0.2064
Epoch 2965/5000: Time Est.: Elapsed[13.83h], Remain[32.53h]
=================================================================
>> Invalid instances, Re-generating ...
Epoch 2966: Train (100%)  Score: 9.9841,  Loss: -0.2099
Epoch 2966/5000: Time Est.: Elapsed[13.84h], Remain[32.51h]
=================================================================
Epoch 2967: Train (100%)  Score: 10.0849,  Loss: -0.2112
Epoch 2967/5000: Time Est.: Elapsed[13.86h], Remain[32.50h]
=================================================================
Epoch 2968: Train (100%)  Score: 10.0892,  Loss: -0.2099
Epoch 2968/5000: Time Est.: Elapsed[13.88h], Remain[32.48h]
=================================================================
Epoch 2969: Train (100%)  Score: 10.0809,  Loss: -0.2071
Epoch 2969/5000: Time Est.: Elapsed[13.89h], Remain[32.47h]
=================================================================
Epoch 2970: Train (100%)  Score: 10.2006,  Loss: -0.2118
Epoch 2970/5000: Time Est.: Elapsed[13.91h], Remain[32.45h]
=================================================================
Epoch 2971: Train (100%)  Score: 9.9523,  Loss: -0.2118
Epoch 2971/5000: Time Est.: Elapsed[13.92h], Remain[32.43h]
=================================================================
Epoch 2972: Train (100%)  Score: 10.2906,  Loss: -0.2078
Epoch 2972/5000: Time Est.: Elapsed[13.94h], Remain[32.42h]
=================================================================
Epoch 2973: Train (100%)  Score: 10.1600,  Loss: -0.2103
Epoch 2973/5000: Time Est.: Elapsed[13.96h], Remain[32.40h]
=================================================================
>> Invalid instances, Re-generating ...
Epoch 2974: Train (100%)  Score: 10.2522,  Loss: -0.2073
Epoch 2974/5000: Time Est.: Elapsed[13.97h], Remain[32.39h]
=================================================================
Epoch 2975: Train (100%)  Score: 10.0941,  Loss: -0.2049
Epoch 2975/5000: Time Est.: Elapsed[13.99h], Remain[32.37h]
=================================================================
Epoch 2976: Train (100%)  Score: 9.7615,  Loss: -0.2057
Epoch 2976/5000: Time Est.: Elapsed[14.00h], Remain[32.35h]
=================================================================
Epoch 2977: Train (100%)  Score: 9.9805,  Loss: -0.2104
Epoch 2977/5000: Time Est.: Elapsed[14.02h], Remain[32.34h]
=================================================================
Epoch 2978: Train (100%)  Score: 10.1896,  Loss: -0.2081
Epoch 2978/5000: Time Est.: Elapsed[14.04h], Remain[32.32h]
=================================================================
Epoch 2979: Train (100%)  Score: 10.3723,  Loss: -0.2069
Epoch 2979/5000: Time Est.: Elapsed[14.05h], Remain[32.31h]
=================================================================
Epoch 2980: Train (100%)  Score: 10.1629,  Loss: -0.2089
Epoch 2980/5000: Time Est.: Elapsed[14.07h], Remain[32.29h]
=================================================================
Epoch 2981: Train (100%)  Score: 10.0004,  Loss: -0.2101
Epoch 2981/5000: Time Est.: Elapsed[14.08h], Remain[32.27h]
=================================================================
Epoch 2982: Train (100%)  Score: 10.4301,  Loss: -0.2158
Epoch 2982/5000: Time Est.: Elapsed[14.10h], Remain[32.26h]
=================================================================
Epoch 2983: Train (100%)  Score: 10.4069,  Loss: -0.2130
Epoch 2983/5000: Time Est.: Elapsed[14.12h], Remain[32.24h]
=================================================================
Epoch 2984: Train (100%)  Score: 9.9131,  Loss: -0.2040
Epoch 2984/5000: Time Est.: Elapsed[14.13h], Remain[32.23h]
=================================================================
Epoch 2985: Train (100%)  Score: 10.4331,  Loss: -0.2095
Epoch 2985/5000: Time Est.: Elapsed[14.15h], Remain[32.21h]
=================================================================
Epoch 2986: Train (100%)  Score: 9.7933,  Loss: -0.2026
Epoch 2986/5000: Time Est.: Elapsed[14.16h], Remain[32.19h]
=================================================================
Epoch 2987: Train (100%)  Score: 10.1397,  Loss: -0.2134
Epoch 2987/5000: Time Est.: Elapsed[14.18h], Remain[32.18h]
=================================================================
Epoch 2988: Train (100%)  Score: 10.3006,  Loss: -0.2163
Epoch 2988/5000: Time Est.: Elapsed[14.20h], Remain[32.16h]
=================================================================
Epoch 2989: Train (100%)  Score: 10.0784,  Loss: -0.2126
Epoch 2989/5000: Time Est.: Elapsed[14.21h], Remain[32.15h]
=================================================================
Epoch 2990: Train (100%)  Score: 10.2217,  Loss: -0.2087
Epoch 2990/5000: Time Est.: Elapsed[14.23h], Remain[32.13h]
=================================================================
Epoch 2991: Train (100%)  Score: 10.2403,  Loss: -0.2085
Epoch 2991/5000: Time Est.: Elapsed[14.24h], Remain[32.11h]
=================================================================
Epoch 2992: Train (100%)  Score: 10.1180,  Loss: -0.2110
Epoch 2992/5000: Time Est.: Elapsed[14.26h], Remain[32.10h]
=================================================================
Epoch 2993: Train (100%)  Score: 10.2445,  Loss: -0.2042
Epoch 2993/5000: Time Est.: Elapsed[14.27h], Remain[32.08h]
=================================================================
Epoch 2994: Train (100%)  Score: 9.9823,  Loss: -0.2078
Epoch 2994/5000: Time Est.: Elapsed[14.29h], Remain[32.07h]
=================================================================
Epoch 2995: Train (100%)  Score: 9.9895,  Loss: -0.2077
Epoch 2995/5000: Time Est.: Elapsed[14.31h], Remain[32.05h]
=================================================================
Epoch 2996: Train (100%)  Score: 10.1420,  Loss: -0.2073
Epoch 2996/5000: Time Est.: Elapsed[14.32h], Remain[32.03h]
=================================================================
Epoch 2997: Train (100%)  Score: 10.2989,  Loss: -0.2078
Epoch 2997/5000: Time Est.: Elapsed[14.34h], Remain[32.02h]
=================================================================
Epoch 2998: Train (100%)  Score: 10.1395,  Loss: -0.2074
Epoch 2998/5000: Time Est.: Elapsed[14.35h], Remain[32.00h]
=================================================================
Epoch 2999: Train (100%)  Score: 10.4320,  Loss: -0.2076
Epoch 2999/5000: Time Est.: Elapsed[14.37h], Remain[31.99h]
=================================================================
Epoch 3000: Train (100%)  Score: 10.2535,  Loss: -0.2085
Epoch 3000/5000: Time Est.: Elapsed[14.39h], Remain[31.97h]
Saving trained_model
=================================================================
Epoch 3001: Train (100%)  Score: 10.3819,  Loss: -0.2093
Epoch 3001/5000: Time Est.: Elapsed[14.40h], Remain[31.95h]
=================================================================
Epoch 3002: Train (100%)  Score: 9.9566,  Loss: -0.2088
Epoch 3002/5000: Time Est.: Elapsed[14.42h], Remain[31.94h]
=================================================================
Epoch 3003: Train (100%)  Score: 10.1653,  Loss: -0.2146
Epoch 3003/5000: Time Est.: Elapsed[14.43h], Remain[31.92h]
=================================================================
Epoch 3004: Train (100%)  Score: 10.4532,  Loss: -0.2111
Epoch 3004/5000: Time Est.: Elapsed[14.45h], Remain[31.91h]
=================================================================
Epoch 3005: Train (100%)  Score: 10.1561,  Loss: -0.2068
Epoch 3005/5000: Time Est.: Elapsed[14.47h], Remain[31.89h]
=================================================================
Epoch 3006: Train (100%)  Score: 9.5752,  Loss: -0.2049
Epoch 3006/5000: Time Est.: Elapsed[14.48h], Remain[31.87h]
=================================================================
Epoch 3007: Train (100%)  Score: 10.2864,  Loss: -0.2114
Epoch 3007/5000: Time Est.: Elapsed[14.50h], Remain[31.86h]
=================================================================
Epoch 3008: Train (100%)  Score: 9.9561,  Loss: -0.2091
Epoch 3008/5000: Time Est.: Elapsed[14.51h], Remain[31.84h]
=================================================================
Epoch 3009: Train (100%)  Score: 10.1095,  Loss: -0.2054
Epoch 3009/5000: Time Est.: Elapsed[14.53h], Remain[31.82h]
=================================================================
Epoch 3010: Train (100%)  Score: 10.1490,  Loss: -0.2097
Epoch 3010/5000: Time Est.: Elapsed[14.55h], Remain[31.81h]
=================================================================
Epoch 3011: Train (100%)  Score: 10.2915,  Loss: -0.2097
Epoch 3011/5000: Time Est.: Elapsed[14.56h], Remain[31.79h]
=================================================================
Epoch 3012: Train (100%)  Score: 10.1594,  Loss: -0.2063
Epoch 3012/5000: Time Est.: Elapsed[14.58h], Remain[31.78h]
=================================================================
Epoch 3013: Train (100%)  Score: 9.7215,  Loss: -0.2092
Epoch 3013/5000: Time Est.: Elapsed[14.59h], Remain[31.76h]
=================================================================
Epoch 3014: Train (100%)  Score: 10.3628,  Loss: -0.2061
Epoch 3014/5000: Time Est.: Elapsed[14.61h], Remain[31.74h]
=================================================================
Epoch 3015: Train (100%)  Score: 10.0860,  Loss: -0.2092
Epoch 3015/5000: Time Est.: Elapsed[14.63h], Remain[31.73h]
=================================================================
Epoch 3016: Train (100%)  Score: 9.8909,  Loss: -0.2097
Epoch 3016/5000: Time Est.: Elapsed[14.64h], Remain[31.71h]
=================================================================
Epoch 3017: Train (100%)  Score: 9.7996,  Loss: -0.2108
Epoch 3017/5000: Time Est.: Elapsed[14.66h], Remain[31.70h]
=================================================================
Epoch 3018: Train (100%)  Score: 10.2008,  Loss: -0.2116
Epoch 3018/5000: Time Est.: Elapsed[14.67h], Remain[31.68h]
=================================================================
>> Invalid instances, Re-generating ...
Epoch 3019: Train (100%)  Score: 10.0577,  Loss: -0.2096
Epoch 3019/5000: Time Est.: Elapsed[14.69h], Remain[31.66h]
=================================================================
Epoch 3020: Train (100%)  Score: 10.3956,  Loss: -0.2078
Epoch 3020/5000: Time Est.: Elapsed[14.71h], Remain[31.65h]
=================================================================
Epoch 3021: Train (100%)  Score: 9.7226,  Loss: -0.2079
Epoch 3021/5000: Time Est.: Elapsed[14.72h], Remain[31.63h]
=================================================================
Epoch 3022: Train (100%)  Score: 10.2447,  Loss: -0.2091
Epoch 3022/5000: Time Est.: Elapsed[14.74h], Remain[31.62h]
=================================================================
Epoch 3023: Train (100%)  Score: 10.0596,  Loss: -0.2146
Epoch 3023/5000: Time Est.: Elapsed[14.75h], Remain[31.60h]
=================================================================
Epoch 3024: Train (100%)  Score: 10.0335,  Loss: -0.2018
Epoch 3024/5000: Time Est.: Elapsed[14.77h], Remain[31.58h]
=================================================================
Epoch 3025: Train (100%)  Score: 9.9562,  Loss: -0.1991
Epoch 3025/5000: Time Est.: Elapsed[14.78h], Remain[31.57h]
=================================================================
Epoch 3026: Train (100%)  Score: 10.2960,  Loss: -0.2117
Epoch 3026/5000: Time Est.: Elapsed[14.80h], Remain[31.55h]
=================================================================
Epoch 3027: Train (100%)  Score: 10.0998,  Loss: -0.2092
Epoch 3027/5000: Time Est.: Elapsed[14.82h], Remain[31.54h]
=================================================================
Epoch 3028: Train (100%)  Score: 10.0833,  Loss: -0.2122
Epoch 3028/5000: Time Est.: Elapsed[14.83h], Remain[31.52h]
=================================================================
Epoch 3029: Train (100%)  Score: 10.3785,  Loss: -0.2070
Epoch 3029/5000: Time Est.: Elapsed[14.85h], Remain[31.50h]
=================================================================
Epoch 3030: Train (100%)  Score: 9.9719,  Loss: -0.2109
Epoch 3030/5000: Time Est.: Elapsed[14.87h], Remain[31.49h]
=================================================================
Epoch 3031: Train (100%)  Score: 9.8534,  Loss: -0.2064
Epoch 3031/5000: Time Est.: Elapsed[14.88h], Remain[31.48h]
=================================================================
Epoch 3032: Train (100%)  Score: 10.2629,  Loss: -0.2122
Epoch 3032/5000: Time Est.: Elapsed[14.90h], Remain[31.46h]
=================================================================
Epoch 3033: Train (100%)  Score: 10.3029,  Loss: -0.2073
Epoch 3033/5000: Time Est.: Elapsed[14.91h], Remain[31.44h]
=================================================================
Epoch 3034: Train (100%)  Score: 10.1826,  Loss: -0.2127
Epoch 3034/5000: Time Est.: Elapsed[14.93h], Remain[31.43h]
=================================================================
Epoch 3035: Train (100%)  Score: 10.1540,  Loss: -0.2115
Epoch 3035/5000: Time Est.: Elapsed[14.95h], Remain[31.41h]
=================================================================
Epoch 3036: Train (100%)  Score: 9.9998,  Loss: -0.2098
Epoch 3036/5000: Time Est.: Elapsed[14.96h], Remain[31.39h]
=================================================================
Epoch 3037: Train (100%)  Score: 10.4073,  Loss: -0.2066
Epoch 3037/5000: Time Est.: Elapsed[14.98h], Remain[31.38h]
=================================================================
Epoch 3038: Train (100%)  Score: 10.4677,  Loss: -0.2110
Epoch 3038/5000: Time Est.: Elapsed[14.99h], Remain[31.36h]
=================================================================
Epoch 3039: Train (100%)  Score: 10.0049,  Loss: -0.2082
Epoch 3039/5000: Time Est.: Elapsed[15.01h], Remain[31.35h]
=================================================================
Epoch 3040: Train (100%)  Score: 10.3862,  Loss: -0.2111
Epoch 3040/5000: Time Est.: Elapsed[15.03h], Remain[31.33h]
=================================================================
Epoch 3041: Train (100%)  Score: 10.4437,  Loss: -0.2090
Epoch 3041/5000: Time Est.: Elapsed[15.04h], Remain[31.32h]
=================================================================
Epoch 3042: Train (100%)  Score: 10.0761,  Loss: -0.2116
Epoch 3042/5000: Time Est.: Elapsed[15.06h], Remain[31.30h]
=================================================================
Epoch 3043: Train (100%)  Score: 10.3641,  Loss: -0.2068
Epoch 3043/5000: Time Est.: Elapsed[15.07h], Remain[31.28h]
=================================================================
Epoch 3044: Train (100%)  Score: 9.6559,  Loss: -0.2066
Epoch 3044/5000: Time Est.: Elapsed[15.09h], Remain[31.27h]
=================================================================
Epoch 3045: Train (100%)  Score: 10.1040,  Loss: -0.2073
Epoch 3045/5000: Time Est.: Elapsed[15.11h], Remain[31.25h]
=================================================================
Epoch 3046: Train (100%)  Score: 10.1151,  Loss: -0.2065
Epoch 3046/5000: Time Est.: Elapsed[15.12h], Remain[31.24h]
=================================================================
Epoch 3047: Train (100%)  Score: 10.1704,  Loss: -0.2057
Epoch 3047/5000: Time Est.: Elapsed[15.14h], Remain[31.22h]
=================================================================
Epoch 3048: Train (100%)  Score: 10.1055,  Loss: -0.2068
Epoch 3048/5000: Time Est.: Elapsed[15.15h], Remain[31.20h]
=================================================================
Epoch 3049: Train (100%)  Score: 10.0534,  Loss: -0.2041
Epoch 3049/5000: Time Est.: Elapsed[15.17h], Remain[31.19h]
=================================================================
Epoch 3050: Train (100%)  Score: 9.6686,  Loss: -0.2059
Epoch 3050/5000: Time Est.: Elapsed[15.19h], Remain[31.17h]
=================================================================
Epoch 3051: Train (100%)  Score: 10.4194,  Loss: -0.2050
Epoch 3051/5000: Time Est.: Elapsed[15.20h], Remain[31.16h]
=================================================================
Epoch 3052: Train (100%)  Score: 10.2706,  Loss: -0.2118
Epoch 3052/5000: Time Est.: Elapsed[15.22h], Remain[31.14h]
=================================================================
Epoch 3053: Train (100%)  Score: 10.1163,  Loss: -0.2105
Epoch 3053/5000: Time Est.: Elapsed[15.23h], Remain[31.13h]
=================================================================
Epoch 3054: Train (100%)  Score: 10.2139,  Loss: -0.2100
Epoch 3054/5000: Time Est.: Elapsed[15.25h], Remain[31.11h]
=================================================================
Epoch 3055: Train (100%)  Score: 10.1183,  Loss: -0.2037
Epoch 3055/5000: Time Est.: Elapsed[15.27h], Remain[31.09h]
=================================================================
Epoch 3056: Train (100%)  Score: 9.9292,  Loss: -0.2083
Epoch 3056/5000: Time Est.: Elapsed[15.28h], Remain[31.08h]
=================================================================
Epoch 3057: Train (100%)  Score: 10.2393,  Loss: -0.2084
Epoch 3057/5000: Time Est.: Elapsed[15.30h], Remain[31.06h]
=================================================================
Epoch 3058: Train (100%)  Score: 10.2069,  Loss: -0.2046
Epoch 3058/5000: Time Est.: Elapsed[15.31h], Remain[31.04h]
=================================================================
Epoch 3059: Train (100%)  Score: 9.8321,  Loss: -0.2068
Epoch 3059/5000: Time Est.: Elapsed[15.33h], Remain[31.03h]
=================================================================
Epoch 3060: Train (100%)  Score: 10.2567,  Loss: -0.2053
Epoch 3060/5000: Time Est.: Elapsed[15.35h], Remain[31.01h]
=================================================================
Epoch 3061: Train (100%)  Score: 10.5291,  Loss: -0.2101
Epoch 3061/5000: Time Est.: Elapsed[15.36h], Remain[31.00h]
=================================================================
Epoch 3062: Train (100%)  Score: 10.1505,  Loss: -0.2054
Epoch 3062/5000: Time Est.: Elapsed[15.38h], Remain[30.98h]
=================================================================
Epoch 3063: Train (100%)  Score: 10.3989,  Loss: -0.2119
Epoch 3063/5000: Time Est.: Elapsed[15.39h], Remain[30.96h]
=================================================================
Epoch 3064: Train (100%)  Score: 10.2246,  Loss: -0.2132
Epoch 3064/5000: Time Est.: Elapsed[15.41h], Remain[30.95h]
=================================================================
Epoch 3065: Train (100%)  Score: 10.4094,  Loss: -0.2112
Epoch 3065/5000: Time Est.: Elapsed[15.43h], Remain[30.93h]
=================================================================
Epoch 3066: Train (100%)  Score: 9.9596,  Loss: -0.2048
Epoch 3066/5000: Time Est.: Elapsed[15.44h], Remain[30.92h]
=================================================================
Epoch 3067: Train (100%)  Score: 9.8416,  Loss: -0.2098
Epoch 3067/5000: Time Est.: Elapsed[15.46h], Remain[30.90h]
=================================================================
Epoch 3068: Train (100%)  Score: 10.6200,  Loss: -0.2070
Epoch 3068/5000: Time Est.: Elapsed[15.47h], Remain[30.89h]
=================================================================
Epoch 3069: Train (100%)  Score: 9.9090,  Loss: -0.2062
Epoch 3069/5000: Time Est.: Elapsed[15.48h], Remain[30.85h]
=================================================================
Epoch 3070: Train (100%)  Score: 10.2361,  Loss: -0.2144
Epoch 3070/5000: Time Est.: Elapsed[15.51h], Remain[30.85h]
=================================================================
Epoch 3071: Train (100%)  Score: 9.8927,  Loss: -0.2054
Epoch 3071/5000: Time Est.: Elapsed[15.52h], Remain[30.84h]
=================================================================
Epoch 3072: Train (100%)  Score: 10.2308,  Loss: -0.2053
Epoch 3072/5000: Time Est.: Elapsed[15.54h], Remain[30.82h]
=================================================================
Epoch 3073: Train (100%)  Score: 9.9750,  Loss: -0.2071
Epoch 3073/5000: Time Est.: Elapsed[15.55h], Remain[30.80h]
=================================================================
Epoch 3074: Train (100%)  Score: 10.1018,  Loss: -0.2122
Epoch 3074/5000: Time Est.: Elapsed[15.57h], Remain[30.79h]
=================================================================
Epoch 3075: Train (100%)  Score: 10.2376,  Loss: -0.2133
Epoch 3075/5000: Time Est.: Elapsed[15.59h], Remain[30.77h]
=================================================================
Epoch 3076: Train (100%)  Score: 10.0920,  Loss: -0.2050
Epoch 3076/5000: Time Est.: Elapsed[15.59h], Remain[30.74h]
=================================================================
Epoch 3077: Train (100%)  Score: 10.2280,  Loss: -0.2103
Epoch 3077/5000: Time Est.: Elapsed[15.62h], Remain[30.74h]
=================================================================
Epoch 3078: Train (100%)  Score: 10.4925,  Loss: -0.2001
Epoch 3078/5000: Time Est.: Elapsed[15.63h], Remain[30.72h]
=================================================================
Epoch 3079: Train (100%)  Score: 10.0747,  Loss: -0.2091
Epoch 3079/5000: Time Est.: Elapsed[15.65h], Remain[30.71h]
=================================================================
Epoch 3080: Train (100%)  Score: 9.9604,  Loss: -0.2068
Epoch 3080/5000: Time Est.: Elapsed[15.67h], Remain[30.69h]
=================================================================
Epoch 3081: Train (100%)  Score: 10.1762,  Loss: -0.2065
Epoch 3081/5000: Time Est.: Elapsed[15.68h], Remain[30.68h]
=================================================================
Epoch 3082: Train (100%)  Score: 10.2246,  Loss: -0.2074
Epoch 3082/5000: Time Est.: Elapsed[15.70h], Remain[30.66h]
=================================================================
Epoch 3083: Train (100%)  Score: 9.8365,  Loss: -0.2027
Epoch 3083/5000: Time Est.: Elapsed[15.70h], Remain[30.62h]
=================================================================
Epoch 3084: Train (100%)  Score: 10.0829,  Loss: -0.2038
Epoch 3084/5000: Time Est.: Elapsed[15.73h], Remain[30.63h]
=================================================================
Epoch 3085: Train (100%)  Score: 9.9696,  Loss: -0.2123
Epoch 3085/5000: Time Est.: Elapsed[15.75h], Remain[30.61h]
=================================================================
Epoch 3086: Train (100%)  Score: 10.3160,  Loss: -0.2028
Epoch 3086/5000: Time Est.: Elapsed[15.76h], Remain[30.59h]
=================================================================
Epoch 3087: Train (100%)  Score: 10.1454,  Loss: -0.2136
Epoch 3087/5000: Time Est.: Elapsed[15.78h], Remain[30.58h]
=================================================================
Epoch 3088: Train (100%)  Score: 10.0949,  Loss: -0.2051
Epoch 3088/5000: Time Est.: Elapsed[15.79h], Remain[30.56h]
=================================================================
Epoch 3089: Train (100%)  Score: 10.4536,  Loss: -0.2080
Epoch 3089/5000: Time Est.: Elapsed[15.81h], Remain[30.55h]
=================================================================
Epoch 3090: Train (100%)  Score: 9.8748,  Loss: -0.2098
Epoch 3090/5000: Time Est.: Elapsed[15.82h], Remain[30.53h]
=================================================================
Epoch 3091: Train (100%)  Score: 10.2180,  Loss: -0.2050
Epoch 3091/5000: Time Est.: Elapsed[15.84h], Remain[30.51h]
=================================================================
Epoch 3092: Train (100%)  Score: 10.0907,  Loss: -0.2122
Epoch 3092/5000: Time Est.: Elapsed[15.86h], Remain[30.50h]
=================================================================
Epoch 3093: Train (100%)  Score: 10.4107,  Loss: -0.2149
Epoch 3093/5000: Time Est.: Elapsed[15.87h], Remain[30.48h]
=================================================================
Epoch 3094: Train (100%)  Score: 10.3433,  Loss: -0.2053
Epoch 3094/5000: Time Est.: Elapsed[15.89h], Remain[30.47h]
=================================================================
Epoch 3095: Train (100%)  Score: 10.1761,  Loss: -0.2102
Epoch 3095/5000: Time Est.: Elapsed[15.90h], Remain[30.45h]
=================================================================
Epoch 3096: Train (100%)  Score: 10.0282,  Loss: -0.2101
Epoch 3096/5000: Time Est.: Elapsed[15.92h], Remain[30.44h]
=================================================================
Epoch 3097: Train (100%)  Score: 10.0453,  Loss: -0.2039
Epoch 3097/5000: Time Est.: Elapsed[15.94h], Remain[30.42h]
=================================================================
Epoch 3098: Train (100%)  Score: 9.9870,  Loss: -0.2026
Epoch 3098/5000: Time Est.: Elapsed[15.95h], Remain[30.40h]
=================================================================
Epoch 3099: Train (100%)  Score: 9.5836,  Loss: -0.2056
Epoch 3099/5000: Time Est.: Elapsed[15.97h], Remain[30.39h]
=================================================================
Epoch 3100: Train (100%)  Score: 9.9041,  Loss: -0.1995
Epoch 3100/5000: Time Est.: Elapsed[15.98h], Remain[30.37h]
Saving trained_model
=================================================================
Epoch 3101: Train (100%)  Score: 10.1640,  Loss: -0.2089
Epoch 3101/5000: Time Est.: Elapsed[16.00h], Remain[30.35h]
=================================================================
Epoch 3102: Train (100%)  Score: 10.1825,  Loss: -0.2102
Epoch 3102/5000: Time Est.: Elapsed[16.02h], Remain[30.34h]
=================================================================
Epoch 3103: Train (100%)  Score: 9.6953,  Loss: -0.2054
Epoch 3103/5000: Time Est.: Elapsed[16.03h], Remain[30.32h]
=================================================================
Epoch 3104: Train (100%)  Score: 9.9383,  Loss: -0.2103
Epoch 3104/5000: Time Est.: Elapsed[16.05h], Remain[30.31h]
=================================================================
Epoch 3105: Train (100%)  Score: 9.9012,  Loss: -0.2059
Epoch 3105/5000: Time Est.: Elapsed[16.06h], Remain[30.29h]
=================================================================
Epoch 3106: Train (100%)  Score: 10.3236,  Loss: -0.2116
Epoch 3106/5000: Time Est.: Elapsed[16.08h], Remain[30.27h]
=================================================================
Epoch 3107: Train (100%)  Score: 9.9789,  Loss: -0.2031
Epoch 3107/5000: Time Est.: Elapsed[16.10h], Remain[30.26h]
=================================================================
Epoch 3108: Train (100%)  Score: 10.1632,  Loss: -0.2082
Epoch 3108/5000: Time Est.: Elapsed[16.11h], Remain[30.24h]
=================================================================
Epoch 3109: Train (100%)  Score: 10.4255,  Loss: -0.2064
Epoch 3109/5000: Time Est.: Elapsed[16.13h], Remain[30.23h]
=================================================================
Epoch 3110: Train (100%)  Score: 10.2421,  Loss: -0.2138
Epoch 3110/5000: Time Est.: Elapsed[16.14h], Remain[30.21h]
=================================================================
Epoch 3111: Train (100%)  Score: 10.0204,  Loss: -0.2076
Epoch 3111/5000: Time Est.: Elapsed[16.16h], Remain[30.19h]
=================================================================
Epoch 3112: Train (100%)  Score: 9.7517,  Loss: -0.2007
Epoch 3112/5000: Time Est.: Elapsed[16.18h], Remain[30.18h]
=================================================================
Epoch 3113: Train (100%)  Score: 10.2996,  Loss: -0.2059
Epoch 3113/5000: Time Est.: Elapsed[16.19h], Remain[30.16h]
=================================================================
Epoch 3114: Train (100%)  Score: 9.8961,  Loss: -0.2063
Epoch 3114/5000: Time Est.: Elapsed[16.21h], Remain[30.15h]
=================================================================
Epoch 3115: Train (100%)  Score: 10.2121,  Loss: -0.2054
Epoch 3115/5000: Time Est.: Elapsed[16.23h], Remain[30.13h]
=================================================================
Epoch 3116: Train (100%)  Score: 10.1018,  Loss: -0.2133
Epoch 3116/5000: Time Est.: Elapsed[16.24h], Remain[30.12h]
=================================================================
Epoch 3117: Train (100%)  Score: 10.5324,  Loss: -0.2087
Epoch 3117/5000: Time Est.: Elapsed[16.26h], Remain[30.10h]
=================================================================
Epoch 3118: Train (100%)  Score: 10.1450,  Loss: -0.2054
Epoch 3118/5000: Time Est.: Elapsed[16.27h], Remain[30.09h]
=================================================================
Epoch 3119: Train (100%)  Score: 10.0304,  Loss: -0.2088
Epoch 3119/5000: Time Est.: Elapsed[16.29h], Remain[30.07h]
=================================================================
Epoch 3120: Train (100%)  Score: 9.8921,  Loss: -0.2102
Epoch 3120/5000: Time Est.: Elapsed[16.31h], Remain[30.06h]
=================================================================
Epoch 3121: Train (100%)  Score: 10.1349,  Loss: -0.2101
Epoch 3121/5000: Time Est.: Elapsed[16.32h], Remain[30.04h]
=================================================================
Epoch 3122: Train (100%)  Score: 9.8579,  Loss: -0.2067
Epoch 3122/5000: Time Est.: Elapsed[16.34h], Remain[30.02h]
=================================================================
Epoch 3123: Train (100%)  Score: 9.9824,  Loss: -0.2053
Epoch 3123/5000: Time Est.: Elapsed[16.35h], Remain[30.01h]
=================================================================
Epoch 3124: Train (100%)  Score: 10.1730,  Loss: -0.2061
Epoch 3124/5000: Time Est.: Elapsed[16.37h], Remain[29.99h]
=================================================================
Epoch 3125: Train (100%)  Score: 9.9188,  Loss: -0.2101
Epoch 3125/5000: Time Est.: Elapsed[16.39h], Remain[29.98h]
=================================================================
Epoch 3126: Train (100%)  Score: 9.9816,  Loss: -0.2028
Epoch 3126/5000: Time Est.: Elapsed[16.40h], Remain[29.96h]
=================================================================
Epoch 3127: Train (100%)  Score: 10.0833,  Loss: -0.2121
Epoch 3127/5000: Time Est.: Elapsed[16.42h], Remain[29.94h]
=================================================================
Epoch 3128: Train (100%)  Score: 10.1475,  Loss: -0.2055
Epoch 3128/5000: Time Est.: Elapsed[16.43h], Remain[29.93h]
=================================================================
Epoch 3129: Train (100%)  Score: 9.6938,  Loss: -0.2045
Epoch 3129/5000: Time Est.: Elapsed[16.45h], Remain[29.91h]
=================================================================
Epoch 3130: Train (100%)  Score: 9.6311,  Loss: -0.2083
Epoch 3130/5000: Time Est.: Elapsed[16.47h], Remain[29.89h]
=================================================================
Epoch 3131: Train (100%)  Score: 10.3300,  Loss: -0.2096
Epoch 3131/5000: Time Est.: Elapsed[16.48h], Remain[29.88h]
=================================================================
Epoch 3132: Train (100%)  Score: 10.4513,  Loss: -0.2080
Epoch 3132/5000: Time Est.: Elapsed[16.50h], Remain[29.86h]
=================================================================
Epoch 3133: Train (100%)  Score: 10.1464,  Loss: -0.2063
Epoch 3133/5000: Time Est.: Elapsed[16.51h], Remain[29.85h]
=================================================================
Epoch 3134: Train (100%)  Score: 9.8939,  Loss: -0.2042
Epoch 3134/5000: Time Est.: Elapsed[16.53h], Remain[29.83h]
=================================================================
Epoch 3135: Train (100%)  Score: 9.9652,  Loss: -0.2047
Epoch 3135/5000: Time Est.: Elapsed[16.55h], Remain[29.82h]
=================================================================
Epoch 3136: Train (100%)  Score: 10.2528,  Loss: -0.2068
Epoch 3136/5000: Time Est.: Elapsed[16.56h], Remain[29.80h]
=================================================================
Epoch 3137: Train (100%)  Score: 9.7478,  Loss: -0.1962
Epoch 3137/5000: Time Est.: Elapsed[16.58h], Remain[29.78h]
=================================================================
Epoch 3138: Train (100%)  Score: 10.2244,  Loss: -0.2041
Epoch 3138/5000: Time Est.: Elapsed[16.59h], Remain[29.77h]
=================================================================
Epoch 3139: Train (100%)  Score: 9.9153,  Loss: -0.2074
Epoch 3139/5000: Time Est.: Elapsed[16.61h], Remain[29.75h]
=================================================================
Epoch 3140: Train (100%)  Score: 9.8737,  Loss: -0.2066
Epoch 3140/5000: Time Est.: Elapsed[16.63h], Remain[29.73h]
=================================================================
Epoch 3141: Train (100%)  Score: 10.4230,  Loss: -0.2118
Epoch 3141/5000: Time Est.: Elapsed[16.64h], Remain[29.72h]
=================================================================
Epoch 3142: Train (100%)  Score: 10.1560,  Loss: -0.2072
Epoch 3142/5000: Time Est.: Elapsed[16.66h], Remain[29.70h]
=================================================================
Epoch 3143: Train (100%)  Score: 9.8152,  Loss: -0.2036
Epoch 3143/5000: Time Est.: Elapsed[16.67h], Remain[29.69h]
=================================================================
Epoch 3144: Train (100%)  Score: 10.2597,  Loss: -0.2079
Epoch 3144/5000: Time Est.: Elapsed[16.69h], Remain[29.67h]
=================================================================
Epoch 3145: Train (100%)  Score: 10.1562,  Loss: -0.2081
Epoch 3145/5000: Time Est.: Elapsed[16.71h], Remain[29.65h]
=================================================================
Epoch 3146: Train (100%)  Score: 10.5175,  Loss: -0.2072
Epoch 3146/5000: Time Est.: Elapsed[16.72h], Remain[29.64h]
=================================================================
Epoch 3147: Train (100%)  Score: 10.4127,  Loss: -0.2105
Epoch 3147/5000: Time Est.: Elapsed[16.74h], Remain[29.62h]
=================================================================
Epoch 3148: Train (100%)  Score: 10.0073,  Loss: -0.2077
Epoch 3148/5000: Time Est.: Elapsed[16.75h], Remain[29.61h]
=================================================================
Epoch 3149: Train (100%)  Score: 10.0869,  Loss: -0.2096
Epoch 3149/5000: Time Est.: Elapsed[16.77h], Remain[29.59h]
=================================================================
Epoch 3150: Train (100%)  Score: 10.2854,  Loss: -0.2097
Epoch 3150/5000: Time Est.: Elapsed[16.79h], Remain[29.57h]
=================================================================
Epoch 3151: Train (100%)  Score: 10.4728,  Loss: -0.2122
Epoch 3151/5000: Time Est.: Elapsed[16.80h], Remain[29.56h]
=================================================================
Epoch 3152: Train (100%)  Score: 10.1757,  Loss: -0.2058
Epoch 3152/5000: Time Est.: Elapsed[16.82h], Remain[29.54h]
=================================================================
Epoch 3153: Train (100%)  Score: 10.0863,  Loss: -0.2012
Epoch 3153/5000: Time Est.: Elapsed[16.83h], Remain[29.53h]
=================================================================
Epoch 3154: Train (100%)  Score: 10.3310,  Loss: -0.2098
Epoch 3154/5000: Time Est.: Elapsed[16.85h], Remain[29.51h]
=================================================================
Epoch 3155: Train (100%)  Score: 9.9880,  Loss: -0.1982
Epoch 3155/5000: Time Est.: Elapsed[16.87h], Remain[29.49h]
=================================================================
Epoch 3156: Train (100%)  Score: 10.1601,  Loss: -0.2105
Epoch 3156/5000: Time Est.: Elapsed[16.88h], Remain[29.48h]
=================================================================
Epoch 3157: Train (100%)  Score: 9.8924,  Loss: -0.2092
Epoch 3157/5000: Time Est.: Elapsed[16.90h], Remain[29.46h]
=================================================================
Epoch 3158: Train (100%)  Score: 9.7745,  Loss: -0.2030
Epoch 3158/5000: Time Est.: Elapsed[16.91h], Remain[29.45h]
=================================================================
Epoch 3159: Train (100%)  Score: 10.2892,  Loss: -0.2088
Epoch 3159/5000: Time Est.: Elapsed[16.93h], Remain[29.43h]
=================================================================
>> Invalid instances, Re-generating ...
Epoch 3160: Train (100%)  Score: 10.0542,  Loss: -0.2069
Epoch 3160/5000: Time Est.: Elapsed[16.95h], Remain[29.41h]
=================================================================
Epoch 3161: Train (100%)  Score: 10.5206,  Loss: -0.2115
Epoch 3161/5000: Time Est.: Elapsed[16.96h], Remain[29.40h]
=================================================================
Epoch 3162: Train (100%)  Score: 9.9275,  Loss: -0.2060
Epoch 3162/5000: Time Est.: Elapsed[16.98h], Remain[29.38h]
=================================================================
Epoch 3163: Train (100%)  Score: 10.2031,  Loss: -0.2071
Epoch 3163/5000: Time Est.: Elapsed[16.99h], Remain[29.37h]
=================================================================
Epoch 3164: Train (100%)  Score: 10.0437,  Loss: -0.2083
Epoch 3164/5000: Time Est.: Elapsed[17.00h], Remain[29.33h]
=================================================================
Epoch 3165: Train (100%)  Score: 10.0880,  Loss: -0.2054
Epoch 3165/5000: Time Est.: Elapsed[17.02h], Remain[29.33h]
=================================================================
Epoch 3166: Train (100%)  Score: 9.8441,  Loss: -0.2098
Epoch 3166/5000: Time Est.: Elapsed[17.04h], Remain[29.32h]
=================================================================
Epoch 3167: Train (100%)  Score: 10.1692,  Loss: -0.2102
Epoch 3167/5000: Time Est.: Elapsed[17.06h], Remain[29.30h]
=================================================================
Epoch 3168: Train (100%)  Score: 10.3068,  Loss: -0.2056
Epoch 3168/5000: Time Est.: Elapsed[17.07h], Remain[29.29h]
=================================================================
Epoch 3169: Train (100%)  Score: 10.0232,  Loss: -0.2064
Epoch 3169/5000: Time Est.: Elapsed[17.09h], Remain[29.27h]
=================================================================
Epoch 3170: Train (100%)  Score: 10.1348,  Loss: -0.2074
Epoch 3170/5000: Time Est.: Elapsed[17.11h], Remain[29.25h]
=================================================================
Epoch 3171: Train (100%)  Score: 10.3687,  Loss: -0.2066
Epoch 3171/5000: Time Est.: Elapsed[17.12h], Remain[29.24h]
=================================================================
Epoch 3172: Train (100%)  Score: 9.8627,  Loss: -0.2064
Epoch 3172/5000: Time Est.: Elapsed[17.14h], Remain[29.22h]
=================================================================
Epoch 3173: Train (100%)  Score: 10.0332,  Loss: -0.2102
Epoch 3173/5000: Time Est.: Elapsed[17.15h], Remain[29.21h]
=================================================================
Epoch 3174: Train (100%)  Score: 10.1661,  Loss: -0.2061
Epoch 3174/5000: Time Est.: Elapsed[17.17h], Remain[29.19h]
=================================================================
Epoch 3175: Train (100%)  Score: 10.0105,  Loss: -0.2057
Epoch 3175/5000: Time Est.: Elapsed[17.19h], Remain[29.18h]
=================================================================
Epoch 3176: Train (100%)  Score: 10.3736,  Loss: -0.2089
Epoch 3176/5000: Time Est.: Elapsed[17.20h], Remain[29.16h]
=================================================================
Epoch 3177: Train (100%)  Score: 10.5207,  Loss: -0.2069
Epoch 3177/5000: Time Est.: Elapsed[17.22h], Remain[29.14h]
=================================================================
Epoch 3178: Train (100%)  Score: 9.7627,  Loss: -0.2048
Epoch 3178/5000: Time Est.: Elapsed[17.23h], Remain[29.13h]
=================================================================
Epoch 3179: Train (100%)  Score: 9.9198,  Loss: -0.2070
Epoch 3179/5000: Time Est.: Elapsed[17.25h], Remain[29.11h]
=================================================================
Epoch 3180: Train (100%)  Score: 10.1038,  Loss: -0.2062
Epoch 3180/5000: Time Est.: Elapsed[17.27h], Remain[29.10h]
=================================================================
Epoch 3181: Train (100%)  Score: 9.8307,  Loss: -0.2056
Epoch 3181/5000: Time Est.: Elapsed[17.28h], Remain[29.08h]
=================================================================
Epoch 3182: Train (100%)  Score: 10.3751,  Loss: -0.2093
Epoch 3182/5000: Time Est.: Elapsed[17.30h], Remain[29.06h]
=================================================================
Epoch 3183: Train (100%)  Score: 10.1109,  Loss: -0.2144
Epoch 3183/5000: Time Est.: Elapsed[17.31h], Remain[29.05h]
=================================================================
Epoch 3184: Train (100%)  Score: 10.0303,  Loss: -0.2056
Epoch 3184/5000: Time Est.: Elapsed[17.33h], Remain[29.03h]
=================================================================
Epoch 3185: Train (100%)  Score: 9.9045,  Loss: -0.2058
Epoch 3185/5000: Time Est.: Elapsed[17.35h], Remain[29.02h]
=================================================================
Epoch 3186: Train (100%)  Score: 10.3891,  Loss: -0.2070
Epoch 3186/5000: Time Est.: Elapsed[17.36h], Remain[29.00h]
=================================================================
Epoch 3187: Train (100%)  Score: 10.5165,  Loss: -0.2069
Epoch 3187/5000: Time Est.: Elapsed[17.38h], Remain[28.99h]
=================================================================
Epoch 3188: Train (100%)  Score: 10.3695,  Loss: -0.2087
Epoch 3188/5000: Time Est.: Elapsed[17.39h], Remain[28.95h]
=================================================================
Epoch 3189: Train (100%)  Score: 9.9978,  Loss: -0.2048
Epoch 3189/5000: Time Est.: Elapsed[17.41h], Remain[28.96h]
=================================================================
Epoch 3190: Train (100%)  Score: 10.5497,  Loss: -0.2033
Epoch 3190/5000: Time Est.: Elapsed[17.43h], Remain[28.94h]
=================================================================
Epoch 3191: Train (100%)  Score: 9.9999,  Loss: -0.2004
Epoch 3191/5000: Time Est.: Elapsed[17.44h], Remain[28.92h]
=================================================================
Epoch 3192: Train (100%)  Score: 10.0068,  Loss: -0.2035
Epoch 3192/5000: Time Est.: Elapsed[17.46h], Remain[28.91h]
=================================================================
Epoch 3193: Train (100%)  Score: 10.0325,  Loss: -0.2083
Epoch 3193/5000: Time Est.: Elapsed[17.48h], Remain[28.89h]
=================================================================
Epoch 3194: Train (100%)  Score: 10.0762,  Loss: -0.2068
Epoch 3194/5000: Time Est.: Elapsed[17.49h], Remain[28.88h]
=================================================================
Epoch 3195: Train (100%)  Score: 10.3677,  Loss: -0.2091
Epoch 3195/5000: Time Est.: Elapsed[17.51h], Remain[28.86h]
=================================================================
Epoch 3196: Train (100%)  Score: 9.8382,  Loss: -0.2057
Epoch 3196/5000: Time Est.: Elapsed[17.52h], Remain[28.85h]
=================================================================
Epoch 3197: Train (100%)  Score: 9.8724,  Loss: -0.2032
Epoch 3197/5000: Time Est.: Elapsed[17.54h], Remain[28.83h]
=================================================================
Epoch 3198: Train (100%)  Score: 10.1670,  Loss: -0.2072
Epoch 3198/5000: Time Est.: Elapsed[17.56h], Remain[28.81h]
=================================================================
Epoch 3199: Train (100%)  Score: 10.0497,  Loss: -0.2065
Epoch 3199/5000: Time Est.: Elapsed[17.57h], Remain[28.80h]
=================================================================
Epoch 3200: Train (100%)  Score: 10.3067,  Loss: -0.2093
Epoch 3200/5000: Time Est.: Elapsed[17.59h], Remain[28.78h]
Saving trained_model
=================================================================
Epoch 3201: Train (100%)  Score: 10.2439,  Loss: -0.2095
Epoch 3201/5000: Time Est.: Elapsed[17.60h], Remain[28.77h]
=================================================================
Epoch 3202: Train (100%)  Score: 9.6649,  Loss: -0.2087
Epoch 3202/5000: Time Est.: Elapsed[17.62h], Remain[28.75h]
=================================================================
Epoch 3203: Train (100%)  Score: 10.0251,  Loss: -0.2087
Epoch 3203/5000: Time Est.: Elapsed[17.64h], Remain[28.73h]
=================================================================
Epoch 3204: Train (100%)  Score: 10.2250,  Loss: -0.2039
Epoch 3204/5000: Time Est.: Elapsed[17.65h], Remain[28.72h]
=================================================================
Epoch 3205: Train (100%)  Score: 10.1763,  Loss: -0.2041
Epoch 3205/5000: Time Est.: Elapsed[17.67h], Remain[28.70h]
=================================================================
Epoch 3206: Train (100%)  Score: 10.3355,  Loss: -0.2114
Epoch 3206/5000: Time Est.: Elapsed[17.68h], Remain[28.69h]
=================================================================
Epoch 3207: Train (100%)  Score: 10.1780,  Loss: -0.2049
Epoch 3207/5000: Time Est.: Elapsed[17.70h], Remain[28.67h]
=================================================================
Epoch 3208: Train (100%)  Score: 10.3242,  Loss: -0.2043
Epoch 3208/5000: Time Est.: Elapsed[17.72h], Remain[28.65h]
=================================================================
Epoch 3209: Train (100%)  Score: 10.0971,  Loss: -0.2060
Epoch 3209/5000: Time Est.: Elapsed[17.73h], Remain[28.64h]
=================================================================
Epoch 3210: Train (100%)  Score: 9.9721,  Loss: -0.2051
Epoch 3210/5000: Time Est.: Elapsed[17.75h], Remain[28.62h]
=================================================================
Epoch 3211: Train (100%)  Score: 10.1961,  Loss: -0.2097
Epoch 3211/5000: Time Est.: Elapsed[17.76h], Remain[28.61h]
=================================================================
Epoch 3212: Train (100%)  Score: 9.8849,  Loss: -0.2061
Epoch 3212/5000: Time Est.: Elapsed[17.78h], Remain[28.59h]
=================================================================
Epoch 3213: Train (100%)  Score: 10.1655,  Loss: -0.2088
Epoch 3213/5000: Time Est.: Elapsed[17.80h], Remain[28.57h]
=================================================================
Epoch 3214: Train (100%)  Score: 10.1288,  Loss: -0.2048
Epoch 3214/5000: Time Est.: Elapsed[17.81h], Remain[28.56h]
=================================================================
Epoch 3215: Train (100%)  Score: 9.8054,  Loss: -0.2051
Epoch 3215/5000: Time Est.: Elapsed[17.83h], Remain[28.54h]
=================================================================
Epoch 3216: Train (100%)  Score: 10.3738,  Loss: -0.2068
Epoch 3216/5000: Time Est.: Elapsed[17.85h], Remain[28.53h]
=================================================================
Epoch 3217: Train (100%)  Score: 10.2956,  Loss: -0.2130
Epoch 3217/5000: Time Est.: Elapsed[17.86h], Remain[28.51h]
=================================================================
Epoch 3218: Train (100%)  Score: 10.3794,  Loss: -0.2070
Epoch 3218/5000: Time Est.: Elapsed[17.88h], Remain[28.50h]
=================================================================
Epoch 3219: Train (100%)  Score: 9.8133,  Loss: -0.2086
Epoch 3219/5000: Time Est.: Elapsed[17.89h], Remain[28.48h]
=================================================================
Epoch 3220: Train (100%)  Score: 9.8198,  Loss: -0.2038
Epoch 3220/5000: Time Est.: Elapsed[17.91h], Remain[28.46h]
=================================================================
Epoch 3221: Train (100%)  Score: 10.1803,  Loss: -0.2095
Epoch 3221/5000: Time Est.: Elapsed[17.93h], Remain[28.45h]
=================================================================
Epoch 3222: Train (100%)  Score: 10.0077,  Loss: -0.2038
Epoch 3222/5000: Time Est.: Elapsed[17.94h], Remain[28.43h]
=================================================================
Epoch 3223: Train (100%)  Score: 10.2794,  Loss: -0.2097
Epoch 3223/5000: Time Est.: Elapsed[17.96h], Remain[28.42h]
=================================================================
Epoch 3224: Train (100%)  Score: 10.1254,  Loss: -0.2097
Epoch 3224/5000: Time Est.: Elapsed[17.97h], Remain[28.40h]
=================================================================
Epoch 3225: Train (100%)  Score: 9.8980,  Loss: -0.2046
Epoch 3225/5000: Time Est.: Elapsed[17.99h], Remain[28.38h]
=================================================================
Epoch 3226: Train (100%)  Score: 9.8549,  Loss: -0.2081
Epoch 3226/5000: Time Est.: Elapsed[18.01h], Remain[28.37h]
=================================================================
Epoch 3227: Train (100%)  Score: 10.0775,  Loss: -0.1968
Epoch 3227/5000: Time Est.: Elapsed[18.02h], Remain[28.35h]
=================================================================
Epoch 3228: Train (100%)  Score: 10.4889,  Loss: -0.2054
Epoch 3228/5000: Time Est.: Elapsed[18.04h], Remain[28.33h]
=================================================================
Epoch 3229: Train (100%)  Score: 10.1701,  Loss: -0.2091
Epoch 3229/5000: Time Est.: Elapsed[18.05h], Remain[28.32h]
=================================================================
Epoch 3230: Train (100%)  Score: 9.9934,  Loss: -0.2047
Epoch 3230/5000: Time Est.: Elapsed[18.07h], Remain[28.30h]
=================================================================
Epoch 3231: Train (100%)  Score: 10.2622,  Loss: -0.2019
Epoch 3231/5000: Time Est.: Elapsed[18.09h], Remain[28.29h]
=================================================================
Epoch 3232: Train (100%)  Score: 10.1617,  Loss: -0.2051
Epoch 3232/5000: Time Est.: Elapsed[18.10h], Remain[28.27h]
=================================================================
Epoch 3233: Train (100%)  Score: 10.1641,  Loss: -0.2054
Epoch 3233/5000: Time Est.: Elapsed[18.12h], Remain[28.25h]
=================================================================
Epoch 3234: Train (100%)  Score: 9.9133,  Loss: -0.2053
Epoch 3234/5000: Time Est.: Elapsed[18.13h], Remain[28.24h]
=================================================================
Epoch 3235: Train (100%)  Score: 10.2690,  Loss: -0.2086
Epoch 3235/5000: Time Est.: Elapsed[18.15h], Remain[28.22h]
=================================================================
Epoch 3236: Train (100%)  Score: 10.2621,  Loss: -0.2059
Epoch 3236/5000: Time Est.: Elapsed[18.16h], Remain[28.21h]
=================================================================
Epoch 3237: Train (100%)  Score: 10.0096,  Loss: -0.2069
Epoch 3237/5000: Time Est.: Elapsed[18.18h], Remain[28.19h]
=================================================================
Epoch 3238: Train (100%)  Score: 9.8808,  Loss: -0.2075
Epoch 3238/5000: Time Est.: Elapsed[18.20h], Remain[28.17h]
=================================================================
Epoch 3239: Train (100%)  Score: 10.1410,  Loss: -0.2058
Epoch 3239/5000: Time Est.: Elapsed[18.21h], Remain[28.16h]
=================================================================
Epoch 3240: Train (100%)  Score: 9.8490,  Loss: -0.2065
Epoch 3240/5000: Time Est.: Elapsed[18.23h], Remain[28.14h]
=================================================================
Epoch 3241: Train (100%)  Score: 10.2627,  Loss: -0.2087
Epoch 3241/5000: Time Est.: Elapsed[18.24h], Remain[28.13h]
=================================================================
Epoch 3242: Train (100%)  Score: 10.2305,  Loss: -0.2107
Epoch 3242/5000: Time Est.: Elapsed[18.26h], Remain[28.11h]
=================================================================
Epoch 3243: Train (100%)  Score: 9.9059,  Loss: -0.2063
Epoch 3243/5000: Time Est.: Elapsed[18.28h], Remain[28.09h]
=================================================================
Epoch 3244: Train (100%)  Score: 10.1886,  Loss: -0.2122
Epoch 3244/5000: Time Est.: Elapsed[18.29h], Remain[28.08h]
=================================================================
Epoch 3245: Train (100%)  Score: 10.1747,  Loss: -0.2104
Epoch 3245/5000: Time Est.: Elapsed[18.31h], Remain[28.06h]
=================================================================
Epoch 3246: Train (100%)  Score: 9.8246,  Loss: -0.2011
Epoch 3246/5000: Time Est.: Elapsed[18.32h], Remain[28.05h]
=================================================================
Epoch 3247: Train (100%)  Score: 10.2113,  Loss: -0.2048
Epoch 3247/5000: Time Est.: Elapsed[18.33h], Remain[28.02h]
=================================================================
Epoch 3248: Train (100%)  Score: 10.1574,  Loss: -0.2105
Epoch 3248/5000: Time Est.: Elapsed[18.36h], Remain[28.01h]
=================================================================
Epoch 3249: Train (100%)  Score: 10.3302,  Loss: -0.2062
Epoch 3249/5000: Time Est.: Elapsed[18.37h], Remain[28.00h]
=================================================================
Epoch 3250: Train (100%)  Score: 9.8571,  Loss: -0.2056
Epoch 3250/5000: Time Est.: Elapsed[18.39h], Remain[27.98h]
=================================================================
Epoch 3251: Train (100%)  Score: 10.2367,  Loss: -0.2077
Epoch 3251/5000: Time Est.: Elapsed[18.40h], Remain[27.97h]
=================================================================
Epoch 3252: Train (100%)  Score: 10.0239,  Loss: -0.2057
Epoch 3252/5000: Time Est.: Elapsed[18.42h], Remain[27.95h]
=================================================================
Epoch 3253: Train (100%)  Score: 10.1978,  Loss: -0.2036
Epoch 3253/5000: Time Est.: Elapsed[18.44h], Remain[27.94h]
=================================================================
Epoch 3254: Train (100%)  Score: 9.9420,  Loss: -0.2072
Epoch 3254/5000: Time Est.: Elapsed[18.45h], Remain[27.92h]
=================================================================
Epoch 3255: Train (100%)  Score: 10.0782,  Loss: -0.2021
Epoch 3255/5000: Time Est.: Elapsed[18.47h], Remain[27.90h]
=================================================================
Epoch 3256: Train (100%)  Score: 10.0221,  Loss: -0.2048
Epoch 3256/5000: Time Est.: Elapsed[18.49h], Remain[27.89h]
=================================================================
Epoch 3257: Train (100%)  Score: 9.8348,  Loss: -0.2041
Epoch 3257/5000: Time Est.: Elapsed[18.50h], Remain[27.87h]
=================================================================
Epoch 3258: Train (100%)  Score: 10.1304,  Loss: -0.2075
Epoch 3258/5000: Time Est.: Elapsed[18.52h], Remain[27.86h]
=================================================================
Epoch 3259: Train (100%)  Score: 9.9897,  Loss: -0.2090
Epoch 3259/5000: Time Est.: Elapsed[18.53h], Remain[27.84h]
=================================================================
Epoch 3260: Train (100%)  Score: 10.2484,  Loss: -0.2033
Epoch 3260/5000: Time Est.: Elapsed[18.55h], Remain[27.82h]
=================================================================
Epoch 3261: Train (100%)  Score: 10.1174,  Loss: -0.2050
Epoch 3261/5000: Time Est.: Elapsed[18.57h], Remain[27.81h]
=================================================================
Epoch 3262: Train (100%)  Score: 9.8344,  Loss: -0.2058
Epoch 3262/5000: Time Est.: Elapsed[18.58h], Remain[27.79h]
=================================================================
Epoch 3263: Train (100%)  Score: 10.1270,  Loss: -0.2095
Epoch 3263/5000: Time Est.: Elapsed[18.60h], Remain[27.78h]
=================================================================
Epoch 3264: Train (100%)  Score: 10.1909,  Loss: -0.2144
Epoch 3264/5000: Time Est.: Elapsed[18.61h], Remain[27.76h]
=================================================================
Epoch 3265: Train (100%)  Score: 10.0448,  Loss: -0.2029
Epoch 3265/5000: Time Est.: Elapsed[18.63h], Remain[27.74h]
=================================================================
Epoch 3266: Train (100%)  Score: 10.3113,  Loss: -0.2069
Epoch 3266/5000: Time Est.: Elapsed[18.65h], Remain[27.73h]
=================================================================
Epoch 3267: Train (100%)  Score: 10.2003,  Loss: -0.2098
Epoch 3267/5000: Time Est.: Elapsed[18.66h], Remain[27.71h]
=================================================================
Epoch 3268: Train (100%)  Score: 9.8216,  Loss: -0.2090
Epoch 3268/5000: Time Est.: Elapsed[18.68h], Remain[27.70h]
=================================================================
>> Invalid instances, Re-generating ...
Epoch 3269: Train (100%)  Score: 9.9564,  Loss: -0.2074
Epoch 3269/5000: Time Est.: Elapsed[18.69h], Remain[27.68h]
=================================================================
Epoch 3270: Train (100%)  Score: 10.1949,  Loss: -0.2093
Epoch 3270/5000: Time Est.: Elapsed[18.71h], Remain[27.66h]
=================================================================
Epoch 3271: Train (100%)  Score: 9.9863,  Loss: -0.2032
Epoch 3271/5000: Time Est.: Elapsed[18.72h], Remain[27.65h]
=================================================================
Epoch 3272: Train (100%)  Score: 10.1068,  Loss: -0.2042
Epoch 3272/5000: Time Est.: Elapsed[18.74h], Remain[27.63h]
=================================================================
Epoch 3273: Train (100%)  Score: 10.0929,  Loss: -0.2058
Epoch 3273/5000: Time Est.: Elapsed[18.76h], Remain[27.62h]
=================================================================
Epoch 3274: Train (100%)  Score: 9.9532,  Loss: -0.2061
Epoch 3274/5000: Time Est.: Elapsed[18.77h], Remain[27.60h]
=================================================================
Epoch 3275: Train (100%)  Score: 9.9766,  Loss: -0.2020
Epoch 3275/5000: Time Est.: Elapsed[18.79h], Remain[27.59h]
=================================================================
Epoch 3276: Train (100%)  Score: 10.1419,  Loss: -0.2007
Epoch 3276/5000: Time Est.: Elapsed[18.81h], Remain[27.57h]
=================================================================
Epoch 3277: Train (100%)  Score: 10.0713,  Loss: -0.2042
Epoch 3277/5000: Time Est.: Elapsed[18.82h], Remain[27.55h]
=================================================================
Epoch 3278: Train (100%)  Score: 9.6330,  Loss: -0.2043
Epoch 3278/5000: Time Est.: Elapsed[18.84h], Remain[27.54h]
=================================================================
Epoch 3279: Train (100%)  Score: 9.9988,  Loss: -0.2089
Epoch 3279/5000: Time Est.: Elapsed[18.85h], Remain[27.52h]
=================================================================
Epoch 3280: Train (100%)  Score: 9.8909,  Loss: -0.2069
Epoch 3280/5000: Time Est.: Elapsed[18.87h], Remain[27.51h]
=================================================================
Epoch 3281: Train (100%)  Score: 10.0775,  Loss: -0.2009
Epoch 3281/5000: Time Est.: Elapsed[18.89h], Remain[27.49h]
=================================================================
Epoch 3282: Train (100%)  Score: 9.5168,  Loss: -0.2059
Epoch 3282/5000: Time Est.: Elapsed[18.90h], Remain[27.47h]
=================================================================
Epoch 3283: Train (100%)  Score: 10.4774,  Loss: -0.2134
Epoch 3283/5000: Time Est.: Elapsed[18.92h], Remain[27.46h]
=================================================================
Epoch 3284: Train (100%)  Score: 10.0962,  Loss: -0.2112
Epoch 3284/5000: Time Est.: Elapsed[18.93h], Remain[27.44h]
=================================================================
Epoch 3285: Train (100%)  Score: 9.9638,  Loss: -0.2065
Epoch 3285/5000: Time Est.: Elapsed[18.95h], Remain[27.42h]
=================================================================
Epoch 3286: Train (100%)  Score: 10.3371,  Loss: -0.2081
Epoch 3286/5000: Time Est.: Elapsed[18.97h], Remain[27.41h]
=================================================================
Epoch 3287: Train (100%)  Score: 10.2601,  Loss: -0.2111
Epoch 3287/5000: Time Est.: Elapsed[18.98h], Remain[27.39h]
=================================================================
Epoch 3288: Train (100%)  Score: 10.3142,  Loss: -0.2068
Epoch 3288/5000: Time Est.: Elapsed[19.00h], Remain[27.38h]
=================================================================
Epoch 3289: Train (100%)  Score: 10.3570,  Loss: -0.2024
Epoch 3289/5000: Time Est.: Elapsed[19.01h], Remain[27.36h]
=================================================================
Epoch 3290: Train (100%)  Score: 10.0979,  Loss: -0.2065
Epoch 3290/5000: Time Est.: Elapsed[19.03h], Remain[27.35h]
=================================================================
Epoch 3291: Train (100%)  Score: 10.0932,  Loss: -0.2103
Epoch 3291/5000: Time Est.: Elapsed[19.05h], Remain[27.33h]
=================================================================
Epoch 3292: Train (100%)  Score: 10.0191,  Loss: -0.2034
Epoch 3292/5000: Time Est.: Elapsed[19.06h], Remain[27.32h]
=================================================================
Epoch 3293: Train (100%)  Score: 9.9347,  Loss: -0.2037
Epoch 3293/5000: Time Est.: Elapsed[19.08h], Remain[27.30h]
=================================================================
Epoch 3294: Train (100%)  Score: 10.2277,  Loss: -0.2102
Epoch 3294/5000: Time Est.: Elapsed[19.10h], Remain[27.29h]
=================================================================
Epoch 3295: Train (100%)  Score: 9.7239,  Loss: -0.1999
Epoch 3295/5000: Time Est.: Elapsed[19.11h], Remain[27.27h]
=================================================================
Epoch 3296: Train (100%)  Score: 10.2332,  Loss: -0.2115
Epoch 3296/5000: Time Est.: Elapsed[19.13h], Remain[27.25h]
=================================================================
Epoch 3297: Train (100%)  Score: 10.5116,  Loss: -0.2095
Epoch 3297/5000: Time Est.: Elapsed[19.14h], Remain[27.24h]
=================================================================
Epoch 3298: Train (100%)  Score: 10.2313,  Loss: -0.2078
Epoch 3298/5000: Time Est.: Elapsed[19.16h], Remain[27.22h]
=================================================================
>> Invalid instances, Re-generating ...
Epoch 3299: Train (100%)  Score: 10.4037,  Loss: -0.2088
Epoch 3299/5000: Time Est.: Elapsed[19.18h], Remain[27.21h]
=================================================================
Epoch 3300: Train (100%)  Score: 10.3258,  Loss: -0.2138
Epoch 3300/5000: Time Est.: Elapsed[19.19h], Remain[27.19h]
Saving trained_model
=================================================================
Epoch 3301: Train (100%)  Score: 10.0172,  Loss: -0.2048
Epoch 3301/5000: Time Est.: Elapsed[19.21h], Remain[27.17h]
=================================================================
Epoch 3302: Train (100%)  Score: 9.8923,  Loss: -0.2051
Epoch 3302/5000: Time Est.: Elapsed[19.23h], Remain[27.16h]
=================================================================
Epoch 3303: Train (100%)  Score: 10.3016,  Loss: -0.2086
Epoch 3303/5000: Time Est.: Elapsed[19.24h], Remain[27.14h]
=================================================================
Epoch 3304: Train (100%)  Score: 10.2230,  Loss: -0.2123
Epoch 3304/5000: Time Est.: Elapsed[19.26h], Remain[27.13h]
=================================================================
Epoch 3305: Train (100%)  Score: 10.1532,  Loss: -0.2046
Epoch 3305/5000: Time Est.: Elapsed[19.27h], Remain[27.11h]
=================================================================
Epoch 3306: Train (100%)  Score: 10.3472,  Loss: -0.2061
Epoch 3306/5000: Time Est.: Elapsed[19.29h], Remain[27.10h]
=================================================================
Epoch 3307: Train (100%)  Score: 9.9845,  Loss: -0.2047
Epoch 3307/5000: Time Est.: Elapsed[19.31h], Remain[27.08h]
=================================================================
Epoch 3308: Train (100%)  Score: 10.1494,  Loss: -0.2078
Epoch 3308/5000: Time Est.: Elapsed[19.32h], Remain[27.07h]
=================================================================
Epoch 3309: Train (100%)  Score: 10.1342,  Loss: -0.2091
Epoch 3309/5000: Time Est.: Elapsed[19.34h], Remain[27.05h]
=================================================================
Epoch 3310: Train (100%)  Score: 10.6453,  Loss: -0.2125
Epoch 3310/5000: Time Est.: Elapsed[19.36h], Remain[27.04h]
=================================================================
Epoch 3311: Train (100%)  Score: 10.1608,  Loss: -0.2070
Epoch 3311/5000: Time Est.: Elapsed[19.37h], Remain[27.02h]
=================================================================
Epoch 3312: Train (100%)  Score: 10.2158,  Loss: -0.2070
Epoch 3312/5000: Time Est.: Elapsed[19.39h], Remain[27.01h]
=================================================================
Epoch 3313: Train (100%)  Score: 10.2051,  Loss: -0.2051
Epoch 3313/5000: Time Est.: Elapsed[19.41h], Remain[26.99h]
=================================================================
Epoch 3314: Train (100%)  Score: 9.9905,  Loss: -0.2038
Epoch 3314/5000: Time Est.: Elapsed[19.42h], Remain[26.98h]
=================================================================
Epoch 3315: Train (100%)  Score: 10.3451,  Loss: -0.2029
Epoch 3315/5000: Time Est.: Elapsed[19.44h], Remain[26.96h]
=================================================================
Epoch 3316: Train (100%)  Score: 10.5353,  Loss: -0.2131
Epoch 3316/5000: Time Est.: Elapsed[19.46h], Remain[26.95h]
=================================================================
Epoch 3317: Train (100%)  Score: 9.8622,  Loss: -0.2013
Epoch 3317/5000: Time Est.: Elapsed[19.47h], Remain[26.93h]
=================================================================
Epoch 3318: Train (100%)  Score: 10.4834,  Loss: -0.2074
Epoch 3318/5000: Time Est.: Elapsed[19.49h], Remain[26.91h]
=================================================================
Epoch 3319: Train (100%)  Score: 10.1552,  Loss: -0.2124
Epoch 3319/5000: Time Est.: Elapsed[19.51h], Remain[26.90h]
=================================================================
Epoch 3320: Train (100%)  Score: 10.0877,  Loss: -0.2041
Epoch 3320/5000: Time Est.: Elapsed[19.52h], Remain[26.89h]
=================================================================
Epoch 3321: Train (100%)  Score: 10.2796,  Loss: -0.2028
Epoch 3321/5000: Time Est.: Elapsed[19.54h], Remain[26.87h]
=================================================================
Epoch 3322: Train (100%)  Score: 9.9102,  Loss: -0.2018
Epoch 3322/5000: Time Est.: Elapsed[19.56h], Remain[26.85h]
=================================================================
Epoch 3323: Train (100%)  Score: 9.8579,  Loss: -0.2051
Epoch 3323/5000: Time Est.: Elapsed[19.57h], Remain[26.84h]
=================================================================
Epoch 3324: Train (100%)  Score: 10.2487,  Loss: -0.2108
Epoch 3324/5000: Time Est.: Elapsed[19.59h], Remain[26.82h]
=================================================================
Epoch 3325: Train (100%)  Score: 9.9956,  Loss: -0.2054
Epoch 3325/5000: Time Est.: Elapsed[19.61h], Remain[26.81h]
=================================================================
Epoch 3326: Train (100%)  Score: 10.2935,  Loss: -0.2066
Epoch 3326/5000: Time Est.: Elapsed[19.62h], Remain[26.79h]
=================================================================
Epoch 3327: Train (100%)  Score: 10.2212,  Loss: -0.2045
Epoch 3327/5000: Time Est.: Elapsed[19.64h], Remain[26.78h]
=================================================================
Epoch 3328: Train (100%)  Score: 10.5338,  Loss: -0.2095
Epoch 3328/5000: Time Est.: Elapsed[19.66h], Remain[26.76h]
=================================================================
Epoch 3329: Train (100%)  Score: 10.1291,  Loss: -0.2059
Epoch 3329/5000: Time Est.: Elapsed[19.67h], Remain[26.75h]
=================================================================
Epoch 3330: Train (100%)  Score: 10.0763,  Loss: -0.2047
Epoch 3330/5000: Time Est.: Elapsed[19.69h], Remain[26.73h]
=================================================================
Epoch 3331: Train (100%)  Score: 9.9229,  Loss: -0.2097
Epoch 3331/5000: Time Est.: Elapsed[19.70h], Remain[26.71h]
=================================================================
Epoch 3332: Train (100%)  Score: 9.7748,  Loss: -0.1998
Epoch 3332/5000: Time Est.: Elapsed[19.72h], Remain[26.70h]
=================================================================
Epoch 3333: Train (100%)  Score: 10.2737,  Loss: -0.2098
Epoch 3333/5000: Time Est.: Elapsed[19.74h], Remain[26.68h]
=================================================================
Epoch 3334: Train (100%)  Score: 9.7406,  Loss: -0.2033
Epoch 3334/5000: Time Est.: Elapsed[19.75h], Remain[26.67h]
=================================================================
Epoch 3335: Train (100%)  Score: 10.0118,  Loss: -0.2061
Epoch 3335/5000: Time Est.: Elapsed[19.77h], Remain[26.65h]
=================================================================
Epoch 3336: Train (100%)  Score: 10.2929,  Loss: -0.2123
Epoch 3336/5000: Time Est.: Elapsed[19.78h], Remain[26.64h]
=================================================================
Epoch 3337: Train (100%)  Score: 10.2297,  Loss: -0.2077
Epoch 3337/5000: Time Est.: Elapsed[19.80h], Remain[26.62h]
=================================================================
Epoch 3338: Train (100%)  Score: 9.7650,  Loss: -0.2009
Epoch 3338/5000: Time Est.: Elapsed[19.82h], Remain[26.60h]
=================================================================
Epoch 3339: Train (100%)  Score: 9.9092,  Loss: -0.2040
Epoch 3339/5000: Time Est.: Elapsed[19.83h], Remain[26.59h]
=================================================================
Epoch 3340: Train (100%)  Score: 10.0314,  Loss: -0.2052
Epoch 3340/5000: Time Est.: Elapsed[19.85h], Remain[26.57h]
=================================================================
Epoch 3341: Train (100%)  Score: 10.0387,  Loss: -0.2080
Epoch 3341/5000: Time Est.: Elapsed[19.86h], Remain[26.56h]
=================================================================
Epoch 3342: Train (100%)  Score: 10.1614,  Loss: -0.2089
Epoch 3342/5000: Time Est.: Elapsed[19.88h], Remain[26.54h]
=================================================================
Epoch 3343: Train (100%)  Score: 10.1188,  Loss: -0.2018
Epoch 3343/5000: Time Est.: Elapsed[19.90h], Remain[26.52h]
=================================================================
Epoch 3344: Train (100%)  Score: 9.9522,  Loss: -0.2061
Epoch 3344/5000: Time Est.: Elapsed[19.91h], Remain[26.51h]
=================================================================
Epoch 3345: Train (100%)  Score: 10.3714,  Loss: -0.2062
Epoch 3345/5000: Time Est.: Elapsed[19.93h], Remain[26.49h]
=================================================================
Epoch 3346: Train (100%)  Score: 10.0465,  Loss: -0.2003
Epoch 3346/5000: Time Est.: Elapsed[19.95h], Remain[26.48h]
=================================================================
Epoch 3347: Train (100%)  Score: 9.9708,  Loss: -0.2008
Epoch 3347/5000: Time Est.: Elapsed[19.96h], Remain[26.46h]
=================================================================
Epoch 3348: Train (100%)  Score: 9.7627,  Loss: -0.2036
Epoch 3348/5000: Time Est.: Elapsed[19.98h], Remain[26.45h]
=================================================================
Epoch 3349: Train (100%)  Score: 9.9721,  Loss: -0.2011
Epoch 3349/5000: Time Est.: Elapsed[20.00h], Remain[26.43h]
=================================================================
Epoch 3350: Train (100%)  Score: 10.1528,  Loss: -0.2059
Epoch 3350/5000: Time Est.: Elapsed[20.00h], Remain[26.40h]
=================================================================
Epoch 3351: Train (100%)  Score: 10.6042,  Loss: -0.2055
Epoch 3351/5000: Time Est.: Elapsed[20.03h], Remain[26.40h]
=================================================================
Epoch 3352: Train (100%)  Score: 10.0503,  Loss: -0.2079
Epoch 3352/5000: Time Est.: Elapsed[20.05h], Remain[26.39h]
=================================================================
Epoch 3353: Train (100%)  Score: 10.2127,  Loss: -0.2057
Epoch 3353/5000: Time Est.: Elapsed[20.06h], Remain[26.37h]
=================================================================
Epoch 3354: Train (100%)  Score: 10.4155,  Loss: -0.2077
Epoch 3354/5000: Time Est.: Elapsed[20.08h], Remain[26.35h]
=================================================================
Epoch 3355: Train (100%)  Score: 9.9118,  Loss: -0.2019
Epoch 3355/5000: Time Est.: Elapsed[20.09h], Remain[26.34h]
=================================================================
Epoch 3356: Train (100%)  Score: 10.2358,  Loss: -0.2089
Epoch 3356/5000: Time Est.: Elapsed[20.11h], Remain[26.32h]
=================================================================
Epoch 3357: Train (100%)  Score: 10.1385,  Loss: -0.2063
Epoch 3357/5000: Time Est.: Elapsed[20.13h], Remain[26.31h]
=================================================================
Epoch 3358: Train (100%)  Score: 9.9648,  Loss: -0.2056
Epoch 3358/5000: Time Est.: Elapsed[20.14h], Remain[26.29h]
=================================================================
Epoch 3359: Train (100%)  Score: 10.2040,  Loss: -0.2102
Epoch 3359/5000: Time Est.: Elapsed[20.16h], Remain[26.28h]
=================================================================
Epoch 3360: Train (100%)  Score: 9.9179,  Loss: -0.2056
Epoch 3360/5000: Time Est.: Elapsed[20.18h], Remain[26.26h]
=================================================================
Epoch 3361: Train (100%)  Score: 10.4471,  Loss: -0.2050
Epoch 3361/5000: Time Est.: Elapsed[20.19h], Remain[26.24h]
=================================================================
Epoch 3362: Train (100%)  Score: 10.0045,  Loss: -0.2055
Epoch 3362/5000: Time Est.: Elapsed[20.21h], Remain[26.23h]
=================================================================
Epoch 3363: Train (100%)  Score: 9.8804,  Loss: -0.2055
Epoch 3363/5000: Time Est.: Elapsed[20.22h], Remain[26.21h]
=================================================================
Epoch 3364: Train (100%)  Score: 9.8756,  Loss: -0.2044
Epoch 3364/5000: Time Est.: Elapsed[20.24h], Remain[26.20h]
=================================================================
>> Invalid instances, Re-generating ...
Epoch 3365: Train (100%)  Score: 10.0974,  Loss: -0.2050
Epoch 3365/5000: Time Est.: Elapsed[20.26h], Remain[26.18h]
=================================================================
Epoch 3366: Train (100%)  Score: 10.2410,  Loss: -0.2067
Epoch 3366/5000: Time Est.: Elapsed[20.27h], Remain[26.16h]
=================================================================
Epoch 3367: Train (100%)  Score: 10.0580,  Loss: -0.2055
Epoch 3367/5000: Time Est.: Elapsed[20.29h], Remain[26.15h]
=================================================================
Epoch 3368: Train (100%)  Score: 10.3864,  Loss: -0.2045
Epoch 3368/5000: Time Est.: Elapsed[20.30h], Remain[26.13h]
=================================================================
Epoch 3369: Train (100%)  Score: 10.1495,  Loss: -0.2067
Epoch 3369/5000: Time Est.: Elapsed[20.32h], Remain[26.12h]
=================================================================
Epoch 3370: Train (100%)  Score: 10.4221,  Loss: -0.2134
Epoch 3370/5000: Time Est.: Elapsed[20.34h], Remain[26.10h]
=================================================================
Epoch 3371: Train (100%)  Score: 10.2382,  Loss: -0.2098
Epoch 3371/5000: Time Est.: Elapsed[20.35h], Remain[26.09h]
=================================================================
Epoch 3372: Train (100%)  Score: 9.8556,  Loss: -0.1989
Epoch 3372/5000: Time Est.: Elapsed[20.37h], Remain[26.07h]
=================================================================
Epoch 3373: Train (100%)  Score: 10.1721,  Loss: -0.1972
Epoch 3373/5000: Time Est.: Elapsed[20.39h], Remain[26.05h]
=================================================================
Epoch 3374: Train (100%)  Score: 9.9827,  Loss: -0.2040
Epoch 3374/5000: Time Est.: Elapsed[20.40h], Remain[26.04h]
=================================================================
Epoch 3375: Train (100%)  Score: 9.7102,  Loss: -0.1978
Epoch 3375/5000: Time Est.: Elapsed[20.42h], Remain[26.02h]
=================================================================
Epoch 3376: Train (100%)  Score: 10.2132,  Loss: -0.2042
Epoch 3376/5000: Time Est.: Elapsed[20.43h], Remain[26.01h]
=================================================================
Epoch 3377: Train (100%)  Score: 9.8983,  Loss: -0.2029
Epoch 3377/5000: Time Est.: Elapsed[20.45h], Remain[25.99h]
=================================================================
Epoch 3378: Train (100%)  Score: 10.3324,  Loss: -0.2081
Epoch 3378/5000: Time Est.: Elapsed[20.47h], Remain[25.97h]
=================================================================
Epoch 3379: Train (100%)  Score: 10.1296,  Loss: -0.2027
Epoch 3379/5000: Time Est.: Elapsed[20.48h], Remain[25.96h]
=================================================================
Epoch 3380: Train (100%)  Score: 9.8542,  Loss: -0.2022
Epoch 3380/5000: Time Est.: Elapsed[20.50h], Remain[25.94h]
=================================================================
Epoch 3381: Train (100%)  Score: 10.1375,  Loss: -0.2100
Epoch 3381/5000: Time Est.: Elapsed[20.51h], Remain[25.93h]
=================================================================
Epoch 3382: Train (100%)  Score: 10.5647,  Loss: -0.2036
Epoch 3382/5000: Time Est.: Elapsed[20.53h], Remain[25.91h]
=================================================================
Epoch 3383: Train (100%)  Score: 10.0702,  Loss: -0.2060
Epoch 3383/5000: Time Est.: Elapsed[20.55h], Remain[25.89h]
=================================================================
Epoch 3384: Train (100%)  Score: 9.7962,  Loss: -0.2042
Epoch 3384/5000: Time Est.: Elapsed[20.56h], Remain[25.88h]
=================================================================
Epoch 3385: Train (100%)  Score: 10.4122,  Loss: -0.2058
Epoch 3385/5000: Time Est.: Elapsed[20.58h], Remain[25.86h]
=================================================================
Epoch 3386: Train (100%)  Score: 9.9164,  Loss: -0.2061
Epoch 3386/5000: Time Est.: Elapsed[20.59h], Remain[25.85h]
=================================================================
Epoch 3387: Train (100%)  Score: 10.0961,  Loss: -0.2083
Epoch 3387/5000: Time Est.: Elapsed[20.61h], Remain[25.83h]
=================================================================
Epoch 3388: Train (100%)  Score: 10.0750,  Loss: -0.1995
Epoch 3388/5000: Time Est.: Elapsed[20.63h], Remain[25.81h]
=================================================================
Epoch 3389: Train (100%)  Score: 10.3145,  Loss: -0.2073
Epoch 3389/5000: Time Est.: Elapsed[20.64h], Remain[25.80h]
=================================================================
Epoch 3390: Train (100%)  Score: 9.9280,  Loss: -0.2031
Epoch 3390/5000: Time Est.: Elapsed[20.66h], Remain[25.78h]
=================================================================
Epoch 3391: Train (100%)  Score: 10.0056,  Loss: -0.2036
Epoch 3391/5000: Time Est.: Elapsed[20.67h], Remain[25.77h]
=================================================================
Epoch 3392: Train (100%)  Score: 9.7278,  Loss: -0.2084
Epoch 3392/5000: Time Est.: Elapsed[20.69h], Remain[25.75h]
=================================================================
Epoch 3393: Train (100%)  Score: 10.1285,  Loss: -0.2016
Epoch 3393/5000: Time Est.: Elapsed[20.71h], Remain[25.73h]
=================================================================
Epoch 3394: Train (100%)  Score: 10.1693,  Loss: -0.2020
Epoch 3394/5000: Time Est.: Elapsed[20.72h], Remain[25.72h]
=================================================================
Epoch 3395: Train (100%)  Score: 10.1245,  Loss: -0.2032
Epoch 3395/5000: Time Est.: Elapsed[20.74h], Remain[25.70h]
=================================================================
Epoch 3396: Train (100%)  Score: 9.8710,  Loss: -0.2058
Epoch 3396/5000: Time Est.: Elapsed[20.75h], Remain[25.68h]
=================================================================
Epoch 3397: Train (100%)  Score: 10.2858,  Loss: -0.2090
Epoch 3397/5000: Time Est.: Elapsed[20.77h], Remain[25.67h]
=================================================================
Epoch 3398: Train (100%)  Score: 9.6816,  Loss: -0.2039
Epoch 3398/5000: Time Est.: Elapsed[20.78h], Remain[25.65h]
=================================================================
Epoch 3399: Train (100%)  Score: 10.4399,  Loss: -0.2079
Epoch 3399/5000: Time Est.: Elapsed[20.80h], Remain[25.64h]
=================================================================
Epoch 3400: Train (100%)  Score: 9.9553,  Loss: -0.2001
Epoch 3400/5000: Time Est.: Elapsed[20.82h], Remain[25.62h]
Saving trained_model
=================================================================
Epoch 3401: Train (100%)  Score: 10.2389,  Loss: -0.2046
Epoch 3401/5000: Time Est.: Elapsed[20.83h], Remain[25.60h]
=================================================================
Epoch 3402: Train (100%)  Score: 9.8461,  Loss: -0.2001
Epoch 3402/5000: Time Est.: Elapsed[20.85h], Remain[25.59h]
=================================================================
Epoch 3403: Train (100%)  Score: 9.9080,  Loss: -0.2063
Epoch 3403/5000: Time Est.: Elapsed[20.86h], Remain[25.57h]
=================================================================
Epoch 3404: Train (100%)  Score: 10.3181,  Loss: -0.2023
Epoch 3404/5000: Time Est.: Elapsed[20.88h], Remain[25.56h]
=================================================================
Epoch 3405: Train (100%)  Score: 10.0305,  Loss: -0.2033
Epoch 3405/5000: Time Est.: Elapsed[20.90h], Remain[25.54h]
=================================================================
Epoch 3406: Train (100%)  Score: 9.8860,  Loss: -0.2080
Epoch 3406/5000: Time Est.: Elapsed[20.91h], Remain[25.52h]
=================================================================
Epoch 3407: Train (100%)  Score: 9.9823,  Loss: -0.2066
Epoch 3407/5000: Time Est.: Elapsed[20.93h], Remain[25.51h]
=================================================================
Epoch 3408: Train (100%)  Score: 10.4213,  Loss: -0.1997
Epoch 3408/5000: Time Est.: Elapsed[20.94h], Remain[25.49h]
=================================================================
Epoch 3409: Train (100%)  Score: 10.0445,  Loss: -0.2032
Epoch 3409/5000: Time Est.: Elapsed[20.96h], Remain[25.48h]
=================================================================
Epoch 3410: Train (100%)  Score: 10.2820,  Loss: -0.2071
Epoch 3410/5000: Time Est.: Elapsed[20.98h], Remain[25.46h]
=================================================================
Epoch 3411: Train (100%)  Score: 9.8700,  Loss: -0.2023
Epoch 3411/5000: Time Est.: Elapsed[20.99h], Remain[25.44h]
=================================================================
Epoch 3412: Train (100%)  Score: 9.9000,  Loss: -0.2045
Epoch 3412/5000: Time Est.: Elapsed[21.01h], Remain[25.43h]
=================================================================
Epoch 3413: Train (100%)  Score: 9.8334,  Loss: -0.2003
Epoch 3413/5000: Time Est.: Elapsed[21.02h], Remain[25.41h]
=================================================================
Epoch 3414: Train (100%)  Score: 9.8888,  Loss: -0.2065
Epoch 3414/5000: Time Est.: Elapsed[21.04h], Remain[25.39h]
=================================================================
Epoch 3415: Train (100%)  Score: 10.0755,  Loss: -0.2047
Epoch 3415/5000: Time Est.: Elapsed[21.06h], Remain[25.38h]
=================================================================
Epoch 3416: Train (100%)  Score: 10.5373,  Loss: -0.2079
Epoch 3416/5000: Time Est.: Elapsed[21.07h], Remain[25.36h]
=================================================================
Epoch 3417: Train (100%)  Score: 9.9704,  Loss: -0.2079
Epoch 3417/5000: Time Est.: Elapsed[21.09h], Remain[25.35h]
=================================================================
Epoch 3418: Train (100%)  Score: 10.0767,  Loss: -0.1996
Epoch 3418/5000: Time Est.: Elapsed[21.10h], Remain[25.33h]
=================================================================
Epoch 3419: Train (100%)  Score: 10.2966,  Loss: -0.2075
Epoch 3419/5000: Time Est.: Elapsed[21.12h], Remain[25.31h]
=================================================================
Epoch 3420: Train (100%)  Score: 10.1196,  Loss: -0.2059
Epoch 3420/5000: Time Est.: Elapsed[21.14h], Remain[25.30h]
=================================================================
Epoch 3421: Train (100%)  Score: 10.1989,  Loss: -0.2055
Epoch 3421/5000: Time Est.: Elapsed[21.15h], Remain[25.28h]
=================================================================
Epoch 3422: Train (100%)  Score: 9.7102,  Loss: -0.2031
Epoch 3422/5000: Time Est.: Elapsed[21.17h], Remain[25.27h]
=================================================================
Epoch 3423: Train (100%)  Score: 10.1235,  Loss: -0.2021
Epoch 3423/5000: Time Est.: Elapsed[21.18h], Remain[25.25h]
=================================================================
Epoch 3424: Train (100%)  Score: 10.0767,  Loss: -0.2096
Epoch 3424/5000: Time Est.: Elapsed[21.20h], Remain[25.23h]
=================================================================
Epoch 3425: Train (100%)  Score: 9.9651,  Loss: -0.2055
Epoch 3425/5000: Time Est.: Elapsed[21.22h], Remain[25.22h]
=================================================================
Epoch 3426: Train (100%)  Score: 9.8462,  Loss: -0.1981
Epoch 3426/5000: Time Est.: Elapsed[21.23h], Remain[25.20h]
=================================================================
Epoch 3427: Train (100%)  Score: 10.0953,  Loss: -0.1993
Epoch 3427/5000: Time Est.: Elapsed[21.25h], Remain[25.19h]
=================================================================
Epoch 3428: Train (100%)  Score: 9.8955,  Loss: -0.2031
Epoch 3428/5000: Time Est.: Elapsed[21.26h], Remain[25.17h]
=================================================================
Epoch 3429: Train (100%)  Score: 10.2316,  Loss: -0.2076
Epoch 3429/5000: Time Est.: Elapsed[21.28h], Remain[25.15h]
=================================================================
Epoch 3430: Train (100%)  Score: 10.2465,  Loss: -0.2086
Epoch 3430/5000: Time Est.: Elapsed[21.29h], Remain[25.14h]
=================================================================
Epoch 3431: Train (100%)  Score: 10.4886,  Loss: -0.2108
Epoch 3431/5000: Time Est.: Elapsed[21.31h], Remain[25.12h]
=================================================================
Epoch 3432: Train (100%)  Score: 10.1718,  Loss: -0.2123
Epoch 3432/5000: Time Est.: Elapsed[21.33h], Remain[25.11h]
=================================================================
Epoch 3433: Train (100%)  Score: 9.9062,  Loss: -0.2024
Epoch 3433/5000: Time Est.: Elapsed[21.34h], Remain[25.09h]
=================================================================
Epoch 3434: Train (100%)  Score: 9.9954,  Loss: -0.2041
Epoch 3434/5000: Time Est.: Elapsed[21.36h], Remain[25.07h]
=================================================================
Epoch 3435: Train (100%)  Score: 10.5369,  Loss: -0.2070
Epoch 3435/5000: Time Est.: Elapsed[21.37h], Remain[25.06h]
=================================================================
Epoch 3436: Train (100%)  Score: 10.4332,  Loss: -0.2031
Epoch 3436/5000: Time Est.: Elapsed[21.39h], Remain[25.04h]
=================================================================
Epoch 3437: Train (100%)  Score: 10.0637,  Loss: -0.1977
Epoch 3437/5000: Time Est.: Elapsed[21.41h], Remain[25.03h]
=================================================================
Epoch 3438: Train (100%)  Score: 10.5688,  Loss: -0.2036
Epoch 3438/5000: Time Est.: Elapsed[21.42h], Remain[25.01h]
=================================================================
Epoch 3439: Train (100%)  Score: 10.1502,  Loss: -0.2065
Epoch 3439/5000: Time Est.: Elapsed[21.44h], Remain[24.99h]
=================================================================
Epoch 3440: Train (100%)  Score: 10.1897,  Loss: -0.2045
Epoch 3440/5000: Time Est.: Elapsed[21.45h], Remain[24.98h]
=================================================================
Epoch 3441: Train (100%)  Score: 10.2172,  Loss: -0.2076
Epoch 3441/5000: Time Est.: Elapsed[21.47h], Remain[24.96h]
=================================================================
Epoch 3442: Train (100%)  Score: 10.1772,  Loss: -0.2106
Epoch 3442/5000: Time Est.: Elapsed[21.49h], Remain[24.94h]
=================================================================
Epoch 3443: Train (100%)  Score: 10.1138,  Loss: -0.2021
Epoch 3443/5000: Time Est.: Elapsed[21.50h], Remain[24.93h]
=================================================================
Epoch 3444: Train (100%)  Score: 10.1901,  Loss: -0.2027
Epoch 3444/5000: Time Est.: Elapsed[21.52h], Remain[24.91h]
=================================================================
Epoch 3445: Train (100%)  Score: 10.0283,  Loss: -0.2037
Epoch 3445/5000: Time Est.: Elapsed[21.53h], Remain[24.90h]
=================================================================
Epoch 3446: Train (100%)  Score: 10.0089,  Loss: -0.2038
Epoch 3446/5000: Time Est.: Elapsed[21.55h], Remain[24.88h]
=================================================================
Epoch 3447: Train (100%)  Score: 9.8920,  Loss: -0.2044
Epoch 3447/5000: Time Est.: Elapsed[21.57h], Remain[24.86h]
=================================================================
Epoch 3448: Train (100%)  Score: 10.0806,  Loss: -0.2035
Epoch 3448/5000: Time Est.: Elapsed[21.58h], Remain[24.85h]
=================================================================
Epoch 3449: Train (100%)  Score: 9.9284,  Loss: -0.2018
Epoch 3449/5000: Time Est.: Elapsed[21.60h], Remain[24.83h]
=================================================================
Epoch 3450: Train (100%)  Score: 9.9536,  Loss: -0.1990
Epoch 3450/5000: Time Est.: Elapsed[21.61h], Remain[24.82h]
=================================================================
Epoch 3451: Train (100%)  Score: 9.7919,  Loss: -0.2043
Epoch 3451/5000: Time Est.: Elapsed[21.63h], Remain[24.80h]
=================================================================
Epoch 3452: Train (100%)  Score: 10.0510,  Loss: -0.2043
Epoch 3452/5000: Time Est.: Elapsed[21.65h], Remain[24.78h]
=================================================================
Epoch 3453: Train (100%)  Score: 9.8070,  Loss: -0.2070
Epoch 3453/5000: Time Est.: Elapsed[21.66h], Remain[24.77h]
=================================================================
Epoch 3454: Train (100%)  Score: 9.9426,  Loss: -0.2030
Epoch 3454/5000: Time Est.: Elapsed[21.68h], Remain[24.75h]
=================================================================
Epoch 3455: Train (100%)  Score: 9.9242,  Loss: -0.2031
Epoch 3455/5000: Time Est.: Elapsed[21.69h], Remain[24.74h]
=================================================================
Epoch 3456: Train (100%)  Score: 10.0733,  Loss: -0.2084
Epoch 3456/5000: Time Est.: Elapsed[21.71h], Remain[24.72h]
=================================================================
Epoch 3457: Train (100%)  Score: 10.1381,  Loss: -0.2003
Epoch 3457/5000: Time Est.: Elapsed[21.73h], Remain[24.70h]
=================================================================
Epoch 3458: Train (100%)  Score: 10.2095,  Loss: -0.2040
Epoch 3458/5000: Time Est.: Elapsed[21.74h], Remain[24.69h]
=================================================================
Epoch 3459: Train (100%)  Score: 9.7936,  Loss: -0.2033
Epoch 3459/5000: Time Est.: Elapsed[21.76h], Remain[24.67h]
=================================================================
Epoch 3460: Train (100%)  Score: 10.0518,  Loss: -0.2039
Epoch 3460/5000: Time Est.: Elapsed[21.77h], Remain[24.66h]
=================================================================
Epoch 3461: Train (100%)  Score: 10.0641,  Loss: -0.2048
Epoch 3461/5000: Time Est.: Elapsed[21.79h], Remain[24.64h]
=================================================================
Epoch 3462: Train (100%)  Score: 10.3751,  Loss: -0.2115
Epoch 3462/5000: Time Est.: Elapsed[21.81h], Remain[24.62h]
=================================================================
Epoch 3463: Train (100%)  Score: 10.1105,  Loss: -0.2023
Epoch 3463/5000: Time Est.: Elapsed[21.82h], Remain[24.61h]
=================================================================
Epoch 3464: Train (100%)  Score: 9.8219,  Loss: -0.2029
Epoch 3464/5000: Time Est.: Elapsed[21.83h], Remain[24.58h]
=================================================================
Epoch 3465: Train (100%)  Score: 9.6754,  Loss: -0.2000
Epoch 3465/5000: Time Est.: Elapsed[21.84h], Remain[24.56h]
=================================================================
Epoch 3466: Train (100%)  Score: 9.9928,  Loss: -0.2036
Epoch 3466/5000: Time Est.: Elapsed[21.87h], Remain[24.56h]
=================================================================
Epoch 3467: Train (100%)  Score: 10.1460,  Loss: -0.2062
Epoch 3467/5000: Time Est.: Elapsed[21.89h], Remain[24.54h]
=================================================================
Epoch 3468: Train (100%)  Score: 10.3002,  Loss: -0.2057
Epoch 3468/5000: Time Est.: Elapsed[21.90h], Remain[24.53h]
=================================================================
Epoch 3469: Train (100%)  Score: 9.5800,  Loss: -0.2037
Epoch 3469/5000: Time Est.: Elapsed[21.92h], Remain[24.51h]
=================================================================
Epoch 3470: Train (100%)  Score: 9.8911,  Loss: -0.2035
Epoch 3470/5000: Time Est.: Elapsed[21.93h], Remain[24.50h]
=================================================================
Epoch 3471: Train (100%)  Score: 10.0295,  Loss: -0.2009
Epoch 3471/5000: Time Est.: Elapsed[21.95h], Remain[24.48h]
=================================================================
Epoch 3472: Train (100%)  Score: 9.8462,  Loss: -0.2036
Epoch 3472/5000: Time Est.: Elapsed[21.96h], Remain[24.45h]
=================================================================
Epoch 3473: Train (100%)  Score: 10.1547,  Loss: -0.2050
Epoch 3473/5000: Time Est.: Elapsed[21.98h], Remain[24.45h]
=================================================================
Epoch 3474: Train (100%)  Score: 10.1802,  Loss: -0.2024
Epoch 3474/5000: Time Est.: Elapsed[22.00h], Remain[24.43h]
=================================================================
Epoch 3475: Train (100%)  Score: 10.1898,  Loss: -0.2033
Epoch 3475/5000: Time Est.: Elapsed[22.01h], Remain[24.42h]
=================================================================
Epoch 3476: Train (100%)  Score: 10.0882,  Loss: -0.2006
Epoch 3476/5000: Time Est.: Elapsed[22.03h], Remain[24.40h]
=================================================================
Epoch 3477: Train (100%)  Score: 10.3218,  Loss: -0.2026
Epoch 3477/5000: Time Est.: Elapsed[22.05h], Remain[24.38h]
=================================================================
Epoch 3478: Train (100%)  Score: 10.1285,  Loss: -0.2055
Epoch 3478/5000: Time Est.: Elapsed[22.06h], Remain[24.37h]
=================================================================
Epoch 3479: Train (100%)  Score: 10.0013,  Loss: -0.2050
Epoch 3479/5000: Time Est.: Elapsed[22.08h], Remain[24.35h]
=================================================================
Epoch 3480: Train (100%)  Score: 10.5438,  Loss: -0.2079
Epoch 3480/5000: Time Est.: Elapsed[22.09h], Remain[24.34h]
=================================================================
Epoch 3481: Train (100%)  Score: 9.9842,  Loss: -0.1985
Epoch 3481/5000: Time Est.: Elapsed[22.11h], Remain[24.32h]
=================================================================
Epoch 3482: Train (100%)  Score: 10.1428,  Loss: -0.2045
Epoch 3482/5000: Time Est.: Elapsed[22.13h], Remain[24.30h]
=================================================================
Epoch 3483: Train (100%)  Score: 10.1709,  Loss: -0.2059
Epoch 3483/5000: Time Est.: Elapsed[22.14h], Remain[24.29h]
=================================================================
Epoch 3484: Train (100%)  Score: 9.8324,  Loss: -0.2060
Epoch 3484/5000: Time Est.: Elapsed[22.16h], Remain[24.27h]
=================================================================
Epoch 3485: Train (100%)  Score: 9.7922,  Loss: -0.2040
Epoch 3485/5000: Time Est.: Elapsed[22.17h], Remain[24.26h]
=================================================================
Epoch 3486: Train (100%)  Score: 9.9838,  Loss: -0.2004
Epoch 3486/5000: Time Est.: Elapsed[22.19h], Remain[24.24h]
=================================================================
Epoch 3487: Train (100%)  Score: 10.1252,  Loss: -0.2084
Epoch 3487/5000: Time Est.: Elapsed[22.21h], Remain[24.22h]
=================================================================
Epoch 3488: Train (100%)  Score: 9.8680,  Loss: -0.2034
Epoch 3488/5000: Time Est.: Elapsed[22.22h], Remain[24.21h]
=================================================================
Epoch 3489: Train (100%)  Score: 10.1840,  Loss: -0.2081
Epoch 3489/5000: Time Est.: Elapsed[22.24h], Remain[24.19h]
=================================================================
Epoch 3490: Train (100%)  Score: 10.0150,  Loss: -0.2016
Epoch 3490/5000: Time Est.: Elapsed[22.25h], Remain[24.17h]
=================================================================
Epoch 3491: Train (100%)  Score: 10.1458,  Loss: -0.2088
Epoch 3491/5000: Time Est.: Elapsed[22.27h], Remain[24.16h]
=================================================================
Epoch 3492: Train (100%)  Score: 10.0032,  Loss: -0.2050
Epoch 3492/5000: Time Est.: Elapsed[22.29h], Remain[24.14h]
=================================================================
Epoch 3493: Train (100%)  Score: 10.3055,  Loss: -0.2066
Epoch 3493/5000: Time Est.: Elapsed[22.30h], Remain[24.13h]
=================================================================
Epoch 3494: Train (100%)  Score: 10.0890,  Loss: -0.2046
Epoch 3494/5000: Time Est.: Elapsed[22.32h], Remain[24.11h]
=================================================================
Epoch 3495: Train (100%)  Score: 10.2056,  Loss: -0.2075
Epoch 3495/5000: Time Est.: Elapsed[22.33h], Remain[24.09h]
=================================================================
Epoch 3496: Train (100%)  Score: 9.9811,  Loss: -0.2006
Epoch 3496/5000: Time Est.: Elapsed[22.35h], Remain[24.08h]
=================================================================
Epoch 3497: Train (100%)  Score: 10.0262,  Loss: -0.2016
Epoch 3497/5000: Time Est.: Elapsed[22.37h], Remain[24.06h]
=================================================================
Epoch 3498: Train (100%)  Score: 10.0951,  Loss: -0.2065
Epoch 3498/5000: Time Est.: Elapsed[22.38h], Remain[24.05h]
=================================================================
Epoch 3499: Train (100%)  Score: 10.3002,  Loss: -0.2021
Epoch 3499/5000: Time Est.: Elapsed[22.40h], Remain[24.03h]
=================================================================
Epoch 3500: Train (100%)  Score: 10.0653,  Loss: -0.2027
Epoch 3500/5000: Time Est.: Elapsed[22.40h], Remain[24.00h]
Saving trained_model
=================================================================
Epoch 3501: Train (100%)  Score: 9.8113,  Loss: -0.2055
Epoch 3501/5000: Time Est.: Elapsed[22.43h], Remain[24.00h]
=================================================================
Epoch 3502: Train (100%)  Score: 10.5748,  Loss: -0.2068
Epoch 3502/5000: Time Est.: Elapsed[22.45h], Remain[23.98h]
=================================================================
Epoch 3503: Train (100%)  Score: 10.2801,  Loss: -0.2060
Epoch 3503/5000: Time Est.: Elapsed[22.46h], Remain[23.97h]
=================================================================
Epoch 3504: Train (100%)  Score: 10.2146,  Loss: -0.2065
Epoch 3504/5000: Time Est.: Elapsed[22.48h], Remain[23.95h]
=================================================================
Epoch 3505: Train (100%)  Score: 9.7299,  Loss: -0.2060
Epoch 3505/5000: Time Est.: Elapsed[22.49h], Remain[23.93h]
=================================================================
Epoch 3506: Train (100%)  Score: 9.9654,  Loss: -0.2038
Epoch 3506/5000: Time Est.: Elapsed[22.51h], Remain[23.92h]
=================================================================
Epoch 3507: Train (100%)  Score: 10.1413,  Loss: -0.2036
Epoch 3507/5000: Time Est.: Elapsed[22.52h], Remain[23.90h]
=================================================================
Epoch 3508: Train (100%)  Score: 9.9917,  Loss: -0.2008
Epoch 3508/5000: Time Est.: Elapsed[22.54h], Remain[23.89h]
=================================================================
Epoch 3509: Train (100%)  Score: 10.1468,  Loss: -0.2048
Epoch 3509/5000: Time Est.: Elapsed[22.56h], Remain[23.87h]
=================================================================
Epoch 3510: Train (100%)  Score: 10.1736,  Loss: -0.2037
Epoch 3510/5000: Time Est.: Elapsed[22.57h], Remain[23.85h]
=================================================================
Epoch 3511: Train (100%)  Score: 10.5412,  Loss: -0.2009
Epoch 3511/5000: Time Est.: Elapsed[22.59h], Remain[23.84h]
=================================================================
Epoch 3512: Train (100%)  Score: 10.2388,  Loss: -0.2076
Epoch 3512/5000: Time Est.: Elapsed[22.61h], Remain[23.82h]
=================================================================
Epoch 3513: Train (100%)  Score: 10.2898,  Loss: -0.2057
Epoch 3513/5000: Time Est.: Elapsed[22.62h], Remain[23.81h]
=================================================================
Epoch 3514: Train (100%)  Score: 9.9725,  Loss: -0.2115
Epoch 3514/5000: Time Est.: Elapsed[22.64h], Remain[23.79h]
=================================================================
Epoch 3515: Train (100%)  Score: 10.0407,  Loss: -0.2057
Epoch 3515/5000: Time Est.: Elapsed[22.65h], Remain[23.77h]
=================================================================
Epoch 3516: Train (100%)  Score: 10.2914,  Loss: -0.2080
Epoch 3516/5000: Time Est.: Elapsed[22.67h], Remain[23.76h]
=================================================================
Epoch 3517: Train (100%)  Score: 10.2844,  Loss: -0.2079
Epoch 3517/5000: Time Est.: Elapsed[22.69h], Remain[23.74h]
=================================================================
Epoch 3518: Train (100%)  Score: 10.1452,  Loss: -0.2043
Epoch 3518/5000: Time Est.: Elapsed[22.70h], Remain[23.73h]
=================================================================
Epoch 3519: Train (100%)  Score: 9.9439,  Loss: -0.2058
Epoch 3519/5000: Time Est.: Elapsed[22.72h], Remain[23.71h]
=================================================================
Epoch 3520: Train (100%)  Score: 9.9775,  Loss: -0.2051
Epoch 3520/5000: Time Est.: Elapsed[22.73h], Remain[23.69h]
=================================================================
Epoch 3521: Train (100%)  Score: 9.9163,  Loss: -0.2073
Epoch 3521/5000: Time Est.: Elapsed[22.75h], Remain[23.68h]
=================================================================
Epoch 3522: Train (100%)  Score: 10.1785,  Loss: -0.2088
Epoch 3522/5000: Time Est.: Elapsed[22.76h], Remain[23.66h]
=================================================================
Epoch 3523: Train (100%)  Score: 10.0459,  Loss: -0.1981
Epoch 3523/5000: Time Est.: Elapsed[22.78h], Remain[23.65h]
=================================================================
Epoch 3524: Train (100%)  Score: 10.3458,  Loss: -0.2081
Epoch 3524/5000: Time Est.: Elapsed[22.80h], Remain[23.63h]
=================================================================
Epoch 3525: Train (100%)  Score: 10.3959,  Loss: -0.2071
Epoch 3525/5000: Time Est.: Elapsed[22.81h], Remain[23.61h]
=================================================================
Epoch 3526: Train (100%)  Score: 10.0199,  Loss: -0.2088
Epoch 3526/5000: Time Est.: Elapsed[22.83h], Remain[23.60h]
=================================================================
Epoch 3527: Train (100%)  Score: 10.3934,  Loss: -0.2028
Epoch 3527/5000: Time Est.: Elapsed[22.84h], Remain[23.58h]
=================================================================
>> Invalid instances, Re-generating ...
Epoch 3528: Train (100%)  Score: 10.1750,  Loss: -0.2054
Epoch 3528/5000: Time Est.: Elapsed[22.86h], Remain[23.57h]
=================================================================
Epoch 3529: Train (100%)  Score: 9.9852,  Loss: -0.2040
Epoch 3529/5000: Time Est.: Elapsed[22.88h], Remain[23.55h]
=================================================================
Epoch 3530: Train (100%)  Score: 10.2217,  Loss: -0.2021
Epoch 3530/5000: Time Est.: Elapsed[22.89h], Remain[23.53h]
=================================================================
Epoch 3531: Train (100%)  Score: 10.1379,  Loss: -0.2052
Epoch 3531/5000: Time Est.: Elapsed[22.91h], Remain[23.52h]
=================================================================
Epoch 3532: Train (100%)  Score: 10.1973,  Loss: -0.2091
Epoch 3532/5000: Time Est.: Elapsed[22.92h], Remain[23.50h]
=================================================================
Epoch 3533: Train (100%)  Score: 10.0849,  Loss: -0.2014
Epoch 3533/5000: Time Est.: Elapsed[22.94h], Remain[23.49h]
=================================================================
Epoch 3534: Train (100%)  Score: 10.4198,  Loss: -0.2041
Epoch 3534/5000: Time Est.: Elapsed[22.96h], Remain[23.47h]
=================================================================
Epoch 3535: Train (100%)  Score: 9.9465,  Loss: -0.2041
Epoch 3535/5000: Time Est.: Elapsed[22.97h], Remain[23.45h]
=================================================================
Epoch 3536: Train (100%)  Score: 9.9766,  Loss: -0.1999
Epoch 3536/5000: Time Est.: Elapsed[22.98h], Remain[23.43h]
=================================================================
Epoch 3537: Train (100%)  Score: 10.3166,  Loss: -0.2046
Epoch 3537/5000: Time Est.: Elapsed[23.00h], Remain[23.42h]
=================================================================
Epoch 3538: Train (100%)  Score: 9.8324,  Loss: -0.1989
Epoch 3538/5000: Time Est.: Elapsed[23.02h], Remain[23.40h]
=================================================================
Epoch 3539: Train (100%)  Score: 9.8431,  Loss: -0.2047
Epoch 3539/5000: Time Est.: Elapsed[23.04h], Remain[23.39h]
=================================================================
Epoch 3540: Train (100%)  Score: 9.7902,  Loss: -0.2011
Epoch 3540/5000: Time Est.: Elapsed[23.05h], Remain[23.37h]
=================================================================
Epoch 3541: Train (100%)  Score: 10.1468,  Loss: -0.2072
Epoch 3541/5000: Time Est.: Elapsed[23.07h], Remain[23.36h]
=================================================================
Epoch 3542: Train (100%)  Score: 9.9902,  Loss: -0.2031
Epoch 3542/5000: Time Est.: Elapsed[23.08h], Remain[23.34h]
=================================================================
Epoch 3543: Train (100%)  Score: 9.9459,  Loss: -0.2030
Epoch 3543/5000: Time Est.: Elapsed[23.10h], Remain[23.32h]
=================================================================
Epoch 3544: Train (100%)  Score: 10.3147,  Loss: -0.2025
Epoch 3544/5000: Time Est.: Elapsed[23.12h], Remain[23.31h]
=================================================================
Epoch 3545: Train (100%)  Score: 10.1261,  Loss: -0.2070
Epoch 3545/5000: Time Est.: Elapsed[23.13h], Remain[23.29h]
=================================================================
Epoch 3546: Train (100%)  Score: 9.7481,  Loss: -0.1995
Epoch 3546/5000: Time Est.: Elapsed[23.15h], Remain[23.28h]
=================================================================
Epoch 3547: Train (100%)  Score: 9.9297,  Loss: -0.1998
Epoch 3547/5000: Time Est.: Elapsed[23.16h], Remain[23.26h]
=================================================================
Epoch 3548: Train (100%)  Score: 10.1782,  Loss: -0.2112
Epoch 3548/5000: Time Est.: Elapsed[23.18h], Remain[23.24h]
=================================================================
Epoch 3549: Train (100%)  Score: 10.0079,  Loss: -0.2064
Epoch 3549/5000: Time Est.: Elapsed[23.20h], Remain[23.23h]
=================================================================
Epoch 3550: Train (100%)  Score: 10.1248,  Loss: -0.1998
Epoch 3550/5000: Time Est.: Elapsed[23.21h], Remain[23.21h]
=================================================================
Epoch 3551: Train (100%)  Score: 10.0834,  Loss: -0.2039
Epoch 3551/5000: Time Est.: Elapsed[23.23h], Remain[23.20h]
=================================================================
Epoch 3552: Train (100%)  Score: 10.0413,  Loss: -0.1957
Epoch 3552/5000: Time Est.: Elapsed[23.24h], Remain[23.18h]
=================================================================
Epoch 3553: Train (100%)  Score: 10.0912,  Loss: -0.2047
Epoch 3553/5000: Time Est.: Elapsed[23.26h], Remain[23.16h]
=================================================================
Epoch 3554: Train (100%)  Score: 9.9385,  Loss: -0.2052
Epoch 3554/5000: Time Est.: Elapsed[23.28h], Remain[23.15h]
=================================================================
Epoch 3555: Train (100%)  Score: 10.1308,  Loss: -0.2015
Epoch 3555/5000: Time Est.: Elapsed[23.29h], Remain[23.13h]
=================================================================
Epoch 3556: Train (100%)  Score: 10.4023,  Loss: -0.2057
Epoch 3556/5000: Time Est.: Elapsed[23.31h], Remain[23.12h]
=================================================================
>> Invalid instances, Re-generating ...
Epoch 3557: Train (100%)  Score: 10.1309,  Loss: -0.2070
Epoch 3557/5000: Time Est.: Elapsed[23.32h], Remain[23.10h]
=================================================================
Epoch 3558: Train (100%)  Score: 10.1164,  Loss: -0.2081
Epoch 3558/5000: Time Est.: Elapsed[23.34h], Remain[23.08h]
=================================================================
Epoch 3559: Train (100%)  Score: 9.9356,  Loss: -0.2005
Epoch 3559/5000: Time Est.: Elapsed[23.36h], Remain[23.07h]
=================================================================
Epoch 3560: Train (100%)  Score: 9.8522,  Loss: -0.2036
Epoch 3560/5000: Time Est.: Elapsed[23.37h], Remain[23.05h]
=================================================================
Epoch 3561: Train (100%)  Score: 10.0236,  Loss: -0.2012
Epoch 3561/5000: Time Est.: Elapsed[23.39h], Remain[23.04h]
=================================================================
Epoch 3562: Train (100%)  Score: 10.3104,  Loss: -0.2085
Epoch 3562/5000: Time Est.: Elapsed[23.40h], Remain[23.02h]
=================================================================
Epoch 3563: Train (100%)  Score: 10.2268,  Loss: -0.2064
Epoch 3563/5000: Time Est.: Elapsed[23.42h], Remain[23.00h]
=================================================================
Epoch 3564: Train (100%)  Score: 10.1921,  Loss: -0.2008
Epoch 3564/5000: Time Est.: Elapsed[23.44h], Remain[22.99h]
=================================================================
Epoch 3565: Train (100%)  Score: 10.4330,  Loss: -0.2049
Epoch 3565/5000: Time Est.: Elapsed[23.45h], Remain[22.97h]
=================================================================
Epoch 3566: Train (100%)  Score: 10.1291,  Loss: -0.2041
Epoch 3566/5000: Time Est.: Elapsed[23.47h], Remain[22.96h]
=================================================================
Epoch 3567: Train (100%)  Score: 10.1098,  Loss: -0.1987
Epoch 3567/5000: Time Est.: Elapsed[23.48h], Remain[22.94h]
=================================================================
Epoch 3568: Train (100%)  Score: 9.9909,  Loss: -0.1999
Epoch 3568/5000: Time Est.: Elapsed[23.50h], Remain[22.92h]
=================================================================
Epoch 3569: Train (100%)  Score: 10.3509,  Loss: -0.2030
Epoch 3569/5000: Time Est.: Elapsed[23.52h], Remain[22.91h]
=================================================================
Epoch 3570: Train (100%)  Score: 9.7972,  Loss: -0.1981
Epoch 3570/5000: Time Est.: Elapsed[23.53h], Remain[22.89h]
=================================================================
Epoch 3571: Train (100%)  Score: 10.1410,  Loss: -0.2036
Epoch 3571/5000: Time Est.: Elapsed[23.55h], Remain[22.88h]
=================================================================
Epoch 3572: Train (100%)  Score: 10.0849,  Loss: -0.2052
Epoch 3572/5000: Time Est.: Elapsed[23.56h], Remain[22.86h]
=================================================================
Epoch 3573: Train (100%)  Score: 10.0401,  Loss: -0.2054
Epoch 3573/5000: Time Est.: Elapsed[23.58h], Remain[22.84h]
=================================================================
Epoch 3574: Train (100%)  Score: 9.8224,  Loss: -0.1988
Epoch 3574/5000: Time Est.: Elapsed[23.60h], Remain[22.83h]
=================================================================
Epoch 3575: Train (100%)  Score: 10.3797,  Loss: -0.2063
Epoch 3575/5000: Time Est.: Elapsed[23.61h], Remain[22.81h]
=================================================================
Epoch 3576: Train (100%)  Score: 9.8155,  Loss: -0.2018
Epoch 3576/5000: Time Est.: Elapsed[23.63h], Remain[22.80h]
=================================================================
Epoch 3577: Train (100%)  Score: 10.1241,  Loss: -0.2051
Epoch 3577/5000: Time Est.: Elapsed[23.64h], Remain[22.78h]
=================================================================
Epoch 3578: Train (100%)  Score: 10.3825,  Loss: -0.2034
Epoch 3578/5000: Time Est.: Elapsed[23.66h], Remain[22.76h]
=================================================================
Epoch 3579: Train (100%)  Score: 10.1201,  Loss: -0.2065
Epoch 3579/5000: Time Est.: Elapsed[23.68h], Remain[22.75h]
=================================================================
Epoch 3580: Train (100%)  Score: 10.2297,  Loss: -0.2055
Epoch 3580/5000: Time Est.: Elapsed[23.69h], Remain[22.73h]
=================================================================
Epoch 3581: Train (100%)  Score: 10.0312,  Loss: -0.2008
Epoch 3581/5000: Time Est.: Elapsed[23.71h], Remain[22.72h]
=================================================================
Epoch 3582: Train (100%)  Score: 10.3726,  Loss: -0.2083
Epoch 3582/5000: Time Est.: Elapsed[23.71h], Remain[22.69h]
=================================================================
Epoch 3583: Train (100%)  Score: 10.0236,  Loss: -0.1966
Epoch 3583/5000: Time Est.: Elapsed[23.74h], Remain[22.68h]
=================================================================
Epoch 3584: Train (100%)  Score: 10.2732,  Loss: -0.2049
Epoch 3584/5000: Time Est.: Elapsed[23.76h], Remain[22.67h]
=================================================================
Epoch 3585: Train (100%)  Score: 10.1688,  Loss: -0.1992
Epoch 3585/5000: Time Est.: Elapsed[23.77h], Remain[22.65h]
=================================================================
Epoch 3586: Train (100%)  Score: 9.9755,  Loss: -0.2066
Epoch 3586/5000: Time Est.: Elapsed[23.79h], Remain[22.64h]
=================================================================
Epoch 3587: Train (100%)  Score: 10.2492,  Loss: -0.2036
Epoch 3587/5000: Time Est.: Elapsed[23.80h], Remain[22.62h]
=================================================================
Epoch 3588: Train (100%)  Score: 10.1064,  Loss: -0.2052
Epoch 3588/5000: Time Est.: Elapsed[23.82h], Remain[22.60h]
=================================================================
Epoch 3589: Train (100%)  Score: 10.4312,  Loss: -0.2054
Epoch 3589/5000: Time Est.: Elapsed[23.84h], Remain[22.59h]
=================================================================
Epoch 3590: Train (100%)  Score: 10.3889,  Loss: -0.2045
Epoch 3590/5000: Time Est.: Elapsed[23.85h], Remain[22.57h]
=================================================================
Epoch 3591: Train (100%)  Score: 10.2310,  Loss: -0.2054
Epoch 3591/5000: Time Est.: Elapsed[23.87h], Remain[22.56h]
=================================================================
Epoch 3592: Train (100%)  Score: 10.1774,  Loss: -0.2005
Epoch 3592/5000: Time Est.: Elapsed[23.88h], Remain[22.54h]
=================================================================
Epoch 3593: Train (100%)  Score: 9.9010,  Loss: -0.2033
Epoch 3593/5000: Time Est.: Elapsed[23.90h], Remain[22.52h]
=================================================================
Epoch 3594: Train (100%)  Score: 10.1110,  Loss: -0.2049
Epoch 3594/5000: Time Est.: Elapsed[23.92h], Remain[22.51h]
=================================================================
Epoch 3595: Train (100%)  Score: 9.6612,  Loss: -0.1981
Epoch 3595/5000: Time Est.: Elapsed[23.93h], Remain[22.49h]
=================================================================
Epoch 3596: Train (100%)  Score: 10.2604,  Loss: -0.1983
Epoch 3596/5000: Time Est.: Elapsed[23.95h], Remain[22.47h]
=================================================================
Epoch 3597: Train (100%)  Score: 9.8011,  Loss: -0.2004
Epoch 3597/5000: Time Est.: Elapsed[23.96h], Remain[22.46h]
=================================================================
Epoch 3598: Train (100%)  Score: 10.1509,  Loss: -0.2042
Epoch 3598/5000: Time Est.: Elapsed[23.98h], Remain[22.44h]
=================================================================
Epoch 3599: Train (100%)  Score: 10.1026,  Loss: -0.2058
Epoch 3599/5000: Time Est.: Elapsed[24.00h], Remain[22.43h]
=================================================================
Epoch 3600: Train (100%)  Score: 9.9832,  Loss: -0.2016
Epoch 3600/5000: Time Est.: Elapsed[24.01h], Remain[22.41h]
Saving trained_model
=================================================================
Epoch 3601: Train (100%)  Score: 10.0103,  Loss: -0.2047
Epoch 3601/5000: Time Est.: Elapsed[24.03h], Remain[22.39h]
=================================================================
Epoch 3602: Train (100%)  Score: 10.0857,  Loss: -0.2083
Epoch 3602/5000: Time Est.: Elapsed[24.04h], Remain[22.38h]
=================================================================
Epoch 3603: Train (100%)  Score: 9.9674,  Loss: -0.2065
Epoch 3603/5000: Time Est.: Elapsed[24.05h], Remain[22.35h]
=================================================================
Epoch 3604: Train (100%)  Score: 10.1796,  Loss: -0.2054
Epoch 3604/5000: Time Est.: Elapsed[24.07h], Remain[22.35h]
=================================================================
Epoch 3605: Train (100%)  Score: 10.0801,  Loss: -0.2057
Epoch 3605/5000: Time Est.: Elapsed[24.09h], Remain[22.33h]
=================================================================
Epoch 3606: Train (100%)  Score: 10.2212,  Loss: -0.2092
Epoch 3606/5000: Time Est.: Elapsed[24.11h], Remain[22.31h]
=================================================================
Epoch 3607: Train (100%)  Score: 9.9858,  Loss: -0.1986
Epoch 3607/5000: Time Est.: Elapsed[24.12h], Remain[22.30h]
=================================================================
Epoch 3608: Train (100%)  Score: 10.2611,  Loss: -0.2042
Epoch 3608/5000: Time Est.: Elapsed[24.14h], Remain[22.28h]
=================================================================
Epoch 3609: Train (100%)  Score: 10.2803,  Loss: -0.2063
Epoch 3609/5000: Time Est.: Elapsed[24.15h], Remain[22.27h]
=================================================================
Epoch 3610: Train (100%)  Score: 10.1432,  Loss: -0.2077
Epoch 3610/5000: Time Est.: Elapsed[24.17h], Remain[22.25h]
=================================================================
Epoch 3611: Train (100%)  Score: 9.9474,  Loss: -0.2022
Epoch 3611/5000: Time Est.: Elapsed[24.19h], Remain[22.23h]
=================================================================
Epoch 3612: Train (100%)  Score: 10.5510,  Loss: -0.2062
Epoch 3612/5000: Time Est.: Elapsed[24.20h], Remain[22.22h]
=================================================================
Epoch 3613: Train (100%)  Score: 10.5116,  Loss: -0.2105
Epoch 3613/5000: Time Est.: Elapsed[24.22h], Remain[22.20h]
=================================================================
Epoch 3614: Train (100%)  Score: 10.1336,  Loss: -0.2064
Epoch 3614/5000: Time Est.: Elapsed[24.23h], Remain[22.19h]
=================================================================
Epoch 3615: Train (100%)  Score: 9.9353,  Loss: -0.1994
Epoch 3615/5000: Time Est.: Elapsed[24.25h], Remain[22.17h]
=================================================================
Epoch 3616: Train (100%)  Score: 10.1419,  Loss: -0.2072
Epoch 3616/5000: Time Est.: Elapsed[24.27h], Remain[22.15h]
=================================================================
Epoch 3617: Train (100%)  Score: 10.3200,  Loss: -0.2036
Epoch 3617/5000: Time Est.: Elapsed[24.28h], Remain[22.14h]
=================================================================
Epoch 3618: Train (100%)  Score: 10.4113,  Loss: -0.2004
Epoch 3618/5000: Time Est.: Elapsed[24.30h], Remain[22.12h]
=================================================================
Epoch 3619: Train (100%)  Score: 9.7561,  Loss: -0.2041
Epoch 3619/5000: Time Est.: Elapsed[24.32h], Remain[22.11h]
=================================================================
Epoch 3620: Train (100%)  Score: 9.9879,  Loss: -0.2029
Epoch 3620/5000: Time Est.: Elapsed[24.33h], Remain[22.09h]
=================================================================
Epoch 3621: Train (100%)  Score: 10.1844,  Loss: -0.2072
Epoch 3621/5000: Time Est.: Elapsed[24.35h], Remain[22.08h]
=================================================================
Epoch 3622: Train (100%)  Score: 10.3144,  Loss: -0.2022
Epoch 3622/5000: Time Est.: Elapsed[24.37h], Remain[22.06h]
=================================================================
Epoch 3623: Train (100%)  Score: 10.3667,  Loss: -0.2049
Epoch 3623/5000: Time Est.: Elapsed[24.38h], Remain[22.04h]
=================================================================
Epoch 3624: Train (100%)  Score: 10.2714,  Loss: -0.2054
Epoch 3624/5000: Time Est.: Elapsed[24.40h], Remain[22.03h]
=================================================================
Epoch 3625: Train (100%)  Score: 10.2833,  Loss: -0.2051
Epoch 3625/5000: Time Est.: Elapsed[24.41h], Remain[22.01h]
=================================================================
Epoch 3626: Train (100%)  Score: 10.0540,  Loss: -0.2095
Epoch 3626/5000: Time Est.: Elapsed[24.43h], Remain[22.00h]
=================================================================
Epoch 3627: Train (100%)  Score: 10.4144,  Loss: -0.2050
Epoch 3627/5000: Time Est.: Elapsed[24.45h], Remain[21.98h]
=================================================================
Epoch 3628: Train (100%)  Score: 10.1979,  Loss: -0.2036
Epoch 3628/5000: Time Est.: Elapsed[24.46h], Remain[21.96h]
=================================================================
Epoch 3629: Train (100%)  Score: 9.8442,  Loss: -0.2012
Epoch 3629/5000: Time Est.: Elapsed[24.48h], Remain[21.95h]
=================================================================
Epoch 3630: Train (100%)  Score: 10.4238,  Loss: -0.1963
Epoch 3630/5000: Time Est.: Elapsed[24.49h], Remain[21.93h]
=================================================================
Epoch 3631: Train (100%)  Score: 9.9435,  Loss: -0.2022
Epoch 3631/5000: Time Est.: Elapsed[24.51h], Remain[21.92h]
=================================================================
Epoch 3632: Train (100%)  Score: 10.1552,  Loss: -0.2066
Epoch 3632/5000: Time Est.: Elapsed[24.53h], Remain[21.90h]
=================================================================
Epoch 3633: Train (100%)  Score: 10.0565,  Loss: -0.1984
Epoch 3633/5000: Time Est.: Elapsed[24.54h], Remain[21.88h]
=================================================================
Epoch 3634: Train (100%)  Score: 9.9734,  Loss: -0.1989
Epoch 3634/5000: Time Est.: Elapsed[24.56h], Remain[21.87h]
=================================================================
Epoch 3635: Train (100%)  Score: 9.9965,  Loss: -0.2009
Epoch 3635/5000: Time Est.: Elapsed[24.57h], Remain[21.85h]
=================================================================
Epoch 3636: Train (100%)  Score: 10.1562,  Loss: -0.2091
Epoch 3636/5000: Time Est.: Elapsed[24.59h], Remain[21.84h]
=================================================================
Epoch 3637: Train (100%)  Score: 9.7703,  Loss: -0.2007
Epoch 3637/5000: Time Est.: Elapsed[24.61h], Remain[21.82h]
=================================================================
Epoch 3638: Train (100%)  Score: 9.8982,  Loss: -0.1975
Epoch 3638/5000: Time Est.: Elapsed[24.62h], Remain[21.80h]
=================================================================
Epoch 3639: Train (100%)  Score: 9.7082,  Loss: -0.1963
Epoch 3639/5000: Time Est.: Elapsed[24.64h], Remain[21.79h]
=================================================================
Epoch 3640: Train (100%)  Score: 10.3454,  Loss: -0.2111
Epoch 3640/5000: Time Est.: Elapsed[24.65h], Remain[21.77h]
=================================================================
Epoch 3641: Train (100%)  Score: 10.0859,  Loss: -0.2045
Epoch 3641/5000: Time Est.: Elapsed[24.67h], Remain[21.76h]
=================================================================
Epoch 3642: Train (100%)  Score: 10.4852,  Loss: -0.2124
Epoch 3642/5000: Time Est.: Elapsed[24.69h], Remain[21.74h]
=================================================================
Epoch 3643: Train (100%)  Score: 10.2347,  Loss: -0.2038
Epoch 3643/5000: Time Est.: Elapsed[24.70h], Remain[21.72h]
=================================================================
Epoch 3644: Train (100%)  Score: 10.0335,  Loss: -0.2048
Epoch 3644/5000: Time Est.: Elapsed[24.72h], Remain[21.71h]
=================================================================
Epoch 3645: Train (100%)  Score: 10.0210,  Loss: -0.2058
Epoch 3645/5000: Time Est.: Elapsed[24.73h], Remain[21.69h]
=================================================================
Epoch 3646: Train (100%)  Score: 10.3523,  Loss: -0.2112
Epoch 3646/5000: Time Est.: Elapsed[24.75h], Remain[21.68h]
=================================================================
Epoch 3647: Train (100%)  Score: 9.9375,  Loss: -0.2044
Epoch 3647/5000: Time Est.: Elapsed[24.77h], Remain[21.66h]
=================================================================
Epoch 3648: Train (100%)  Score: 10.3500,  Loss: -0.2053
Epoch 3648/5000: Time Est.: Elapsed[24.78h], Remain[21.64h]
=================================================================
Epoch 3649: Train (100%)  Score: 10.5761,  Loss: -0.2079
Epoch 3649/5000: Time Est.: Elapsed[24.80h], Remain[21.63h]
=================================================================
Epoch 3650: Train (100%)  Score: 10.3789,  Loss: -0.2050
Epoch 3650/5000: Time Est.: Elapsed[24.81h], Remain[21.61h]
=================================================================
Epoch 3651: Train (100%)  Score: 10.2873,  Loss: -0.2080
Epoch 3651/5000: Time Est.: Elapsed[24.83h], Remain[21.60h]
=================================================================
Epoch 3652: Train (100%)  Score: 9.9976,  Loss: -0.2052
Epoch 3652/5000: Time Est.: Elapsed[24.85h], Remain[21.58h]
=================================================================
Epoch 3653: Train (100%)  Score: 10.1012,  Loss: -0.2071
Epoch 3653/5000: Time Est.: Elapsed[24.86h], Remain[21.56h]
=================================================================
Epoch 3654: Train (100%)  Score: 10.3678,  Loss: -0.2059
Epoch 3654/5000: Time Est.: Elapsed[24.88h], Remain[21.55h]
=================================================================
Epoch 3655: Train (100%)  Score: 10.0470,  Loss: -0.1991
Epoch 3655/5000: Time Est.: Elapsed[24.89h], Remain[21.53h]
=================================================================
Epoch 3656: Train (100%)  Score: 10.5287,  Loss: -0.2062
Epoch 3656/5000: Time Est.: Elapsed[24.91h], Remain[21.51h]
=================================================================
Epoch 3657: Train (100%)  Score: 10.0646,  Loss: -0.2078
Epoch 3657/5000: Time Est.: Elapsed[24.92h], Remain[21.50h]
=================================================================
Epoch 3658: Train (100%)  Score: 10.2445,  Loss: -0.2051
Epoch 3658/5000: Time Est.: Elapsed[24.94h], Remain[21.48h]
=================================================================
Epoch 3659: Train (100%)  Score: 10.0444,  Loss: -0.2048
Epoch 3659/5000: Time Est.: Elapsed[24.96h], Remain[21.47h]
=================================================================
Epoch 3660: Train (100%)  Score: 10.0963,  Loss: -0.2026
Epoch 3660/5000: Time Est.: Elapsed[24.97h], Remain[21.45h]
=================================================================
Epoch 3661: Train (100%)  Score: 9.9587,  Loss: -0.2018
Epoch 3661/5000: Time Est.: Elapsed[24.99h], Remain[21.43h]
=================================================================
Epoch 3662: Train (100%)  Score: 10.1918,  Loss: -0.2049
Epoch 3662/5000: Time Est.: Elapsed[25.00h], Remain[21.42h]
=================================================================
Epoch 3663: Train (100%)  Score: 10.4915,  Loss: -0.2074
Epoch 3663/5000: Time Est.: Elapsed[25.02h], Remain[21.40h]
=================================================================
Epoch 3664: Train (100%)  Score: 10.4431,  Loss: -0.2060
Epoch 3664/5000: Time Est.: Elapsed[25.03h], Remain[21.38h]
=================================================================
Epoch 3665: Train (100%)  Score: 10.2376,  Loss: -0.2054
Epoch 3665/5000: Time Est.: Elapsed[25.05h], Remain[21.37h]
=================================================================
Epoch 3666: Train (100%)  Score: 10.2475,  Loss: -0.2032
Epoch 3666/5000: Time Est.: Elapsed[25.07h], Remain[21.35h]
=================================================================
Epoch 3667: Train (100%)  Score: 10.0571,  Loss: -0.2025
Epoch 3667/5000: Time Est.: Elapsed[25.08h], Remain[21.34h]
=================================================================
Epoch 3668: Train (100%)  Score: 9.8136,  Loss: -0.1999
Epoch 3668/5000: Time Est.: Elapsed[25.10h], Remain[21.32h]
=================================================================
Epoch 3669: Train (100%)  Score: 10.1419,  Loss: -0.2052
Epoch 3669/5000: Time Est.: Elapsed[25.12h], Remain[21.31h]
=================================================================
Epoch 3670: Train (100%)  Score: 10.2086,  Loss: -0.2025
Epoch 3670/5000: Time Est.: Elapsed[25.13h], Remain[21.29h]
=================================================================
Epoch 3671: Train (100%)  Score: 10.1834,  Loss: -0.2059
Epoch 3671/5000: Time Est.: Elapsed[25.14h], Remain[21.27h]
=================================================================
Epoch 3672: Train (100%)  Score: 10.1123,  Loss: -0.1998
Epoch 3672/5000: Time Est.: Elapsed[25.17h], Remain[21.26h]
=================================================================
Epoch 3673: Train (100%)  Score: 10.0473,  Loss: -0.2035
Epoch 3673/5000: Time Est.: Elapsed[25.18h], Remain[21.24h]
=================================================================
Epoch 3674: Train (100%)  Score: 10.1674,  Loss: -0.2065
Epoch 3674/5000: Time Est.: Elapsed[25.20h], Remain[21.23h]
=================================================================
Epoch 3675: Train (100%)  Score: 10.0037,  Loss: -0.2050
Epoch 3675/5000: Time Est.: Elapsed[25.21h], Remain[21.21h]
=================================================================
Epoch 3676: Train (100%)  Score: 9.7855,  Loss: -0.1998
Epoch 3676/5000: Time Est.: Elapsed[25.23h], Remain[21.20h]
=================================================================
Epoch 3677: Train (100%)  Score: 9.9470,  Loss: -0.2027
Epoch 3677/5000: Time Est.: Elapsed[25.25h], Remain[21.18h]
=================================================================
Epoch 3678: Train (100%)  Score: 10.2291,  Loss: -0.2031
Epoch 3678/5000: Time Est.: Elapsed[25.26h], Remain[21.16h]
=================================================================
Epoch 3679: Train (100%)  Score: 9.9828,  Loss: -0.2059
Epoch 3679/5000: Time Est.: Elapsed[25.28h], Remain[21.15h]
=================================================================
Epoch 3680: Train (100%)  Score: 10.2730,  Loss: -0.1942
Epoch 3680/5000: Time Est.: Elapsed[25.29h], Remain[21.13h]
=================================================================
Epoch 3681: Train (100%)  Score: 10.1962,  Loss: -0.2030
Epoch 3681/5000: Time Est.: Elapsed[25.31h], Remain[21.12h]
=================================================================
Epoch 3682: Train (100%)  Score: 10.3086,  Loss: -0.2021
Epoch 3682/5000: Time Est.: Elapsed[25.33h], Remain[21.10h]
=================================================================
Epoch 3683: Train (100%)  Score: 10.4019,  Loss: -0.2083
Epoch 3683/5000: Time Est.: Elapsed[25.34h], Remain[21.08h]
=================================================================
Epoch 3684: Train (100%)  Score: 10.2587,  Loss: -0.2019
Epoch 3684/5000: Time Est.: Elapsed[25.36h], Remain[21.07h]
=================================================================
Epoch 3685: Train (100%)  Score: 10.2006,  Loss: -0.2035
Epoch 3685/5000: Time Est.: Elapsed[25.37h], Remain[21.05h]
=================================================================
Epoch 3686: Train (100%)  Score: 9.9017,  Loss: -0.2025
Epoch 3686/5000: Time Est.: Elapsed[25.39h], Remain[21.04h]
=================================================================
Epoch 3687: Train (100%)  Score: 9.8819,  Loss: -0.2014
Epoch 3687/5000: Time Est.: Elapsed[25.41h], Remain[21.02h]
=================================================================
Epoch 3688: Train (100%)  Score: 10.0425,  Loss: -0.2011
Epoch 3688/5000: Time Est.: Elapsed[25.42h], Remain[21.00h]
=================================================================
Epoch 3689: Train (100%)  Score: 10.3931,  Loss: -0.2057
Epoch 3689/5000: Time Est.: Elapsed[25.44h], Remain[20.99h]
=================================================================
Epoch 3690: Train (100%)  Score: 10.0723,  Loss: -0.2006
Epoch 3690/5000: Time Est.: Elapsed[25.45h], Remain[20.97h]
=================================================================
Epoch 3691: Train (100%)  Score: 10.2102,  Loss: -0.2046
Epoch 3691/5000: Time Est.: Elapsed[25.47h], Remain[20.95h]
=================================================================
Epoch 3692: Train (100%)  Score: 9.9708,  Loss: -0.2057
Epoch 3692/5000: Time Est.: Elapsed[25.49h], Remain[20.94h]
=================================================================
Epoch 3693: Train (100%)  Score: 10.1786,  Loss: -0.2071
Epoch 3693/5000: Time Est.: Elapsed[25.50h], Remain[20.92h]
=================================================================
Epoch 3694: Train (100%)  Score: 9.9091,  Loss: -0.2001
Epoch 3694/5000: Time Est.: Elapsed[25.52h], Remain[20.91h]
=================================================================
Epoch 3695: Train (100%)  Score: 9.5980,  Loss: -0.1989
Epoch 3695/5000: Time Est.: Elapsed[25.53h], Remain[20.89h]
=================================================================
Epoch 3696: Train (100%)  Score: 10.3430,  Loss: -0.2037
Epoch 3696/5000: Time Est.: Elapsed[25.55h], Remain[20.87h]
=================================================================
Epoch 3697: Train (100%)  Score: 10.2123,  Loss: -0.2097
Epoch 3697/5000: Time Est.: Elapsed[25.56h], Remain[20.86h]
=================================================================
Epoch 3698: Train (100%)  Score: 10.0045,  Loss: -0.1978
Epoch 3698/5000: Time Est.: Elapsed[25.58h], Remain[20.84h]
=================================================================
Epoch 3699: Train (100%)  Score: 10.2904,  Loss: -0.1980
Epoch 3699/5000: Time Est.: Elapsed[25.60h], Remain[20.83h]
=================================================================
Epoch 3700: Train (100%)  Score: 10.3615,  Loss: -0.2028
Epoch 3700/5000: Time Est.: Elapsed[25.61h], Remain[20.81h]
Saving trained_model
=================================================================
Epoch 3701: Train (100%)  Score: 10.1045,  Loss: -0.2056
Epoch 3701/5000: Time Est.: Elapsed[25.63h], Remain[20.79h]
=================================================================
Epoch 3702: Train (100%)  Score: 10.2984,  Loss: -0.2096
Epoch 3702/5000: Time Est.: Elapsed[25.64h], Remain[20.78h]
=================================================================
Epoch 3703: Train (100%)  Score: 10.2584,  Loss: -0.2019
Epoch 3703/5000: Time Est.: Elapsed[25.65h], Remain[20.75h]
=================================================================
Epoch 3704: Train (100%)  Score: 10.1932,  Loss: -0.1995
Epoch 3704/5000: Time Est.: Elapsed[25.68h], Remain[20.75h]
=================================================================
Epoch 3705: Train (100%)  Score: 10.1474,  Loss: -0.2065
Epoch 3705/5000: Time Est.: Elapsed[25.69h], Remain[20.73h]
=================================================================
Epoch 3706: Train (100%)  Score: 10.3192,  Loss: -0.2012
Epoch 3706/5000: Time Est.: Elapsed[25.71h], Remain[20.71h]
=================================================================
Epoch 3707: Train (100%)  Score: 9.8960,  Loss: -0.1972
Epoch 3707/5000: Time Est.: Elapsed[25.72h], Remain[20.70h]
=================================================================
Epoch 3708: Train (100%)  Score: 10.0764,  Loss: -0.2033
Epoch 3708/5000: Time Est.: Elapsed[25.74h], Remain[20.68h]
=================================================================
Epoch 3709: Train (100%)  Score: 10.0290,  Loss: -0.2005
Epoch 3709/5000: Time Est.: Elapsed[25.76h], Remain[20.67h]
=================================================================
Epoch 3710: Train (100%)  Score: 10.2398,  Loss: -0.2065
Epoch 3710/5000: Time Est.: Elapsed[25.77h], Remain[20.65h]
=================================================================
Epoch 3711: Train (100%)  Score: 9.9360,  Loss: -0.1974
Epoch 3711/5000: Time Est.: Elapsed[25.79h], Remain[20.63h]
=================================================================
Epoch 3712: Train (100%)  Score: 10.1185,  Loss: -0.2003
Epoch 3712/5000: Time Est.: Elapsed[25.80h], Remain[20.62h]
=================================================================
Epoch 3713: Train (100%)  Score: 10.3968,  Loss: -0.2045
Epoch 3713/5000: Time Est.: Elapsed[25.82h], Remain[20.60h]
=================================================================
Epoch 3714: Train (100%)  Score: 9.7697,  Loss: -0.2009
Epoch 3714/5000: Time Est.: Elapsed[25.84h], Remain[20.59h]
=================================================================
Epoch 3715: Train (100%)  Score: 10.3294,  Loss: -0.2058
Epoch 3715/5000: Time Est.: Elapsed[25.85h], Remain[20.57h]
=================================================================
Epoch 3716: Train (100%)  Score: 9.9637,  Loss: -0.1972
Epoch 3716/5000: Time Est.: Elapsed[25.87h], Remain[20.55h]
=================================================================
Epoch 3717: Train (100%)  Score: 10.0212,  Loss: -0.2015
Epoch 3717/5000: Time Est.: Elapsed[25.88h], Remain[20.54h]
=================================================================
Epoch 3718: Train (100%)  Score: 9.8403,  Loss: -0.2030
Epoch 3718/5000: Time Est.: Elapsed[25.90h], Remain[20.52h]
=================================================================
Epoch 3719: Train (100%)  Score: 10.5116,  Loss: -0.2040
Epoch 3719/5000: Time Est.: Elapsed[25.92h], Remain[20.51h]
=================================================================
Epoch 3720: Train (100%)  Score: 10.3159,  Loss: -0.2026
Epoch 3720/5000: Time Est.: Elapsed[25.93h], Remain[20.49h]
=================================================================
Epoch 3721: Train (100%)  Score: 10.2751,  Loss: -0.2026
Epoch 3721/5000: Time Est.: Elapsed[25.95h], Remain[20.47h]
=================================================================
Epoch 3722: Train (100%)  Score: 10.1325,  Loss: -0.2049
Epoch 3722/5000: Time Est.: Elapsed[25.96h], Remain[20.46h]
=================================================================
Epoch 3723: Train (100%)  Score: 10.3127,  Loss: -0.1996
Epoch 3723/5000: Time Est.: Elapsed[25.98h], Remain[20.44h]
=================================================================
Epoch 3724: Train (100%)  Score: 9.7707,  Loss: -0.2046
Epoch 3724/5000: Time Est.: Elapsed[26.00h], Remain[20.43h]
=================================================================
Epoch 3725: Train (100%)  Score: 9.8532,  Loss: -0.2019
Epoch 3725/5000: Time Est.: Elapsed[26.01h], Remain[20.41h]
=================================================================
Epoch 3726: Train (100%)  Score: 10.1207,  Loss: -0.1997
Epoch 3726/5000: Time Est.: Elapsed[26.03h], Remain[20.39h]
=================================================================
Epoch 3727: Train (100%)  Score: 10.0420,  Loss: -0.2045
Epoch 3727/5000: Time Est.: Elapsed[26.04h], Remain[20.38h]
=================================================================
Epoch 3728: Train (100%)  Score: 10.1572,  Loss: -0.2075
Epoch 3728/5000: Time Est.: Elapsed[26.06h], Remain[20.36h]
=================================================================
Epoch 3729: Train (100%)  Score: 9.9766,  Loss: -0.2026
Epoch 3729/5000: Time Est.: Elapsed[26.08h], Remain[20.35h]
=================================================================
Epoch 3730: Train (100%)  Score: 9.6498,  Loss: -0.1996
Epoch 3730/5000: Time Est.: Elapsed[26.09h], Remain[20.33h]
=================================================================
Epoch 3731: Train (100%)  Score: 10.1357,  Loss: -0.1970
Epoch 3731/5000: Time Est.: Elapsed[26.11h], Remain[20.31h]
=================================================================
Epoch 3732: Train (100%)  Score: 10.0241,  Loss: -0.2039
Epoch 3732/5000: Time Est.: Elapsed[26.13h], Remain[20.30h]
=================================================================
Epoch 3733: Train (100%)  Score: 10.2827,  Loss: -0.2033
Epoch 3733/5000: Time Est.: Elapsed[26.14h], Remain[20.28h]
=================================================================
Epoch 3734: Train (100%)  Score: 10.0024,  Loss: -0.2029
Epoch 3734/5000: Time Est.: Elapsed[26.16h], Remain[20.27h]
=================================================================
Epoch 3735: Train (100%)  Score: 9.9621,  Loss: -0.2020
Epoch 3735/5000: Time Est.: Elapsed[26.18h], Remain[20.25h]
=================================================================
Epoch 3736: Train (100%)  Score: 10.2198,  Loss: -0.2021
Epoch 3736/5000: Time Est.: Elapsed[26.19h], Remain[20.24h]
=================================================================
Epoch 3737: Train (100%)  Score: 9.9652,  Loss: -0.2029
Epoch 3737/5000: Time Est.: Elapsed[26.21h], Remain[20.22h]
=================================================================
Epoch 3738: Train (100%)  Score: 10.2397,  Loss: -0.2044
Epoch 3738/5000: Time Est.: Elapsed[26.23h], Remain[20.21h]
=================================================================
Epoch 3739: Train (100%)  Score: 9.6881,  Loss: -0.2041
Epoch 3739/5000: Time Est.: Elapsed[26.24h], Remain[20.19h]
=================================================================
Epoch 3740: Train (100%)  Score: 10.4361,  Loss: -0.2033
Epoch 3740/5000: Time Est.: Elapsed[26.26h], Remain[20.17h]
=================================================================
Epoch 3741: Train (100%)  Score: 10.3169,  Loss: -0.2009
Epoch 3741/5000: Time Est.: Elapsed[26.27h], Remain[20.16h]
=================================================================
Epoch 3742: Train (100%)  Score: 10.2682,  Loss: -0.1999
Epoch 3742/5000: Time Est.: Elapsed[26.29h], Remain[20.14h]
=================================================================
Epoch 3743: Train (100%)  Score: 9.9424,  Loss: -0.2051
Epoch 3743/5000: Time Est.: Elapsed[26.31h], Remain[20.13h]
=================================================================
Epoch 3744: Train (100%)  Score: 10.4037,  Loss: -0.2091
Epoch 3744/5000: Time Est.: Elapsed[26.32h], Remain[20.11h]
=================================================================
Epoch 3745: Train (100%)  Score: 9.8566,  Loss: -0.2030
Epoch 3745/5000: Time Est.: Elapsed[26.34h], Remain[20.09h]
=================================================================
Epoch 3746: Train (100%)  Score: 10.4501,  Loss: -0.2042
Epoch 3746/5000: Time Est.: Elapsed[26.34h], Remain[20.07h]
=================================================================
Epoch 3747: Train (100%)  Score: 9.9840,  Loss: -0.2100
Epoch 3747/5000: Time Est.: Elapsed[26.37h], Remain[20.06h]
=================================================================
Epoch 3748: Train (100%)  Score: 10.1600,  Loss: -0.2021
Epoch 3748/5000: Time Est.: Elapsed[26.39h], Remain[20.05h]
=================================================================
Epoch 3749: Train (100%)  Score: 9.9863,  Loss: -0.1988
Epoch 3749/5000: Time Est.: Elapsed[26.40h], Remain[20.03h]
=================================================================
Epoch 3750: Train (100%)  Score: 10.1716,  Loss: -0.2036
Epoch 3750/5000: Time Est.: Elapsed[26.42h], Remain[20.02h]
=================================================================
Epoch 3751: Train (100%)  Score: 10.3980,  Loss: -0.2089
Epoch 3751/5000: Time Est.: Elapsed[26.44h], Remain[20.00h]
=================================================================
Epoch 3752: Train (100%)  Score: 10.5204,  Loss: -0.2042
Epoch 3752/5000: Time Est.: Elapsed[26.45h], Remain[19.98h]
=================================================================
Epoch 3753: Train (100%)  Score: 10.2896,  Loss: -0.2068
Epoch 3753/5000: Time Est.: Elapsed[26.47h], Remain[19.97h]
=================================================================
Epoch 3754: Train (100%)  Score: 10.0746,  Loss: -0.2057
Epoch 3754/5000: Time Est.: Elapsed[26.48h], Remain[19.95h]
=================================================================
Epoch 3755: Train (100%)  Score: 10.1052,  Loss: -0.2057
Epoch 3755/5000: Time Est.: Elapsed[26.50h], Remain[19.94h]
=================================================================
Epoch 3756: Train (100%)  Score: 10.1698,  Loss: -0.1963
Epoch 3756/5000: Time Est.: Elapsed[26.52h], Remain[19.92h]
=================================================================
Epoch 3757: Train (100%)  Score: 10.2161,  Loss: -0.2005
Epoch 3757/5000: Time Est.: Elapsed[26.53h], Remain[19.90h]
=================================================================
Epoch 3758: Train (100%)  Score: 10.3788,  Loss: -0.2031
Epoch 3758/5000: Time Est.: Elapsed[26.55h], Remain[19.89h]
=================================================================
Epoch 3759: Train (100%)  Score: 9.7568,  Loss: -0.1932
Epoch 3759/5000: Time Est.: Elapsed[26.57h], Remain[19.87h]
=================================================================
Epoch 3760: Train (100%)  Score: 10.2512,  Loss: -0.2069
Epoch 3760/5000: Time Est.: Elapsed[26.58h], Remain[19.86h]
=================================================================
Epoch 3761: Train (100%)  Score: 10.1465,  Loss: -0.2005
Epoch 3761/5000: Time Est.: Elapsed[26.60h], Remain[19.84h]
=================================================================
Epoch 3762: Train (100%)  Score: 9.9398,  Loss: -0.1999
Epoch 3762/5000: Time Est.: Elapsed[26.61h], Remain[19.82h]
=================================================================
Epoch 3763: Train (100%)  Score: 10.0218,  Loss: -0.2066
Epoch 3763/5000: Time Est.: Elapsed[26.63h], Remain[19.81h]
=================================================================
Epoch 3764: Train (100%)  Score: 10.0836,  Loss: -0.2013
Epoch 3764/5000: Time Est.: Elapsed[26.65h], Remain[19.79h]
=================================================================
Epoch 3765: Train (100%)  Score: 9.8548,  Loss: -0.1982
Epoch 3765/5000: Time Est.: Elapsed[26.66h], Remain[19.78h]
=================================================================
Epoch 3766: Train (100%)  Score: 9.8348,  Loss: -0.1996
Epoch 3766/5000: Time Est.: Elapsed[26.68h], Remain[19.76h]
=================================================================
Epoch 3767: Train (100%)  Score: 10.0995,  Loss: -0.2036
Epoch 3767/5000: Time Est.: Elapsed[26.70h], Remain[19.75h]
=================================================================
Epoch 3768: Train (100%)  Score: 10.3253,  Loss: -0.2004
Epoch 3768/5000: Time Est.: Elapsed[26.71h], Remain[19.73h]
=================================================================
Epoch 3769: Train (100%)  Score: 10.1569,  Loss: -0.2021
Epoch 3769/5000: Time Est.: Elapsed[26.73h], Remain[19.71h]
=================================================================
Epoch 3770: Train (100%)  Score: 9.8787,  Loss: -0.2073
Epoch 3770/5000: Time Est.: Elapsed[26.74h], Remain[19.70h]
=================================================================
Epoch 3771: Train (100%)  Score: 10.3648,  Loss: -0.1972
Epoch 3771/5000: Time Est.: Elapsed[26.76h], Remain[19.68h]
=================================================================
Epoch 3772: Train (100%)  Score: 9.9015,  Loss: -0.1963
Epoch 3772/5000: Time Est.: Elapsed[26.78h], Remain[19.67h]
=================================================================
Epoch 3773: Train (100%)  Score: 9.7447,  Loss: -0.2029
Epoch 3773/5000: Time Est.: Elapsed[26.79h], Remain[19.65h]
=================================================================
Epoch 3774: Train (100%)  Score: 10.1742,  Loss: -0.2020
Epoch 3774/5000: Time Est.: Elapsed[26.81h], Remain[19.63h]
=================================================================
Epoch 3775: Train (100%)  Score: 10.4338,  Loss: -0.1999
Epoch 3775/5000: Time Est.: Elapsed[26.83h], Remain[19.62h]
=================================================================
Epoch 3776: Train (100%)  Score: 10.3916,  Loss: -0.2017
Epoch 3776/5000: Time Est.: Elapsed[26.84h], Remain[19.60h]
=================================================================
Epoch 3777: Train (100%)  Score: 10.0335,  Loss: -0.1979
Epoch 3777/5000: Time Est.: Elapsed[26.86h], Remain[19.59h]
=================================================================
Epoch 3778: Train (100%)  Score: 10.2786,  Loss: -0.2005
Epoch 3778/5000: Time Est.: Elapsed[26.87h], Remain[19.57h]
=================================================================
Epoch 3779: Train (100%)  Score: 10.0267,  Loss: -0.1986
Epoch 3779/5000: Time Est.: Elapsed[26.89h], Remain[19.56h]
=================================================================
Epoch 3780: Train (100%)  Score: 10.0686,  Loss: -0.2037
Epoch 3780/5000: Time Est.: Elapsed[26.91h], Remain[19.54h]
=================================================================
Epoch 3781: Train (100%)  Score: 10.1138,  Loss: -0.2029
Epoch 3781/5000: Time Est.: Elapsed[26.92h], Remain[19.52h]
=================================================================
Epoch 3782: Train (100%)  Score: 10.3344,  Loss: -0.2110
Epoch 3782/5000: Time Est.: Elapsed[26.94h], Remain[19.51h]
=================================================================
Epoch 3783: Train (100%)  Score: 10.1689,  Loss: -0.2010
Epoch 3783/5000: Time Est.: Elapsed[26.94h], Remain[19.48h]
=================================================================
Epoch 3784: Train (100%)  Score: 10.2930,  Loss: -0.2012
Epoch 3784/5000: Time Est.: Elapsed[26.97h], Remain[19.48h]
=================================================================
Epoch 3785: Train (100%)  Score: 10.4450,  Loss: -0.2078
Epoch 3785/5000: Time Est.: Elapsed[26.99h], Remain[19.46h]
=================================================================
Epoch 3786: Train (100%)  Score: 10.3287,  Loss: -0.2084
Epoch 3786/5000: Time Est.: Elapsed[27.00h], Remain[19.44h]
=================================================================
Epoch 3787: Train (100%)  Score: 10.4265,  Loss: -0.1985
Epoch 3787/5000: Time Est.: Elapsed[27.02h], Remain[19.43h]
=================================================================
Epoch 3788: Train (100%)  Score: 10.4553,  Loss: -0.2060
Epoch 3788/5000: Time Est.: Elapsed[27.03h], Remain[19.41h]
=================================================================
Epoch 3789: Train (100%)  Score: 10.5323,  Loss: -0.2059
Epoch 3789/5000: Time Est.: Elapsed[27.05h], Remain[19.40h]
=================================================================
Epoch 3790: Train (100%)  Score: 10.4210,  Loss: -0.2046
Epoch 3790/5000: Time Est.: Elapsed[27.07h], Remain[19.38h]
=================================================================
Epoch 3791: Train (100%)  Score: 10.2296,  Loss: -0.1966
Epoch 3791/5000: Time Est.: Elapsed[27.08h], Remain[19.36h]
=================================================================
Epoch 3792: Train (100%)  Score: 10.0111,  Loss: -0.1987
Epoch 3792/5000: Time Est.: Elapsed[27.10h], Remain[19.35h]
=================================================================
Epoch 3793: Train (100%)  Score: 9.9380,  Loss: -0.2020
Epoch 3793/5000: Time Est.: Elapsed[27.11h], Remain[19.33h]
=================================================================
Epoch 3794: Train (100%)  Score: 9.8655,  Loss: -0.1936
Epoch 3794/5000: Time Est.: Elapsed[27.13h], Remain[19.31h]
=================================================================
Epoch 3795: Train (100%)  Score: 9.9776,  Loss: -0.1986
Epoch 3795/5000: Time Est.: Elapsed[27.15h], Remain[19.30h]
=================================================================
Epoch 3796: Train (100%)  Score: 10.0312,  Loss: -0.2065
Epoch 3796/5000: Time Est.: Elapsed[27.16h], Remain[19.28h]
=================================================================
Epoch 3797: Train (100%)  Score: 10.6323,  Loss: -0.2108
Epoch 3797/5000: Time Est.: Elapsed[27.18h], Remain[19.27h]
=================================================================
Epoch 3798: Train (100%)  Score: 10.1859,  Loss: -0.2022
Epoch 3798/5000: Time Est.: Elapsed[27.19h], Remain[19.25h]
=================================================================
Epoch 3799: Train (100%)  Score: 10.2741,  Loss: -0.2036
Epoch 3799/5000: Time Est.: Elapsed[27.21h], Remain[19.23h]
=================================================================
Epoch 3800: Train (100%)  Score: 10.2061,  Loss: -0.2035
Epoch 3800/5000: Time Est.: Elapsed[27.23h], Remain[19.22h]
Saving trained_model
=================================================================
Epoch 3801: Train (100%)  Score: 10.6004,  Loss: -0.2029
Epoch 3801/5000: Time Est.: Elapsed[27.24h], Remain[19.20h]
=================================================================
Epoch 3802: Train (100%)  Score: 10.5535,  Loss: -0.2021
Epoch 3802/5000: Time Est.: Elapsed[27.26h], Remain[19.19h]
=================================================================
Epoch 3803: Train (100%)  Score: 10.0717,  Loss: -0.2058
Epoch 3803/5000: Time Est.: Elapsed[27.27h], Remain[19.17h]
=================================================================
Epoch 3804: Train (100%)  Score: 10.2384,  Loss: -0.2088
Epoch 3804/5000: Time Est.: Elapsed[27.29h], Remain[19.15h]
=================================================================
Epoch 3805: Train (100%)  Score: 10.0931,  Loss: -0.2044
Epoch 3805/5000: Time Est.: Elapsed[27.30h], Remain[19.13h]
=================================================================
Epoch 3806: Train (100%)  Score: 10.3394,  Loss: -0.1998
Epoch 3806/5000: Time Est.: Elapsed[27.32h], Remain[19.12h]
=================================================================
Epoch 3807: Train (100%)  Score: 10.1154,  Loss: -0.2019
Epoch 3807/5000: Time Est.: Elapsed[27.34h], Remain[19.11h]
=================================================================
Epoch 3808: Train (100%)  Score: 10.2055,  Loss: -0.2050
Epoch 3808/5000: Time Est.: Elapsed[27.35h], Remain[19.09h]
=================================================================
Epoch 3809: Train (100%)  Score: 9.9873,  Loss: -0.2011
Epoch 3809/5000: Time Est.: Elapsed[27.37h], Remain[19.07h]
=================================================================
Epoch 3810: Train (100%)  Score: 10.2608,  Loss: -0.2078
Epoch 3810/5000: Time Est.: Elapsed[27.39h], Remain[19.06h]
=================================================================
Epoch 3811: Train (100%)  Score: 9.8370,  Loss: -0.1978
Epoch 3811/5000: Time Est.: Elapsed[27.40h], Remain[19.04h]
=================================================================
Epoch 3812: Train (100%)  Score: 10.3386,  Loss: -0.2056
Epoch 3812/5000: Time Est.: Elapsed[27.42h], Remain[19.03h]
=================================================================
Epoch 3813: Train (100%)  Score: 10.3395,  Loss: -0.2045
Epoch 3813/5000: Time Est.: Elapsed[27.43h], Remain[19.01h]
=================================================================
Epoch 3814: Train (100%)  Score: 10.2107,  Loss: -0.2014
Epoch 3814/5000: Time Est.: Elapsed[27.45h], Remain[18.99h]
=================================================================
Epoch 3815: Train (100%)  Score: 10.3730,  Loss: -0.2039
Epoch 3815/5000: Time Est.: Elapsed[27.47h], Remain[18.98h]
=================================================================
Epoch 3816: Train (100%)  Score: 10.3914,  Loss: -0.2062
Epoch 3816/5000: Time Est.: Elapsed[27.48h], Remain[18.96h]
=================================================================
Epoch 3817: Train (100%)  Score: 9.7043,  Loss: -0.1972
Epoch 3817/5000: Time Est.: Elapsed[27.50h], Remain[18.95h]
=================================================================
Epoch 3818: Train (100%)  Score: 10.0552,  Loss: -0.2001
Epoch 3818/5000: Time Est.: Elapsed[27.51h], Remain[18.93h]
=================================================================
Epoch 3819: Train (100%)  Score: 9.6868,  Loss: -0.2037
Epoch 3819/5000: Time Est.: Elapsed[27.53h], Remain[18.91h]
=================================================================
Epoch 3820: Train (100%)  Score: 10.3788,  Loss: -0.2085
Epoch 3820/5000: Time Est.: Elapsed[27.55h], Remain[18.90h]
=================================================================
Epoch 3821: Train (100%)  Score: 9.9927,  Loss: -0.2021
Epoch 3821/5000: Time Est.: Elapsed[27.56h], Remain[18.88h]
=================================================================
Epoch 3822: Train (100%)  Score: 10.0778,  Loss: -0.1992
Epoch 3822/5000: Time Est.: Elapsed[27.58h], Remain[18.87h]
=================================================================
Epoch 3823: Train (100%)  Score: 10.1310,  Loss: -0.2054
Epoch 3823/5000: Time Est.: Elapsed[27.59h], Remain[18.85h]
=================================================================
Epoch 3824: Train (100%)  Score: 10.2286,  Loss: -0.2017
Epoch 3824/5000: Time Est.: Elapsed[27.61h], Remain[18.83h]
=================================================================
Epoch 3825: Train (100%)  Score: 9.8446,  Loss: -0.1958
Epoch 3825/5000: Time Est.: Elapsed[27.63h], Remain[18.82h]
=================================================================
Epoch 3826: Train (100%)  Score: 10.3331,  Loss: -0.1981
Epoch 3826/5000: Time Est.: Elapsed[27.64h], Remain[18.80h]
=================================================================
Epoch 3827: Train (100%)  Score: 10.2434,  Loss: -0.2048
Epoch 3827/5000: Time Est.: Elapsed[27.66h], Remain[18.79h]
=================================================================
Epoch 3828: Train (100%)  Score: 10.0950,  Loss: -0.2029
Epoch 3828/5000: Time Est.: Elapsed[27.67h], Remain[18.77h]
=================================================================
Epoch 3829: Train (100%)  Score: 10.0212,  Loss: -0.1979
Epoch 3829/5000: Time Est.: Elapsed[27.69h], Remain[18.75h]
=================================================================
Epoch 3830: Train (100%)  Score: 10.0088,  Loss: -0.2023
Epoch 3830/5000: Time Est.: Elapsed[27.71h], Remain[18.74h]
=================================================================
Epoch 3831: Train (100%)  Score: 9.9605,  Loss: -0.2036
Epoch 3831/5000: Time Est.: Elapsed[27.72h], Remain[18.72h]
=================================================================
Epoch 3832: Train (100%)  Score: 10.0178,  Loss: -0.2018
Epoch 3832/5000: Time Est.: Elapsed[27.74h], Remain[18.70h]
=================================================================
Epoch 3833: Train (100%)  Score: 10.2287,  Loss: -0.1965
Epoch 3833/5000: Time Est.: Elapsed[27.75h], Remain[18.69h]
=================================================================
Epoch 3834: Train (100%)  Score: 10.0360,  Loss: -0.1985
Epoch 3834/5000: Time Est.: Elapsed[27.77h], Remain[18.67h]
=================================================================
Epoch 3835: Train (100%)  Score: 9.8790,  Loss: -0.2076
Epoch 3835/5000: Time Est.: Elapsed[27.78h], Remain[18.66h]
=================================================================
Epoch 3836: Train (100%)  Score: 9.9372,  Loss: -0.2053
Epoch 3836/5000: Time Est.: Elapsed[27.80h], Remain[18.64h]
=================================================================
Epoch 3837: Train (100%)  Score: 10.7336,  Loss: -0.2119
Epoch 3837/5000: Time Est.: Elapsed[27.82h], Remain[18.62h]
=================================================================
Epoch 3838: Train (100%)  Score: 10.2424,  Loss: -0.2007
Epoch 3838/5000: Time Est.: Elapsed[27.83h], Remain[18.61h]
=================================================================
Epoch 3839: Train (100%)  Score: 10.0857,  Loss: -0.2015
Epoch 3839/5000: Time Est.: Elapsed[27.85h], Remain[18.59h]
=================================================================
Epoch 3840: Train (100%)  Score: 10.0070,  Loss: -0.2018
Epoch 3840/5000: Time Est.: Elapsed[27.86h], Remain[18.58h]
=================================================================
Epoch 3841: Train (100%)  Score: 9.8938,  Loss: -0.1963
Epoch 3841/5000: Time Est.: Elapsed[27.88h], Remain[18.56h]
=================================================================
Epoch 3842: Train (100%)  Score: 10.2594,  Loss: -0.2045
Epoch 3842/5000: Time Est.: Elapsed[27.90h], Remain[18.54h]
=================================================================
Epoch 3843: Train (100%)  Score: 10.1822,  Loss: -0.2007
Epoch 3843/5000: Time Est.: Elapsed[27.91h], Remain[18.53h]
=================================================================
Epoch 3844: Train (100%)  Score: 9.9586,  Loss: -0.1991
Epoch 3844/5000: Time Est.: Elapsed[27.93h], Remain[18.51h]
=================================================================
Epoch 3845: Train (100%)  Score: 9.8660,  Loss: -0.1996
Epoch 3845/5000: Time Est.: Elapsed[27.94h], Remain[18.50h]
=================================================================
Epoch 3846: Train (100%)  Score: 10.3359,  Loss: -0.2087
Epoch 3846/5000: Time Est.: Elapsed[27.96h], Remain[18.48h]
=================================================================
Epoch 3847: Train (100%)  Score: 10.1534,  Loss: -0.2029
Epoch 3847/5000: Time Est.: Elapsed[27.98h], Remain[18.46h]
=================================================================
Epoch 3848: Train (100%)  Score: 9.9437,  Loss: -0.2014
Epoch 3848/5000: Time Est.: Elapsed[27.99h], Remain[18.45h]
=================================================================
Epoch 3849: Train (100%)  Score: 10.0997,  Loss: -0.2104
Epoch 3849/5000: Time Est.: Elapsed[28.01h], Remain[18.43h]
=================================================================
Epoch 3850: Train (100%)  Score: 10.1262,  Loss: -0.2037
Epoch 3850/5000: Time Est.: Elapsed[28.02h], Remain[18.42h]
=================================================================
Epoch 3851: Train (100%)  Score: 9.9191,  Loss: -0.2015
Epoch 3851/5000: Time Est.: Elapsed[28.04h], Remain[18.40h]
=================================================================
Epoch 3852: Train (100%)  Score: 10.0102,  Loss: -0.2050
Epoch 3852/5000: Time Est.: Elapsed[28.06h], Remain[18.38h]
=================================================================
Epoch 3853: Train (100%)  Score: 10.0776,  Loss: -0.2006
Epoch 3853/5000: Time Est.: Elapsed[28.07h], Remain[18.37h]
=================================================================
Epoch 3854: Train (100%)  Score: 9.9345,  Loss: -0.2030
Epoch 3854/5000: Time Est.: Elapsed[28.09h], Remain[18.35h]
=================================================================
Epoch 3855: Train (100%)  Score: 9.9895,  Loss: -0.2047
Epoch 3855/5000: Time Est.: Elapsed[28.10h], Remain[18.33h]
=================================================================
>> Invalid instances, Re-generating ...
Epoch 3856: Train (100%)  Score: 10.2966,  Loss: -0.2031
Epoch 3856/5000: Time Est.: Elapsed[28.12h], Remain[18.32h]
=================================================================
Epoch 3857: Train (100%)  Score: 10.3647,  Loss: -0.2054
Epoch 3857/5000: Time Est.: Elapsed[28.13h], Remain[18.30h]
=================================================================
Epoch 3858: Train (100%)  Score: 10.2192,  Loss: -0.1998
Epoch 3858/5000: Time Est.: Elapsed[28.15h], Remain[18.29h]
=================================================================
Epoch 3859: Train (100%)  Score: 10.2087,  Loss: -0.1996
Epoch 3859/5000: Time Est.: Elapsed[28.17h], Remain[18.27h]
=================================================================
>> Invalid instances, Re-generating ...
Epoch 3860: Train (100%)  Score: 10.3047,  Loss: -0.2108
Epoch 3860/5000: Time Est.: Elapsed[28.18h], Remain[18.25h]
=================================================================
Epoch 3861: Train (100%)  Score: 10.0092,  Loss: -0.2049
Epoch 3861/5000: Time Est.: Elapsed[28.20h], Remain[18.24h]
=================================================================
Epoch 3862: Train (100%)  Score: 10.4192,  Loss: -0.2050
Epoch 3862/5000: Time Est.: Elapsed[28.21h], Remain[18.22h]
=================================================================
Epoch 3863: Train (100%)  Score: 9.9487,  Loss: -0.2044
Epoch 3863/5000: Time Est.: Elapsed[28.23h], Remain[18.21h]
=================================================================
Epoch 3864: Train (100%)  Score: 10.4137,  Loss: -0.2048
Epoch 3864/5000: Time Est.: Elapsed[28.25h], Remain[18.19h]
=================================================================
Epoch 3865: Train (100%)  Score: 10.4805,  Loss: -0.2039
Epoch 3865/5000: Time Est.: Elapsed[28.26h], Remain[18.17h]
=================================================================
Epoch 3866: Train (100%)  Score: 9.7045,  Loss: -0.2007
Epoch 3866/5000: Time Est.: Elapsed[28.28h], Remain[18.16h]
=================================================================
Epoch 3867: Train (100%)  Score: 10.3303,  Loss: -0.2049
Epoch 3867/5000: Time Est.: Elapsed[28.29h], Remain[18.14h]
=================================================================
Epoch 3868: Train (100%)  Score: 10.2422,  Loss: -0.2032
Epoch 3868/5000: Time Est.: Elapsed[28.31h], Remain[18.13h]
=================================================================
Epoch 3869: Train (100%)  Score: 9.8596,  Loss: -0.1990
Epoch 3869/5000: Time Est.: Elapsed[28.33h], Remain[18.11h]
=================================================================
Epoch 3870: Train (100%)  Score: 9.5983,  Loss: -0.1976
Epoch 3870/5000: Time Est.: Elapsed[28.34h], Remain[18.09h]
=================================================================
Epoch 3871: Train (100%)  Score: 10.1326,  Loss: -0.2055
Epoch 3871/5000: Time Est.: Elapsed[28.36h], Remain[18.08h]
=================================================================
Epoch 3872: Train (100%)  Score: 10.0819,  Loss: -0.1995
Epoch 3872/5000: Time Est.: Elapsed[28.37h], Remain[18.06h]
=================================================================
Epoch 3873: Train (100%)  Score: 10.2221,  Loss: -0.2011
Epoch 3873/5000: Time Est.: Elapsed[28.39h], Remain[18.05h]
=================================================================
Epoch 3874: Train (100%)  Score: 10.2820,  Loss: -0.2061
Epoch 3874/5000: Time Est.: Elapsed[28.41h], Remain[18.03h]
=================================================================
Epoch 3875: Train (100%)  Score: 10.1364,  Loss: -0.2083
Epoch 3875/5000: Time Est.: Elapsed[28.42h], Remain[18.01h]
=================================================================
Epoch 3876: Train (100%)  Score: 10.0795,  Loss: -0.1977
Epoch 3876/5000: Time Est.: Elapsed[28.44h], Remain[18.00h]
=================================================================
Epoch 3877: Train (100%)  Score: 10.1062,  Loss: -0.2039
Epoch 3877/5000: Time Est.: Elapsed[28.45h], Remain[17.98h]
=================================================================
Epoch 3878: Train (100%)  Score: 10.2054,  Loss: -0.2034
Epoch 3878/5000: Time Est.: Elapsed[28.47h], Remain[17.97h]
=================================================================
Epoch 3879: Train (100%)  Score: 10.2737,  Loss: -0.2065
Epoch 3879/5000: Time Est.: Elapsed[28.48h], Remain[17.95h]
=================================================================
Epoch 3880: Train (100%)  Score: 10.1999,  Loss: -0.2034
Epoch 3880/5000: Time Est.: Elapsed[28.50h], Remain[17.93h]
=================================================================
Epoch 3881: Train (100%)  Score: 10.2047,  Loss: -0.2032
Epoch 3881/5000: Time Est.: Elapsed[28.52h], Remain[17.92h]
=================================================================
Epoch 3882: Train (100%)  Score: 10.0190,  Loss: -0.2027
Epoch 3882/5000: Time Est.: Elapsed[28.53h], Remain[17.90h]
=================================================================
Epoch 3883: Train (100%)  Score: 10.0258,  Loss: -0.1966
Epoch 3883/5000: Time Est.: Elapsed[28.55h], Remain[17.89h]
=================================================================
Epoch 3884: Train (100%)  Score: 10.0609,  Loss: -0.1995
Epoch 3884/5000: Time Est.: Elapsed[28.56h], Remain[17.87h]
=================================================================
Epoch 3885: Train (100%)  Score: 10.4073,  Loss: -0.2016
Epoch 3885/5000: Time Est.: Elapsed[28.58h], Remain[17.85h]
=================================================================
Epoch 3886: Train (100%)  Score: 10.1042,  Loss: -0.1998
Epoch 3886/5000: Time Est.: Elapsed[28.60h], Remain[17.84h]
=================================================================
Epoch 3887: Train (100%)  Score: 10.3434,  Loss: -0.2077
Epoch 3887/5000: Time Est.: Elapsed[28.61h], Remain[17.82h]
=================================================================
Epoch 3888: Train (100%)  Score: 10.1186,  Loss: -0.2042
Epoch 3888/5000: Time Est.: Elapsed[28.63h], Remain[17.80h]
=================================================================
Epoch 3889: Train (100%)  Score: 10.3860,  Loss: -0.1984
Epoch 3889/5000: Time Est.: Elapsed[28.64h], Remain[17.79h]
=================================================================
Epoch 3890: Train (100%)  Score: 10.2561,  Loss: -0.1997
Epoch 3890/5000: Time Est.: Elapsed[28.66h], Remain[17.77h]
=================================================================
Epoch 3891: Train (100%)  Score: 10.5184,  Loss: -0.1985
Epoch 3891/5000: Time Est.: Elapsed[28.68h], Remain[17.76h]
=================================================================
Epoch 3892: Train (100%)  Score: 10.0421,  Loss: -0.2002
Epoch 3892/5000: Time Est.: Elapsed[28.69h], Remain[17.74h]
=================================================================
Epoch 3893: Train (100%)  Score: 10.4639,  Loss: -0.2043
Epoch 3893/5000: Time Est.: Elapsed[28.71h], Remain[17.72h]
=================================================================
Epoch 3894: Train (100%)  Score: 10.2675,  Loss: -0.2053
Epoch 3894/5000: Time Est.: Elapsed[28.72h], Remain[17.71h]
=================================================================
Epoch 3895: Train (100%)  Score: 10.0365,  Loss: -0.1991
Epoch 3895/5000: Time Est.: Elapsed[28.74h], Remain[17.69h]
=================================================================
Epoch 3896: Train (100%)  Score: 10.3977,  Loss: -0.2079
Epoch 3896/5000: Time Est.: Elapsed[28.76h], Remain[17.68h]
=================================================================
Epoch 3897: Train (100%)  Score: 10.1568,  Loss: -0.2033
Epoch 3897/5000: Time Est.: Elapsed[28.77h], Remain[17.66h]
=================================================================
Epoch 3898: Train (100%)  Score: 9.7373,  Loss: -0.1980
Epoch 3898/5000: Time Est.: Elapsed[28.79h], Remain[17.64h]
=================================================================
Epoch 3899: Train (100%)  Score: 10.2704,  Loss: -0.2051
Epoch 3899/5000: Time Est.: Elapsed[28.80h], Remain[17.63h]
=================================================================
Epoch 3900: Train (100%)  Score: 10.1568,  Loss: -0.2008
Epoch 3900/5000: Time Est.: Elapsed[28.82h], Remain[17.61h]
Saving trained_model
=================================================================
Epoch 3901: Train (100%)  Score: 9.5666,  Loss: -0.1998
Epoch 3901/5000: Time Est.: Elapsed[28.84h], Remain[17.60h]
=================================================================
Epoch 3902: Train (100%)  Score: 9.8915,  Loss: -0.2090
Epoch 3902/5000: Time Est.: Elapsed[28.85h], Remain[17.58h]
=================================================================
Epoch 3903: Train (100%)  Score: 9.9445,  Loss: -0.2034
Epoch 3903/5000: Time Est.: Elapsed[28.87h], Remain[17.56h]
=================================================================
Epoch 3904: Train (100%)  Score: 10.1304,  Loss: -0.2019
Epoch 3904/5000: Time Est.: Elapsed[28.88h], Remain[17.55h]
=================================================================
Epoch 3905: Train (100%)  Score: 10.2160,  Loss: -0.2035
Epoch 3905/5000: Time Est.: Elapsed[28.90h], Remain[17.53h]
=================================================================
Epoch 3906: Train (100%)  Score: 10.0642,  Loss: -0.2045
Epoch 3906/5000: Time Est.: Elapsed[28.92h], Remain[17.52h]
=================================================================
Epoch 3907: Train (100%)  Score: 10.1190,  Loss: -0.2008
Epoch 3907/5000: Time Est.: Elapsed[28.93h], Remain[17.50h]
=================================================================
Epoch 3908: Train (100%)  Score: 10.1140,  Loss: -0.2058
Epoch 3908/5000: Time Est.: Elapsed[28.95h], Remain[17.48h]
=================================================================
Epoch 3909: Train (100%)  Score: 10.2643,  Loss: -0.2042
Epoch 3909/5000: Time Est.: Elapsed[28.96h], Remain[17.47h]
=================================================================
Epoch 3910: Train (100%)  Score: 10.1765,  Loss: -0.2055
Epoch 3910/5000: Time Est.: Elapsed[28.98h], Remain[17.45h]
=================================================================
Epoch 3911: Train (100%)  Score: 9.9726,  Loss: -0.2036
Epoch 3911/5000: Time Est.: Elapsed[29.00h], Remain[17.44h]
=================================================================
Epoch 3912: Train (100%)  Score: 10.4257,  Loss: -0.1994
Epoch 3912/5000: Time Est.: Elapsed[29.01h], Remain[17.42h]
=================================================================
Epoch 3913: Train (100%)  Score: 10.4531,  Loss: -0.2001
Epoch 3913/5000: Time Est.: Elapsed[29.03h], Remain[17.40h]
=================================================================
Epoch 3914: Train (100%)  Score: 9.9439,  Loss: -0.2061
Epoch 3914/5000: Time Est.: Elapsed[29.04h], Remain[17.39h]
=================================================================
Epoch 3915: Train (100%)  Score: 9.8049,  Loss: -0.2003
Epoch 3915/5000: Time Est.: Elapsed[29.06h], Remain[17.37h]
=================================================================
Epoch 3916: Train (100%)  Score: 10.3189,  Loss: -0.2044
Epoch 3916/5000: Time Est.: Elapsed[29.08h], Remain[17.36h]
=================================================================
Epoch 3917: Train (100%)  Score: 10.1459,  Loss: -0.2014
Epoch 3917/5000: Time Est.: Elapsed[29.09h], Remain[17.34h]
=================================================================
Epoch 3918: Train (100%)  Score: 9.9522,  Loss: -0.2027
Epoch 3918/5000: Time Est.: Elapsed[29.10h], Remain[17.32h]
=================================================================
Epoch 3919: Train (100%)  Score: 10.4706,  Loss: -0.2049
Epoch 3919/5000: Time Est.: Elapsed[29.12h], Remain[17.31h]
=================================================================
Epoch 3920: Train (100%)  Score: 9.9742,  Loss: -0.1998
Epoch 3920/5000: Time Est.: Elapsed[29.14h], Remain[17.29h]
=================================================================
Epoch 3921: Train (100%)  Score: 10.2839,  Loss: -0.1997
Epoch 3921/5000: Time Est.: Elapsed[29.14h], Remain[17.27h]
=================================================================
Epoch 3922: Train (100%)  Score: 9.8823,  Loss: -0.2003
Epoch 3922/5000: Time Est.: Elapsed[29.17h], Remain[17.26h]
=================================================================
Epoch 3923: Train (100%)  Score: 10.1813,  Loss: -0.2000
Epoch 3923/5000: Time Est.: Elapsed[29.19h], Remain[17.24h]
=================================================================
Epoch 3924: Train (100%)  Score: 10.3206,  Loss: -0.2069
Epoch 3924/5000: Time Est.: Elapsed[29.20h], Remain[17.23h]
=================================================================
Epoch 3925: Train (100%)  Score: 10.3320,  Loss: -0.1981
Epoch 3925/5000: Time Est.: Elapsed[29.22h], Remain[17.21h]
=================================================================
Epoch 3926: Train (100%)  Score: 10.1428,  Loss: -0.2022
Epoch 3926/5000: Time Est.: Elapsed[29.23h], Remain[17.20h]
=================================================================
Epoch 3927: Train (100%)  Score: 9.8801,  Loss: -0.2010
Epoch 3927/5000: Time Est.: Elapsed[29.25h], Remain[17.18h]
=================================================================
Epoch 3928: Train (100%)  Score: 10.1894,  Loss: -0.2015
Epoch 3928/5000: Time Est.: Elapsed[29.27h], Remain[17.16h]
=================================================================
Epoch 3929: Train (100%)  Score: 9.9175,  Loss: -0.2018
Epoch 3929/5000: Time Est.: Elapsed[29.28h], Remain[17.15h]
=================================================================
Epoch 3930: Train (100%)  Score: 10.2798,  Loss: -0.2009
Epoch 3930/5000: Time Est.: Elapsed[29.30h], Remain[17.13h]
=================================================================
Epoch 3931: Train (100%)  Score: 10.3519,  Loss: -0.2006
Epoch 3931/5000: Time Est.: Elapsed[29.31h], Remain[17.11h]
=================================================================
Epoch 3932: Train (100%)  Score: 10.2259,  Loss: -0.2038
Epoch 3932/5000: Time Est.: Elapsed[29.33h], Remain[17.10h]
=================================================================
Epoch 3933: Train (100%)  Score: 10.3482,  Loss: -0.1954
Epoch 3933/5000: Time Est.: Elapsed[29.35h], Remain[17.08h]
=================================================================
Epoch 3934: Train (100%)  Score: 10.2875,  Loss: -0.2006
Epoch 3934/5000: Time Est.: Elapsed[29.36h], Remain[17.07h]
=================================================================
Epoch 3935: Train (100%)  Score: 10.0841,  Loss: -0.1992
Epoch 3935/5000: Time Est.: Elapsed[29.38h], Remain[17.05h]
=================================================================
Epoch 3936: Train (100%)  Score: 10.4998,  Loss: -0.2013
Epoch 3936/5000: Time Est.: Elapsed[29.39h], Remain[17.03h]
=================================================================
Epoch 3937: Train (100%)  Score: 10.1261,  Loss: -0.1979
Epoch 3937/5000: Time Est.: Elapsed[29.41h], Remain[17.02h]
=================================================================
Epoch 3938: Train (100%)  Score: 10.3948,  Loss: -0.2059
Epoch 3938/5000: Time Est.: Elapsed[29.43h], Remain[17.00h]
=================================================================
Epoch 3939: Train (100%)  Score: 10.4052,  Loss: -0.2028
Epoch 3939/5000: Time Est.: Elapsed[29.44h], Remain[16.99h]
=================================================================
Epoch 3940: Train (100%)  Score: 9.8722,  Loss: -0.2050
Epoch 3940/5000: Time Est.: Elapsed[29.46h], Remain[16.97h]
=================================================================
Epoch 3941: Train (100%)  Score: 10.2901,  Loss: -0.2017
Epoch 3941/5000: Time Est.: Elapsed[29.47h], Remain[16.95h]
=================================================================
Epoch 3942: Train (100%)  Score: 10.0771,  Loss: -0.2001
Epoch 3942/5000: Time Est.: Elapsed[29.49h], Remain[16.94h]
=================================================================
Epoch 3943: Train (100%)  Score: 10.1783,  Loss: -0.2025
Epoch 3943/5000: Time Est.: Elapsed[29.51h], Remain[16.92h]
=================================================================
Epoch 3944: Train (100%)  Score: 10.1320,  Loss: -0.1991
Epoch 3944/5000: Time Est.: Elapsed[29.52h], Remain[16.91h]
=================================================================
Epoch 3945: Train (100%)  Score: 10.0520,  Loss: -0.2041
Epoch 3945/5000: Time Est.: Elapsed[29.54h], Remain[16.89h]
=================================================================
Epoch 3946: Train (100%)  Score: 9.7181,  Loss: -0.2042
Epoch 3946/5000: Time Est.: Elapsed[29.55h], Remain[16.87h]
=================================================================
Epoch 3947: Train (100%)  Score: 10.2985,  Loss: -0.2012
Epoch 3947/5000: Time Est.: Elapsed[29.57h], Remain[16.86h]
=================================================================
Epoch 3948: Train (100%)  Score: 10.1709,  Loss: -0.2025
Epoch 3948/5000: Time Est.: Elapsed[29.59h], Remain[16.84h]
=================================================================
Epoch 3949: Train (100%)  Score: 9.6933,  Loss: -0.2011
Epoch 3949/5000: Time Est.: Elapsed[29.60h], Remain[16.83h]
=================================================================
Epoch 3950: Train (100%)  Score: 10.2967,  Loss: -0.1967
Epoch 3950/5000: Time Est.: Elapsed[29.62h], Remain[16.81h]
=================================================================
Epoch 3951: Train (100%)  Score: 10.3375,  Loss: -0.2003
Epoch 3951/5000: Time Est.: Elapsed[29.63h], Remain[16.79h]
=================================================================
Epoch 3952: Train (100%)  Score: 10.1431,  Loss: -0.2085
Epoch 3952/5000: Time Est.: Elapsed[29.65h], Remain[16.78h]
=================================================================
Epoch 3953: Train (100%)  Score: 10.2632,  Loss: -0.1989
Epoch 3953/5000: Time Est.: Elapsed[29.67h], Remain[16.76h]
=================================================================
Epoch 3954: Train (100%)  Score: 10.1470,  Loss: -0.2054
Epoch 3954/5000: Time Est.: Elapsed[29.68h], Remain[16.75h]
=================================================================
Epoch 3955: Train (100%)  Score: 9.9380,  Loss: -0.2003
Epoch 3955/5000: Time Est.: Elapsed[29.70h], Remain[16.73h]
=================================================================
Epoch 3956: Train (100%)  Score: 10.0818,  Loss: -0.2085
Epoch 3956/5000: Time Est.: Elapsed[29.71h], Remain[16.71h]
=================================================================
Epoch 3957: Train (100%)  Score: 10.0223,  Loss: -0.2009
Epoch 3957/5000: Time Est.: Elapsed[29.73h], Remain[16.70h]
=================================================================
Epoch 3958: Train (100%)  Score: 9.9804,  Loss: -0.2052
Epoch 3958/5000: Time Est.: Elapsed[29.75h], Remain[16.68h]
=================================================================
Epoch 3959: Train (100%)  Score: 9.9277,  Loss: -0.2007
Epoch 3959/5000: Time Est.: Elapsed[29.76h], Remain[16.67h]
=================================================================
Epoch 3960: Train (100%)  Score: 9.7931,  Loss: -0.1972
Epoch 3960/5000: Time Est.: Elapsed[29.78h], Remain[16.65h]
=================================================================
Epoch 3961: Train (100%)  Score: 9.8493,  Loss: -0.1983
Epoch 3961/5000: Time Est.: Elapsed[29.79h], Remain[16.63h]
=================================================================
Epoch 3962: Train (100%)  Score: 9.9656,  Loss: -0.1939
Epoch 3962/5000: Time Est.: Elapsed[29.81h], Remain[16.62h]
=================================================================
Epoch 3963: Train (100%)  Score: 10.0632,  Loss: -0.2010
Epoch 3963/5000: Time Est.: Elapsed[29.83h], Remain[16.60h]
=================================================================
Epoch 3964: Train (100%)  Score: 10.0334,  Loss: -0.2054
Epoch 3964/5000: Time Est.: Elapsed[29.84h], Remain[16.59h]
=================================================================
Epoch 3965: Train (100%)  Score: 9.7834,  Loss: -0.1992
Epoch 3965/5000: Time Est.: Elapsed[29.86h], Remain[16.57h]
=================================================================
Epoch 3966: Train (100%)  Score: 10.1545,  Loss: -0.1969
Epoch 3966/5000: Time Est.: Elapsed[29.88h], Remain[16.55h]
=================================================================
Epoch 3967: Train (100%)  Score: 10.2556,  Loss: -0.2011
Epoch 3967/5000: Time Est.: Elapsed[29.89h], Remain[16.54h]
=================================================================
Epoch 3968: Train (100%)  Score: 9.8087,  Loss: -0.2004
Epoch 3968/5000: Time Est.: Elapsed[29.91h], Remain[16.52h]
=================================================================
Epoch 3969: Train (100%)  Score: 9.7749,  Loss: -0.2027
Epoch 3969/5000: Time Est.: Elapsed[29.93h], Remain[16.51h]
=================================================================
Epoch 3970: Train (100%)  Score: 10.1180,  Loss: -0.2047
Epoch 3970/5000: Time Est.: Elapsed[29.94h], Remain[16.49h]
=================================================================
Epoch 3971: Train (100%)  Score: 9.9660,  Loss: -0.2001
Epoch 3971/5000: Time Est.: Elapsed[29.96h], Remain[16.48h]
=================================================================
Epoch 3972: Train (100%)  Score: 10.3811,  Loss: -0.2017
Epoch 3972/5000: Time Est.: Elapsed[29.97h], Remain[16.46h]
=================================================================
Epoch 3973: Train (100%)  Score: 9.8599,  Loss: -0.2001
Epoch 3973/5000: Time Est.: Elapsed[29.99h], Remain[16.44h]
=================================================================
Epoch 3974: Train (100%)  Score: 10.0624,  Loss: -0.2036
Epoch 3974/5000: Time Est.: Elapsed[30.01h], Remain[16.43h]
=================================================================
Epoch 3975: Train (100%)  Score: 10.2745,  Loss: -0.2006
Epoch 3975/5000: Time Est.: Elapsed[30.02h], Remain[16.41h]
=================================================================
Epoch 3976: Train (100%)  Score: 10.2142,  Loss: -0.2007
Epoch 3976/5000: Time Est.: Elapsed[30.04h], Remain[16.40h]
=================================================================
Epoch 3977: Train (100%)  Score: 10.0081,  Loss: -0.2010
Epoch 3977/5000: Time Est.: Elapsed[30.05h], Remain[16.38h]
=================================================================
Epoch 3978: Train (100%)  Score: 9.7842,  Loss: -0.1995
Epoch 3978/5000: Time Est.: Elapsed[30.07h], Remain[16.36h]
=================================================================
Epoch 3979: Train (100%)  Score: 10.2313,  Loss: -0.2107
Epoch 3979/5000: Time Est.: Elapsed[30.09h], Remain[16.35h]
=================================================================
Epoch 3980: Train (100%)  Score: 9.9902,  Loss: -0.2053
Epoch 3980/5000: Time Est.: Elapsed[30.10h], Remain[16.33h]
=================================================================
Epoch 3981: Train (100%)  Score: 10.1070,  Loss: -0.2008
Epoch 3981/5000: Time Est.: Elapsed[30.12h], Remain[16.32h]
=================================================================
Epoch 3982: Train (100%)  Score: 10.1002,  Loss: -0.2002
Epoch 3982/5000: Time Est.: Elapsed[30.14h], Remain[16.30h]
=================================================================
Epoch 3983: Train (100%)  Score: 9.9204,  Loss: -0.2056
Epoch 3983/5000: Time Est.: Elapsed[30.15h], Remain[16.28h]
=================================================================
Epoch 3984: Train (100%)  Score: 10.1790,  Loss: -0.2070
Epoch 3984/5000: Time Est.: Elapsed[30.17h], Remain[16.27h]
=================================================================
Epoch 3985: Train (100%)  Score: 9.7697,  Loss: -0.1983
Epoch 3985/5000: Time Est.: Elapsed[30.18h], Remain[16.25h]
=================================================================
Epoch 3986: Train (100%)  Score: 10.1664,  Loss: -0.2019
Epoch 3986/5000: Time Est.: Elapsed[30.20h], Remain[16.24h]
=================================================================
Epoch 3987: Train (100%)  Score: 10.0937,  Loss: -0.1993
Epoch 3987/5000: Time Est.: Elapsed[30.22h], Remain[16.22h]
=================================================================
Epoch 3988: Train (100%)  Score: 10.1559,  Loss: -0.2069
Epoch 3988/5000: Time Est.: Elapsed[30.23h], Remain[16.20h]
=================================================================
Epoch 3989: Train (100%)  Score: 10.5934,  Loss: -0.2041
Epoch 3989/5000: Time Est.: Elapsed[30.25h], Remain[16.19h]
=================================================================
Epoch 3990: Train (100%)  Score: 9.9136,  Loss: -0.1978
Epoch 3990/5000: Time Est.: Elapsed[30.26h], Remain[16.17h]
=================================================================
Epoch 3991: Train (100%)  Score: 10.2522,  Loss: -0.2062
Epoch 3991/5000: Time Est.: Elapsed[30.28h], Remain[16.16h]
=================================================================
Epoch 3992: Train (100%)  Score: 10.4214,  Loss: -0.2036
Epoch 3992/5000: Time Est.: Elapsed[30.29h], Remain[16.14h]
=================================================================
Epoch 3993: Train (100%)  Score: 10.2088,  Loss: -0.1957
Epoch 3993/5000: Time Est.: Elapsed[30.31h], Remain[16.13h]
=================================================================
Epoch 3994: Train (100%)  Score: 10.6671,  Loss: -0.2062
Epoch 3994/5000: Time Est.: Elapsed[30.33h], Remain[16.11h]
=================================================================
Epoch 3995: Train (100%)  Score: 10.1379,  Loss: -0.1982
Epoch 3995/5000: Time Est.: Elapsed[30.35h], Remain[16.09h]
=================================================================
Epoch 3996: Train (100%)  Score: 10.2592,  Loss: -0.2023
Epoch 3996/5000: Time Est.: Elapsed[30.36h], Remain[16.08h]
=================================================================
Epoch 3997: Train (100%)  Score: 10.1409,  Loss: -0.2007
Epoch 3997/5000: Time Est.: Elapsed[30.38h], Remain[16.06h]
=================================================================
Epoch 3998: Train (100%)  Score: 9.8798,  Loss: -0.2034
Epoch 3998/5000: Time Est.: Elapsed[30.39h], Remain[16.05h]
=================================================================
Epoch 3999: Train (100%)  Score: 10.0702,  Loss: -0.2039
Epoch 3999/5000: Time Est.: Elapsed[30.41h], Remain[16.03h]
=================================================================
Epoch 4000: Train (100%)  Score: 10.3515,  Loss: -0.2035
Epoch 4000/5000: Time Est.: Elapsed[30.43h], Remain[16.01h]
Saving trained_model
=================================================================
Epoch 4001: Train (100%)  Score: 9.9213,  Loss: -0.1986
Epoch 4001/5000: Time Est.: Elapsed[30.44h], Remain[16.00h]
=================================================================
Epoch 4002: Train (100%)  Score: 10.3106,  Loss: -0.2049
Epoch 4002/5000: Time Est.: Elapsed[30.46h], Remain[15.98h]
=================================================================
Epoch 4003: Train (100%)  Score: 10.1614,  Loss: -0.1970
Epoch 4003/5000: Time Est.: Elapsed[30.48h], Remain[15.97h]
=================================================================
Epoch 4004: Train (100%)  Score: 10.1500,  Loss: -0.2046
Epoch 4004/5000: Time Est.: Elapsed[30.48h], Remain[15.95h]
=================================================================
Epoch 4005: Train (100%)  Score: 10.0217,  Loss: -0.1986
Epoch 4005/5000: Time Est.: Elapsed[30.51h], Remain[15.93h]
=================================================================
Epoch 4006: Train (100%)  Score: 9.7547,  Loss: -0.2005
Epoch 4006/5000: Time Est.: Elapsed[30.52h], Remain[15.92h]
=================================================================
Epoch 4007: Train (100%)  Score: 10.3798,  Loss: -0.1995
Epoch 4007/5000: Time Est.: Elapsed[30.54h], Remain[15.90h]
=================================================================
Epoch 4008: Train (100%)  Score: 9.9606,  Loss: -0.1993
Epoch 4008/5000: Time Est.: Elapsed[30.56h], Remain[15.89h]
=================================================================
Epoch 4009: Train (100%)  Score: 10.0762,  Loss: -0.2050
Epoch 4009/5000: Time Est.: Elapsed[30.57h], Remain[15.87h]
=================================================================
Epoch 4010: Train (100%)  Score: 9.8307,  Loss: -0.2027
Epoch 4010/5000: Time Est.: Elapsed[30.59h], Remain[15.85h]
=================================================================
Epoch 4011: Train (100%)  Score: 9.5759,  Loss: -0.1993
Epoch 4011/5000: Time Est.: Elapsed[30.60h], Remain[15.84h]
=================================================================
Epoch 4012: Train (100%)  Score: 10.1885,  Loss: -0.2038
Epoch 4012/5000: Time Est.: Elapsed[30.62h], Remain[15.82h]
=================================================================
Epoch 4013: Train (100%)  Score: 9.9268,  Loss: -0.1986
Epoch 4013/5000: Time Est.: Elapsed[30.64h], Remain[15.81h]
=================================================================
Epoch 4014: Train (100%)  Score: 10.3329,  Loss: -0.2026
Epoch 4014/5000: Time Est.: Elapsed[30.65h], Remain[15.79h]
=================================================================
Epoch 4015: Train (100%)  Score: 10.5363,  Loss: -0.2035
Epoch 4015/5000: Time Est.: Elapsed[30.67h], Remain[15.77h]
=================================================================
Epoch 4016: Train (100%)  Score: 9.8250,  Loss: -0.2014
Epoch 4016/5000: Time Est.: Elapsed[30.67h], Remain[15.75h]
=================================================================
Epoch 4017: Train (100%)  Score: 9.8335,  Loss: -0.1987
Epoch 4017/5000: Time Est.: Elapsed[30.70h], Remain[15.74h]
=================================================================
Epoch 4018: Train (100%)  Score: 10.3722,  Loss: -0.2076
Epoch 4018/5000: Time Est.: Elapsed[30.72h], Remain[15.73h]
=================================================================
Epoch 4019: Train (100%)  Score: 10.0238,  Loss: -0.2028
Epoch 4019/5000: Time Est.: Elapsed[30.73h], Remain[15.71h]
=================================================================
Epoch 4020: Train (100%)  Score: 10.3169,  Loss: -0.2032
Epoch 4020/5000: Time Est.: Elapsed[30.75h], Remain[15.69h]
=================================================================
Epoch 4021: Train (100%)  Score: 10.6020,  Loss: -0.2050
Epoch 4021/5000: Time Est.: Elapsed[30.76h], Remain[15.68h]
=================================================================
Epoch 4022: Train (100%)  Score: 9.8687,  Loss: -0.2012
Epoch 4022/5000: Time Est.: Elapsed[30.78h], Remain[15.66h]
=================================================================
Epoch 4023: Train (100%)  Score: 10.1259,  Loss: -0.2003
Epoch 4023/5000: Time Est.: Elapsed[30.80h], Remain[15.65h]
=================================================================
Epoch 4024: Train (100%)  Score: 10.1176,  Loss: -0.2026
Epoch 4024/5000: Time Est.: Elapsed[30.81h], Remain[15.63h]
=================================================================
Epoch 4025: Train (100%)  Score: 10.0204,  Loss: -0.2005
Epoch 4025/5000: Time Est.: Elapsed[30.83h], Remain[15.61h]
=================================================================
Epoch 4026: Train (100%)  Score: 10.2443,  Loss: -0.2084
Epoch 4026/5000: Time Est.: Elapsed[30.84h], Remain[15.59h]
=================================================================
Epoch 4027: Train (100%)  Score: 9.7907,  Loss: -0.2026
Epoch 4027/5000: Time Est.: Elapsed[30.86h], Remain[15.58h]
=================================================================
Epoch 4028: Train (100%)  Score: 10.2511,  Loss: -0.1979
Epoch 4028/5000: Time Est.: Elapsed[30.88h], Remain[15.57h]
=================================================================
Epoch 4029: Train (100%)  Score: 10.2405,  Loss: -0.1971
Epoch 4029/5000: Time Est.: Elapsed[30.89h], Remain[15.55h]
=================================================================
Epoch 4030: Train (100%)  Score: 9.9287,  Loss: -0.2044
Epoch 4030/5000: Time Est.: Elapsed[30.91h], Remain[15.54h]
=================================================================
Epoch 4031: Train (100%)  Score: 10.0785,  Loss: -0.2023
Epoch 4031/5000: Time Est.: Elapsed[30.93h], Remain[15.52h]
=================================================================
Epoch 4032: Train (100%)  Score: 10.0961,  Loss: -0.2001
Epoch 4032/5000: Time Est.: Elapsed[30.94h], Remain[15.50h]
=================================================================
Epoch 4033: Train (100%)  Score: 9.8583,  Loss: -0.1994
Epoch 4033/5000: Time Est.: Elapsed[30.96h], Remain[15.49h]
=================================================================
Epoch 4034: Train (100%)  Score: 10.1492,  Loss: -0.2031
Epoch 4034/5000: Time Est.: Elapsed[30.97h], Remain[15.47h]
=================================================================
Epoch 4035: Train (100%)  Score: 10.1882,  Loss: -0.2029
Epoch 4035/5000: Time Est.: Elapsed[30.99h], Remain[15.46h]
=================================================================
Epoch 4036: Train (100%)  Score: 10.2222,  Loss: -0.2038
Epoch 4036/5000: Time Est.: Elapsed[31.00h], Remain[15.43h]
=================================================================
Epoch 4037: Train (100%)  Score: 9.8864,  Loss: -0.2003
Epoch 4037/5000: Time Est.: Elapsed[31.02h], Remain[15.42h]
=================================================================
>> Invalid instances, Re-generating ...
Epoch 4038: Train (100%)  Score: 10.0403,  Loss: -0.1965
Epoch 4038/5000: Time Est.: Elapsed[31.04h], Remain[15.41h]
=================================================================
Epoch 4039: Train (100%)  Score: 9.8547,  Loss: -0.2003
Epoch 4039/5000: Time Est.: Elapsed[31.05h], Remain[15.39h]
=================================================================
Epoch 4040: Train (100%)  Score: 10.2465,  Loss: -0.2031
Epoch 4040/5000: Time Est.: Elapsed[31.07h], Remain[15.38h]
=================================================================
Epoch 4041: Train (100%)  Score: 10.2523,  Loss: -0.2043
Epoch 4041/5000: Time Est.: Elapsed[31.09h], Remain[15.36h]
=================================================================
Epoch 4042: Train (100%)  Score: 10.7317,  Loss: -0.2027
Epoch 4042/5000: Time Est.: Elapsed[31.10h], Remain[15.34h]
=================================================================
Epoch 4043: Train (100%)  Score: 10.3961,  Loss: -0.2041
Epoch 4043/5000: Time Est.: Elapsed[31.11h], Remain[15.32h]
=================================================================
Epoch 4044: Train (100%)  Score: 9.9906,  Loss: -0.1985
Epoch 4044/5000: Time Est.: Elapsed[31.14h], Remain[15.31h]
=================================================================
Epoch 4045: Train (100%)  Score: 9.9553,  Loss: -0.1971
Epoch 4045/5000: Time Est.: Elapsed[31.15h], Remain[15.30h]
=================================================================
Epoch 4046: Train (100%)  Score: 9.7586,  Loss: -0.2009
Epoch 4046/5000: Time Est.: Elapsed[31.17h], Remain[15.28h]
=================================================================
Epoch 4047: Train (100%)  Score: 10.2491,  Loss: -0.2000
Epoch 4047/5000: Time Est.: Elapsed[31.19h], Remain[15.26h]
=================================================================
Epoch 4048: Train (100%)  Score: 10.1273,  Loss: -0.2014
Epoch 4048/5000: Time Est.: Elapsed[31.20h], Remain[15.25h]
=================================================================
Epoch 4049: Train (100%)  Score: 10.2671,  Loss: -0.2021
Epoch 4049/5000: Time Est.: Elapsed[31.22h], Remain[15.23h]
=================================================================
Epoch 4050: Train (100%)  Score: 10.2835,  Loss: -0.2029
Epoch 4050/5000: Time Est.: Elapsed[31.23h], Remain[15.22h]
=================================================================
Epoch 4051: Train (100%)  Score: 10.0184,  Loss: -0.2002
Epoch 4051/5000: Time Est.: Elapsed[31.25h], Remain[15.20h]
=================================================================
Epoch 4052: Train (100%)  Score: 10.0965,  Loss: -0.1990
Epoch 4052/5000: Time Est.: Elapsed[31.27h], Remain[15.18h]
=================================================================
Epoch 4053: Train (100%)  Score: 9.8141,  Loss: -0.1932
Epoch 4053/5000: Time Est.: Elapsed[31.27h], Remain[15.16h]
=================================================================
Epoch 4054: Train (100%)  Score: 10.0176,  Loss: -0.1997
Epoch 4054/5000: Time Est.: Elapsed[31.30h], Remain[15.15h]
=================================================================
Epoch 4055: Train (100%)  Score: 9.8731,  Loss: -0.2039
Epoch 4055/5000: Time Est.: Elapsed[31.31h], Remain[15.14h]
=================================================================
Epoch 4056: Train (100%)  Score: 10.4808,  Loss: -0.2078
Epoch 4056/5000: Time Est.: Elapsed[31.33h], Remain[15.12h]
=================================================================
Epoch 4057: Train (100%)  Score: 9.7356,  Loss: -0.1994
Epoch 4057/5000: Time Est.: Elapsed[31.35h], Remain[15.10h]
=================================================================
Epoch 4058: Train (100%)  Score: 10.0191,  Loss: -0.2023
Epoch 4058/5000: Time Est.: Elapsed[31.36h], Remain[15.09h]
=================================================================
Epoch 4059: Train (100%)  Score: 10.2046,  Loss: -0.2009
Epoch 4059/5000: Time Est.: Elapsed[31.38h], Remain[15.07h]
=================================================================
Epoch 4060: Train (100%)  Score: 10.1038,  Loss: -0.2002
Epoch 4060/5000: Time Est.: Elapsed[31.40h], Remain[15.06h]
=================================================================
Epoch 4061: Train (100%)  Score: 9.7012,  Loss: -0.1995
Epoch 4061/5000: Time Est.: Elapsed[31.41h], Remain[15.04h]
=================================================================
Epoch 4062: Train (100%)  Score: 9.7431,  Loss: -0.1947
Epoch 4062/5000: Time Est.: Elapsed[31.43h], Remain[15.02h]
=================================================================
Epoch 4063: Train (100%)  Score: 9.9132,  Loss: -0.1944
Epoch 4063/5000: Time Est.: Elapsed[31.44h], Remain[15.01h]
=================================================================
Epoch 4064: Train (100%)  Score: 9.9921,  Loss: -0.2040
Epoch 4064/5000: Time Est.: Elapsed[31.46h], Remain[14.99h]
=================================================================
Epoch 4065: Train (100%)  Score: 10.1601,  Loss: -0.1969
Epoch 4065/5000: Time Est.: Elapsed[31.48h], Remain[14.98h]
=================================================================
Epoch 4066: Train (100%)  Score: 10.1783,  Loss: -0.2014
Epoch 4066/5000: Time Est.: Elapsed[31.49h], Remain[14.96h]
=================================================================
Epoch 4067: Train (100%)  Score: 10.1978,  Loss: -0.1991
Epoch 4067/5000: Time Est.: Elapsed[31.51h], Remain[14.95h]
=================================================================
Epoch 4068: Train (100%)  Score: 10.0794,  Loss: -0.1932
Epoch 4068/5000: Time Est.: Elapsed[31.52h], Remain[14.93h]
=================================================================
Epoch 4069: Train (100%)  Score: 10.2344,  Loss: -0.2033
Epoch 4069/5000: Time Est.: Elapsed[31.54h], Remain[14.91h]
=================================================================
Epoch 4070: Train (100%)  Score: 9.8841,  Loss: -0.2029
Epoch 4070/5000: Time Est.: Elapsed[31.56h], Remain[14.90h]
=================================================================
Epoch 4071: Train (100%)  Score: 10.1879,  Loss: -0.1991
Epoch 4071/5000: Time Est.: Elapsed[31.57h], Remain[14.88h]
=================================================================
Epoch 4072: Train (100%)  Score: 10.1203,  Loss: -0.2045
Epoch 4072/5000: Time Est.: Elapsed[31.59h], Remain[14.87h]
=================================================================
Epoch 4073: Train (100%)  Score: 10.2898,  Loss: -0.1998
Epoch 4073/5000: Time Est.: Elapsed[31.61h], Remain[14.85h]
=================================================================
Epoch 4074: Train (100%)  Score: 10.1687,  Loss: -0.2066
Epoch 4074/5000: Time Est.: Elapsed[31.62h], Remain[14.83h]
=================================================================
Epoch 4075: Train (100%)  Score: 9.8364,  Loss: -0.1982
Epoch 4075/5000: Time Est.: Elapsed[31.64h], Remain[14.82h]
=================================================================
Epoch 4076: Train (100%)  Score: 10.3604,  Loss: -0.2068
Epoch 4076/5000: Time Est.: Elapsed[31.66h], Remain[14.80h]
=================================================================
Epoch 4077: Train (100%)  Score: 10.4376,  Loss: -0.2095
Epoch 4077/5000: Time Est.: Elapsed[31.67h], Remain[14.79h]
=================================================================
Epoch 4078: Train (100%)  Score: 10.1283,  Loss: -0.2065
Epoch 4078/5000: Time Est.: Elapsed[31.69h], Remain[14.77h]
=================================================================
Epoch 4079: Train (100%)  Score: 9.8063,  Loss: -0.2022
Epoch 4079/5000: Time Est.: Elapsed[31.70h], Remain[14.75h]
=================================================================
Epoch 4080: Train (100%)  Score: 10.2318,  Loss: -0.2068
Epoch 4080/5000: Time Est.: Elapsed[31.72h], Remain[14.74h]
=================================================================
Epoch 4081: Train (100%)  Score: 10.0342,  Loss: -0.2008
Epoch 4081/5000: Time Est.: Elapsed[31.74h], Remain[14.72h]
=================================================================
Epoch 4082: Train (100%)  Score: 9.9189,  Loss: -0.1986
Epoch 4082/5000: Time Est.: Elapsed[31.75h], Remain[14.71h]
=================================================================
Epoch 4083: Train (100%)  Score: 10.0606,  Loss: -0.1996
Epoch 4083/5000: Time Est.: Elapsed[31.77h], Remain[14.69h]
=================================================================
Epoch 4084: Train (100%)  Score: 10.2813,  Loss: -0.2062
Epoch 4084/5000: Time Est.: Elapsed[31.78h], Remain[14.67h]
=================================================================
Epoch 4085: Train (100%)  Score: 9.8925,  Loss: -0.2048
Epoch 4085/5000: Time Est.: Elapsed[31.79h], Remain[14.65h]
=================================================================
Epoch 4086: Train (100%)  Score: 10.1186,  Loss: -0.2029
Epoch 4086/5000: Time Est.: Elapsed[31.82h], Remain[14.64h]
=================================================================
Epoch 4087: Train (100%)  Score: 10.0085,  Loss: -0.2024
Epoch 4087/5000: Time Est.: Elapsed[31.83h], Remain[14.63h]
=================================================================
Epoch 4088: Train (100%)  Score: 10.1019,  Loss: -0.2002
Epoch 4088/5000: Time Est.: Elapsed[31.85h], Remain[14.61h]
=================================================================
Epoch 4089: Train (100%)  Score: 9.9562,  Loss: -0.1977
Epoch 4089/5000: Time Est.: Elapsed[31.87h], Remain[14.59h]
=================================================================
Epoch 4090: Train (100%)  Score: 10.0710,  Loss: -0.1928
Epoch 4090/5000: Time Est.: Elapsed[31.88h], Remain[14.58h]
=================================================================
Epoch 4091: Train (100%)  Score: 10.3726,  Loss: -0.2088
Epoch 4091/5000: Time Est.: Elapsed[31.90h], Remain[14.56h]
=================================================================
Epoch 4092: Train (100%)  Score: 10.3598,  Loss: -0.1994
Epoch 4092/5000: Time Est.: Elapsed[31.91h], Remain[14.55h]
=================================================================
Epoch 4093: Train (100%)  Score: 10.0054,  Loss: -0.2044
Epoch 4093/5000: Time Est.: Elapsed[31.93h], Remain[14.53h]
=================================================================
Epoch 4094: Train (100%)  Score: 9.7596,  Loss: -0.2000
Epoch 4094/5000: Time Est.: Elapsed[31.95h], Remain[14.52h]
=================================================================
Epoch 4095: Train (100%)  Score: 10.0713,  Loss: -0.2038
Epoch 4095/5000: Time Est.: Elapsed[31.96h], Remain[14.50h]
=================================================================
Epoch 4096: Train (100%)  Score: 9.7557,  Loss: -0.2006
Epoch 4096/5000: Time Est.: Elapsed[31.98h], Remain[14.48h]
=================================================================
Epoch 4097: Train (100%)  Score: 10.2836,  Loss: -0.2002
Epoch 4097/5000: Time Est.: Elapsed[31.99h], Remain[14.47h]
=================================================================
Epoch 4098: Train (100%)  Score: 10.0227,  Loss: -0.2022
Epoch 4098/5000: Time Est.: Elapsed[32.01h], Remain[14.45h]
=================================================================
Epoch 4099: Train (100%)  Score: 10.0663,  Loss: -0.1989
Epoch 4099/5000: Time Est.: Elapsed[32.03h], Remain[14.44h]
=================================================================
Epoch 4100: Train (100%)  Score: 10.0964,  Loss: -0.2045
Epoch 4100/5000: Time Est.: Elapsed[32.04h], Remain[14.42h]
Saving trained_model
=================================================================
Epoch 4101: Train (100%)  Score: 10.1895,  Loss: -0.2007
Epoch 4101/5000: Time Est.: Elapsed[32.06h], Remain[14.40h]
=================================================================
Epoch 4102: Train (100%)  Score: 10.0917,  Loss: -0.1997
Epoch 4102/5000: Time Est.: Elapsed[32.07h], Remain[14.39h]
=================================================================
Epoch 4103: Train (100%)  Score: 10.0501,  Loss: -0.2029
Epoch 4103/5000: Time Est.: Elapsed[32.09h], Remain[14.37h]
=================================================================
Epoch 4104: Train (100%)  Score: 9.8451,  Loss: -0.2019
Epoch 4104/5000: Time Est.: Elapsed[32.11h], Remain[14.36h]
=================================================================
Epoch 4105: Train (100%)  Score: 10.1833,  Loss: -0.2015
Epoch 4105/5000: Time Est.: Elapsed[32.12h], Remain[14.34h]
=================================================================
Epoch 4106: Train (100%)  Score: 10.3754,  Loss: -0.2054
Epoch 4106/5000: Time Est.: Elapsed[32.14h], Remain[14.32h]
=================================================================
Epoch 4107: Train (100%)  Score: 9.7448,  Loss: -0.1939
Epoch 4107/5000: Time Est.: Elapsed[32.15h], Remain[14.31h]
=================================================================
Epoch 4108: Train (100%)  Score: 10.2075,  Loss: -0.2026
Epoch 4108/5000: Time Est.: Elapsed[32.17h], Remain[14.29h]
=================================================================
Epoch 4109: Train (100%)  Score: 10.4351,  Loss: -0.2052
Epoch 4109/5000: Time Est.: Elapsed[32.19h], Remain[14.28h]
=================================================================
Epoch 4110: Train (100%)  Score: 10.4438,  Loss: -0.2046
Epoch 4110/5000: Time Est.: Elapsed[32.20h], Remain[14.26h]
=================================================================
Epoch 4111: Train (100%)  Score: 9.9280,  Loss: -0.1956
Epoch 4111/5000: Time Est.: Elapsed[32.22h], Remain[14.24h]
=================================================================
Epoch 4112: Train (100%)  Score: 10.1244,  Loss: -0.2011
Epoch 4112/5000: Time Est.: Elapsed[32.23h], Remain[14.23h]
=================================================================
Epoch 4113: Train (100%)  Score: 9.9502,  Loss: -0.1926
Epoch 4113/5000: Time Est.: Elapsed[32.25h], Remain[14.21h]
=================================================================
Epoch 4114: Train (100%)  Score: 10.2283,  Loss: -0.2035
Epoch 4114/5000: Time Est.: Elapsed[32.27h], Remain[14.19h]
=================================================================
Epoch 4115: Train (100%)  Score: 9.9573,  Loss: -0.2044
Epoch 4115/5000: Time Est.: Elapsed[32.28h], Remain[14.18h]
=================================================================
Epoch 4116: Train (100%)  Score: 9.8858,  Loss: -0.1951
Epoch 4116/5000: Time Est.: Elapsed[32.30h], Remain[14.16h]
=================================================================
Epoch 4117: Train (100%)  Score: 10.0065,  Loss: -0.1998
Epoch 4117/5000: Time Est.: Elapsed[32.31h], Remain[14.15h]
=================================================================
Epoch 4118: Train (100%)  Score: 10.2938,  Loss: -0.2026
Epoch 4118/5000: Time Est.: Elapsed[32.33h], Remain[14.13h]
=================================================================
Epoch 4119: Train (100%)  Score: 10.2411,  Loss: -0.2066
Epoch 4119/5000: Time Est.: Elapsed[32.35h], Remain[14.11h]
=================================================================
Epoch 4120: Train (100%)  Score: 9.9872,  Loss: -0.2016
Epoch 4120/5000: Time Est.: Elapsed[32.36h], Remain[14.10h]
=================================================================
Epoch 4121: Train (100%)  Score: 10.4356,  Loss: -0.2025
Epoch 4121/5000: Time Est.: Elapsed[32.38h], Remain[14.08h]
=================================================================
Epoch 4122: Train (100%)  Score: 9.9759,  Loss: -0.2051
Epoch 4122/5000: Time Est.: Elapsed[32.39h], Remain[14.07h]
=================================================================
Epoch 4123: Train (100%)  Score: 9.7548,  Loss: -0.2036
Epoch 4123/5000: Time Est.: Elapsed[32.41h], Remain[14.05h]
=================================================================
Epoch 4124: Train (100%)  Score: 10.2434,  Loss: -0.2019
Epoch 4124/5000: Time Est.: Elapsed[32.43h], Remain[14.03h]
=================================================================
Epoch 4125: Train (100%)  Score: 9.9349,  Loss: -0.2002
Epoch 4125/5000: Time Est.: Elapsed[32.44h], Remain[14.02h]
=================================================================
Epoch 4126: Train (100%)  Score: 10.0064,  Loss: -0.1963
Epoch 4126/5000: Time Est.: Elapsed[32.46h], Remain[14.00h]
=================================================================
Epoch 4127: Train (100%)  Score: 9.9801,  Loss: -0.1995
Epoch 4127/5000: Time Est.: Elapsed[32.47h], Remain[13.99h]
=================================================================
Epoch 4128: Train (100%)  Score: 9.8661,  Loss: -0.1994
Epoch 4128/5000: Time Est.: Elapsed[32.49h], Remain[13.97h]
=================================================================
Epoch 4129: Train (100%)  Score: 10.3272,  Loss: -0.1933
Epoch 4129/5000: Time Est.: Elapsed[32.51h], Remain[13.95h]
=================================================================
Epoch 4130: Train (100%)  Score: 9.8644,  Loss: -0.2013
Epoch 4130/5000: Time Est.: Elapsed[32.52h], Remain[13.94h]
=================================================================
Epoch 4131: Train (100%)  Score: 10.3194,  Loss: -0.2031
Epoch 4131/5000: Time Est.: Elapsed[32.54h], Remain[13.92h]
=================================================================
Epoch 4132: Train (100%)  Score: 9.9435,  Loss: -0.2027
Epoch 4132/5000: Time Est.: Elapsed[32.55h], Remain[13.91h]
=================================================================
Epoch 4133: Train (100%)  Score: 10.0259,  Loss: -0.2026
Epoch 4133/5000: Time Est.: Elapsed[32.57h], Remain[13.89h]
=================================================================
Epoch 4134: Train (100%)  Score: 9.9663,  Loss: -0.2039
Epoch 4134/5000: Time Est.: Elapsed[32.59h], Remain[13.87h]
=================================================================
Epoch 4135: Train (100%)  Score: 9.9393,  Loss: -0.1998
Epoch 4135/5000: Time Est.: Elapsed[32.60h], Remain[13.86h]
=================================================================
Epoch 4136: Train (100%)  Score: 10.0253,  Loss: -0.1994
Epoch 4136/5000: Time Est.: Elapsed[32.62h], Remain[13.84h]
=================================================================
Epoch 4137: Train (100%)  Score: 9.9747,  Loss: -0.2046
Epoch 4137/5000: Time Est.: Elapsed[32.63h], Remain[13.83h]
=================================================================
Epoch 4138: Train (100%)  Score: 10.3555,  Loss: -0.2031
Epoch 4138/5000: Time Est.: Elapsed[32.65h], Remain[13.81h]
=================================================================
Epoch 4139: Train (100%)  Score: 10.2820,  Loss: -0.2030
Epoch 4139/5000: Time Est.: Elapsed[32.67h], Remain[13.79h]
=================================================================
Epoch 4140: Train (100%)  Score: 9.9354,  Loss: -0.1968
Epoch 4140/5000: Time Est.: Elapsed[32.68h], Remain[13.78h]
=================================================================
Epoch 4141: Train (100%)  Score: 10.0043,  Loss: -0.1960
Epoch 4141/5000: Time Est.: Elapsed[32.70h], Remain[13.76h]
=================================================================
Epoch 4142: Train (100%)  Score: 10.3681,  Loss: -0.2066
Epoch 4142/5000: Time Est.: Elapsed[32.71h], Remain[13.75h]
=================================================================
Epoch 4143: Train (100%)  Score: 10.0060,  Loss: -0.1999
Epoch 4143/5000: Time Est.: Elapsed[32.73h], Remain[13.73h]
=================================================================
Epoch 4144: Train (100%)  Score: 10.3741,  Loss: -0.2041
Epoch 4144/5000: Time Est.: Elapsed[32.75h], Remain[13.71h]
=================================================================
Epoch 4145: Train (100%)  Score: 10.0207,  Loss: -0.2047
Epoch 4145/5000: Time Est.: Elapsed[32.76h], Remain[13.70h]
=================================================================
Epoch 4146: Train (100%)  Score: 9.8729,  Loss: -0.1973
Epoch 4146/5000: Time Est.: Elapsed[32.78h], Remain[13.68h]
=================================================================
Epoch 4147: Train (100%)  Score: 9.9050,  Loss: -0.1921
Epoch 4147/5000: Time Est.: Elapsed[32.79h], Remain[13.67h]
=================================================================
Epoch 4148: Train (100%)  Score: 9.8451,  Loss: -0.1966
Epoch 4148/5000: Time Est.: Elapsed[32.81h], Remain[13.65h]
=================================================================
Epoch 4149: Train (100%)  Score: 9.7931,  Loss: -0.1954
Epoch 4149/5000: Time Est.: Elapsed[32.83h], Remain[13.63h]
=================================================================
Epoch 4150: Train (100%)  Score: 9.9960,  Loss: -0.1987
Epoch 4150/5000: Time Est.: Elapsed[32.84h], Remain[13.62h]
=================================================================
Epoch 4151: Train (100%)  Score: 10.2922,  Loss: -0.2029
Epoch 4151/5000: Time Est.: Elapsed[32.86h], Remain[13.60h]
=================================================================
Epoch 4152: Train (100%)  Score: 10.2358,  Loss: -0.2072
Epoch 4152/5000: Time Est.: Elapsed[32.87h], Remain[13.59h]
=================================================================
Epoch 4153: Train (100%)  Score: 10.2668,  Loss: -0.2020
Epoch 4153/5000: Time Est.: Elapsed[32.89h], Remain[13.57h]
=================================================================
Epoch 4154: Train (100%)  Score: 9.9673,  Loss: -0.1956
Epoch 4154/5000: Time Est.: Elapsed[32.91h], Remain[13.55h]
=================================================================
Epoch 4155: Train (100%)  Score: 10.2806,  Loss: -0.2046
Epoch 4155/5000: Time Est.: Elapsed[32.91h], Remain[13.53h]
=================================================================
Epoch 4156: Train (100%)  Score: 10.2396,  Loss: -0.2015
Epoch 4156/5000: Time Est.: Elapsed[32.94h], Remain[13.52h]
=================================================================
Epoch 4157: Train (100%)  Score: 10.3515,  Loss: -0.2032
Epoch 4157/5000: Time Est.: Elapsed[32.95h], Remain[13.51h]
=================================================================
Epoch 4158: Train (100%)  Score: 10.1844,  Loss: -0.2013
Epoch 4158/5000: Time Est.: Elapsed[32.97h], Remain[13.49h]
=================================================================
Epoch 4159: Train (100%)  Score: 10.0665,  Loss: -0.2036
Epoch 4159/5000: Time Est.: Elapsed[32.99h], Remain[13.47h]
=================================================================
Epoch 4160: Train (100%)  Score: 10.2692,  Loss: -0.2023
Epoch 4160/5000: Time Est.: Elapsed[33.00h], Remain[13.46h]
=================================================================
Epoch 4161: Train (100%)  Score: 10.3063,  Loss: -0.2012
Epoch 4161/5000: Time Est.: Elapsed[33.02h], Remain[13.44h]
=================================================================
Epoch 4162: Train (100%)  Score: 10.1493,  Loss: -0.1983
Epoch 4162/5000: Time Est.: Elapsed[33.03h], Remain[13.42h]
=================================================================
Epoch 4163: Train (100%)  Score: 10.2418,  Loss: -0.2006
Epoch 4163/5000: Time Est.: Elapsed[33.05h], Remain[13.41h]
=================================================================
Epoch 4164: Train (100%)  Score: 10.0884,  Loss: -0.1997
Epoch 4164/5000: Time Est.: Elapsed[33.07h], Remain[13.39h]
=================================================================
Epoch 4165: Train (100%)  Score: 9.9482,  Loss: -0.1982
Epoch 4165/5000: Time Est.: Elapsed[33.08h], Remain[13.38h]
=================================================================
Epoch 4166: Train (100%)  Score: 10.0729,  Loss: -0.2010
Epoch 4166/5000: Time Est.: Elapsed[33.10h], Remain[13.36h]
=================================================================
Epoch 4167: Train (100%)  Score: 10.2569,  Loss: -0.2030
Epoch 4167/5000: Time Est.: Elapsed[33.11h], Remain[13.34h]
=================================================================
Epoch 4168: Train (100%)  Score: 9.8007,  Loss: -0.1985
Epoch 4168/5000: Time Est.: Elapsed[33.13h], Remain[13.33h]
=================================================================
>> Invalid instances, Re-generating ...
Epoch 4169: Train (100%)  Score: 10.3622,  Loss: -0.2009
Epoch 4169/5000: Time Est.: Elapsed[33.15h], Remain[13.31h]
=================================================================
Epoch 4170: Train (100%)  Score: 10.2959,  Loss: -0.2006
Epoch 4170/5000: Time Est.: Elapsed[33.15h], Remain[13.29h]
=================================================================
Epoch 4171: Train (100%)  Score: 9.9118,  Loss: -0.1981
Epoch 4171/5000: Time Est.: Elapsed[33.18h], Remain[13.28h]
=================================================================
Epoch 4172: Train (100%)  Score: 10.3305,  Loss: -0.2037
Epoch 4172/5000: Time Est.: Elapsed[33.19h], Remain[13.26h]
=================================================================
Epoch 4173: Train (100%)  Score: 10.0285,  Loss: -0.1964
Epoch 4173/5000: Time Est.: Elapsed[33.21h], Remain[13.25h]
=================================================================
Epoch 4174: Train (100%)  Score: 10.2509,  Loss: -0.1995
Epoch 4174/5000: Time Est.: Elapsed[33.23h], Remain[13.23h]
=================================================================
Epoch 4175: Train (100%)  Score: 9.6374,  Loss: -0.1990
Epoch 4175/5000: Time Est.: Elapsed[33.24h], Remain[13.22h]
=================================================================
Epoch 4176: Train (100%)  Score: 10.1787,  Loss: -0.1962
Epoch 4176/5000: Time Est.: Elapsed[33.26h], Remain[13.20h]
=================================================================
Epoch 4177: Train (100%)  Score: 10.1979,  Loss: -0.2070
Epoch 4177/5000: Time Est.: Elapsed[33.26h], Remain[13.18h]
=================================================================
Epoch 4178: Train (100%)  Score: 10.4029,  Loss: -0.1993
Epoch 4178/5000: Time Est.: Elapsed[33.29h], Remain[13.17h]
=================================================================
Epoch 4179: Train (100%)  Score: 10.2910,  Loss: -0.2061
Epoch 4179/5000: Time Est.: Elapsed[33.31h], Remain[13.15h]
=================================================================
Epoch 4180: Train (100%)  Score: 10.4763,  Loss: -0.2050
Epoch 4180/5000: Time Est.: Elapsed[33.32h], Remain[13.14h]
=================================================================
Epoch 4181: Train (100%)  Score: 9.8579,  Loss: -0.1966
Epoch 4181/5000: Time Est.: Elapsed[33.34h], Remain[13.12h]
=================================================================
Epoch 4182: Train (100%)  Score: 10.1609,  Loss: -0.2071
Epoch 4182/5000: Time Est.: Elapsed[33.35h], Remain[13.10h]
=================================================================
Epoch 4183: Train (100%)  Score: 10.2317,  Loss: -0.2012
Epoch 4183/5000: Time Est.: Elapsed[33.37h], Remain[13.09h]
=================================================================
Epoch 4184: Train (100%)  Score: 9.9457,  Loss: -0.1967
Epoch 4184/5000: Time Est.: Elapsed[33.39h], Remain[13.07h]
=================================================================
Epoch 4185: Train (100%)  Score: 10.1061,  Loss: -0.2019
Epoch 4185/5000: Time Est.: Elapsed[33.40h], Remain[13.06h]
=================================================================
Epoch 4186: Train (100%)  Score: 10.2441,  Loss: -0.1975
Epoch 4186/5000: Time Est.: Elapsed[33.42h], Remain[13.04h]
=================================================================
Epoch 4187: Train (100%)  Score: 10.2777,  Loss: -0.2040
Epoch 4187/5000: Time Est.: Elapsed[33.43h], Remain[13.02h]
=================================================================
Epoch 4188: Train (100%)  Score: 9.9840,  Loss: -0.1970
Epoch 4188/5000: Time Est.: Elapsed[33.45h], Remain[13.01h]
=================================================================
Epoch 4189: Train (100%)  Score: 10.0914,  Loss: -0.2027
Epoch 4189/5000: Time Est.: Elapsed[33.47h], Remain[12.99h]
=================================================================
Epoch 4190: Train (100%)  Score: 10.0449,  Loss: -0.1971
Epoch 4190/5000: Time Est.: Elapsed[33.48h], Remain[12.98h]
=================================================================
Epoch 4191: Train (100%)  Score: 10.2813,  Loss: -0.2052
Epoch 4191/5000: Time Est.: Elapsed[33.50h], Remain[12.96h]
=================================================================
Epoch 4192: Train (100%)  Score: 10.3223,  Loss: -0.2052
Epoch 4192/5000: Time Est.: Elapsed[33.51h], Remain[12.94h]
=================================================================
Epoch 4193: Train (100%)  Score: 10.2043,  Loss: -0.2025
Epoch 4193/5000: Time Est.: Elapsed[33.53h], Remain[12.93h]
=================================================================
Epoch 4194: Train (100%)  Score: 10.1756,  Loss: -0.2023
Epoch 4194/5000: Time Est.: Elapsed[33.55h], Remain[12.91h]
=================================================================
Epoch 4195: Train (100%)  Score: 9.8142,  Loss: -0.1987
Epoch 4195/5000: Time Est.: Elapsed[33.56h], Remain[12.90h]
=================================================================
Epoch 4196: Train (100%)  Score: 10.3546,  Loss: -0.2000
Epoch 4196/5000: Time Est.: Elapsed[33.58h], Remain[12.88h]
=================================================================
Epoch 4197: Train (100%)  Score: 9.6831,  Loss: -0.2018
Epoch 4197/5000: Time Est.: Elapsed[33.59h], Remain[12.86h]
=================================================================
Epoch 4198: Train (100%)  Score: 10.1533,  Loss: -0.1973
Epoch 4198/5000: Time Est.: Elapsed[33.61h], Remain[12.85h]
=================================================================
Epoch 4199: Train (100%)  Score: 10.1041,  Loss: -0.1979
Epoch 4199/5000: Time Est.: Elapsed[33.63h], Remain[12.83h]
=================================================================
Epoch 4200: Train (100%)  Score: 9.9385,  Loss: -0.2010
Epoch 4200/5000: Time Est.: Elapsed[33.64h], Remain[12.82h]
Saving trained_model
=================================================================
Epoch 4201: Train (100%)  Score: 10.2920,  Loss: -0.2014
Epoch 4201/5000: Time Est.: Elapsed[33.66h], Remain[12.80h]
=================================================================
Epoch 4202: Train (100%)  Score: 10.3427,  Loss: -0.2023
Epoch 4202/5000: Time Est.: Elapsed[33.67h], Remain[12.78h]
=================================================================
Epoch 4203: Train (100%)  Score: 10.0984,  Loss: -0.1992
Epoch 4203/5000: Time Est.: Elapsed[33.69h], Remain[12.77h]
=================================================================
Epoch 4204: Train (100%)  Score: 10.4089,  Loss: -0.1991
Epoch 4204/5000: Time Est.: Elapsed[33.71h], Remain[12.75h]
=================================================================
Epoch 4205: Train (100%)  Score: 9.8458,  Loss: -0.1952
Epoch 4205/5000: Time Est.: Elapsed[33.72h], Remain[12.74h]
=================================================================
Epoch 4206: Train (100%)  Score: 10.0710,  Loss: -0.2007
Epoch 4206/5000: Time Est.: Elapsed[33.74h], Remain[12.72h]
=================================================================
Epoch 4207: Train (100%)  Score: 9.9768,  Loss: -0.1994
Epoch 4207/5000: Time Est.: Elapsed[33.75h], Remain[12.70h]
=================================================================
Epoch 4208: Train (100%)  Score: 10.0174,  Loss: -0.2033
Epoch 4208/5000: Time Est.: Elapsed[33.77h], Remain[12.69h]
=================================================================
Epoch 4209: Train (100%)  Score: 10.0984,  Loss: -0.2038
Epoch 4209/5000: Time Est.: Elapsed[33.79h], Remain[12.67h]
=================================================================
Epoch 4210: Train (100%)  Score: 10.2995,  Loss: -0.2011
Epoch 4210/5000: Time Est.: Elapsed[33.80h], Remain[12.66h]
=================================================================
Epoch 4211: Train (100%)  Score: 10.0377,  Loss: -0.1974
Epoch 4211/5000: Time Est.: Elapsed[33.82h], Remain[12.64h]
=================================================================
Epoch 4212: Train (100%)  Score: 10.3793,  Loss: -0.2037
Epoch 4212/5000: Time Est.: Elapsed[33.83h], Remain[12.62h]
=================================================================
Epoch 4213: Train (100%)  Score: 10.0872,  Loss: -0.2045
Epoch 4213/5000: Time Est.: Elapsed[33.85h], Remain[12.61h]
=================================================================
Epoch 4214: Train (100%)  Score: 9.9937,  Loss: -0.1986
Epoch 4214/5000: Time Est.: Elapsed[33.87h], Remain[12.59h]
=================================================================
Epoch 4215: Train (100%)  Score: 10.2431,  Loss: -0.1985
Epoch 4215/5000: Time Est.: Elapsed[33.88h], Remain[12.58h]
=================================================================
Epoch 4216: Train (100%)  Score: 10.2630,  Loss: -0.2106
Epoch 4216/5000: Time Est.: Elapsed[33.90h], Remain[12.56h]
=================================================================
Epoch 4217: Train (100%)  Score: 10.2302,  Loss: -0.2030
Epoch 4217/5000: Time Est.: Elapsed[33.90h], Remain[12.54h]
=================================================================
Epoch 4218: Train (100%)  Score: 10.5383,  Loss: -0.2005
Epoch 4218/5000: Time Est.: Elapsed[33.93h], Remain[12.53h]
=================================================================
Epoch 4219: Train (100%)  Score: 10.0221,  Loss: -0.1979
Epoch 4219/5000: Time Est.: Elapsed[33.95h], Remain[12.51h]
=================================================================
Epoch 4220: Train (100%)  Score: 10.3110,  Loss: -0.1950
Epoch 4220/5000: Time Est.: Elapsed[33.96h], Remain[12.50h]
=================================================================
Epoch 4221: Train (100%)  Score: 9.9345,  Loss: -0.2002
Epoch 4221/5000: Time Est.: Elapsed[33.98h], Remain[12.48h]
=================================================================
Epoch 4222: Train (100%)  Score: 10.2382,  Loss: -0.2035
Epoch 4222/5000: Time Est.: Elapsed[34.00h], Remain[12.46h]
=================================================================
Epoch 4223: Train (100%)  Score: 10.3439,  Loss: -0.1997
Epoch 4223/5000: Time Est.: Elapsed[34.01h], Remain[12.45h]
=================================================================
Epoch 4224: Train (100%)  Score: 10.2568,  Loss: -0.2035
Epoch 4224/5000: Time Est.: Elapsed[34.03h], Remain[12.43h]
=================================================================
Epoch 4225: Train (100%)  Score: 10.4822,  Loss: -0.2041
Epoch 4225/5000: Time Est.: Elapsed[34.04h], Remain[12.42h]
=================================================================
Epoch 4226: Train (100%)  Score: 9.6365,  Loss: -0.1961
Epoch 4226/5000: Time Est.: Elapsed[34.06h], Remain[12.40h]
=================================================================
Epoch 4227: Train (100%)  Score: 10.1481,  Loss: -0.2027
Epoch 4227/5000: Time Est.: Elapsed[34.07h], Remain[12.38h]
=================================================================
Epoch 4228: Train (100%)  Score: 10.1212,  Loss: -0.1986
Epoch 4228/5000: Time Est.: Elapsed[34.09h], Remain[12.37h]
=================================================================
Epoch 4229: Train (100%)  Score: 10.5453,  Loss: -0.2038
Epoch 4229/5000: Time Est.: Elapsed[34.11h], Remain[12.35h]
=================================================================
Epoch 4230: Train (100%)  Score: 9.9027,  Loss: -0.1960
Epoch 4230/5000: Time Est.: Elapsed[34.11h], Remain[12.33h]
=================================================================
Epoch 4231: Train (100%)  Score: 9.7693,  Loss: -0.2016
Epoch 4231/5000: Time Est.: Elapsed[34.14h], Remain[12.32h]
=================================================================
Epoch 4232: Train (100%)  Score: 10.0337,  Loss: -0.1983
Epoch 4232/5000: Time Est.: Elapsed[34.14h], Remain[12.30h]
=================================================================
Epoch 4233: Train (100%)  Score: 10.1757,  Loss: -0.2059
Epoch 4233/5000: Time Est.: Elapsed[34.17h], Remain[12.29h]
=================================================================
Epoch 4234: Train (100%)  Score: 9.8983,  Loss: -0.1924
Epoch 4234/5000: Time Est.: Elapsed[34.19h], Remain[12.27h]
=================================================================
Epoch 4235: Train (100%)  Score: 9.7095,  Loss: -0.1925
Epoch 4235/5000: Time Est.: Elapsed[34.20h], Remain[12.26h]
=================================================================
Epoch 4236: Train (100%)  Score: 10.3148,  Loss: -0.2035
Epoch 4236/5000: Time Est.: Elapsed[34.22h], Remain[12.24h]
=================================================================
Epoch 4237: Train (100%)  Score: 10.1007,  Loss: -0.2009
Epoch 4237/5000: Time Est.: Elapsed[34.23h], Remain[12.22h]
=================================================================
Epoch 4238: Train (100%)  Score: 10.2482,  Loss: -0.1986
Epoch 4238/5000: Time Est.: Elapsed[34.25h], Remain[12.21h]
=================================================================
Epoch 4239: Train (100%)  Score: 9.9638,  Loss: -0.1995
Epoch 4239/5000: Time Est.: Elapsed[34.27h], Remain[12.19h]
=================================================================
Epoch 4240: Train (100%)  Score: 10.0697,  Loss: -0.2024
Epoch 4240/5000: Time Est.: Elapsed[34.28h], Remain[12.17h]
=================================================================
Epoch 4241: Train (100%)  Score: 9.9087,  Loss: -0.2032
Epoch 4241/5000: Time Est.: Elapsed[34.30h], Remain[12.16h]
=================================================================
Epoch 4242: Train (100%)  Score: 9.8865,  Loss: -0.1966
Epoch 4242/5000: Time Est.: Elapsed[34.31h], Remain[12.14h]
=================================================================
Epoch 4243: Train (100%)  Score: 9.8077,  Loss: -0.1952
Epoch 4243/5000: Time Est.: Elapsed[34.33h], Remain[12.13h]
=================================================================
Epoch 4244: Train (100%)  Score: 10.2696,  Loss: -0.1992
Epoch 4244/5000: Time Est.: Elapsed[34.35h], Remain[12.11h]
=================================================================
Epoch 4245: Train (100%)  Score: 9.8907,  Loss: -0.1966
Epoch 4245/5000: Time Est.: Elapsed[34.36h], Remain[12.09h]
=================================================================
Epoch 4246: Train (100%)  Score: 9.9884,  Loss: -0.2017
Epoch 4246/5000: Time Est.: Elapsed[34.38h], Remain[12.08h]
=================================================================
Epoch 4247: Train (100%)  Score: 10.5365,  Loss: -0.2053
Epoch 4247/5000: Time Est.: Elapsed[34.39h], Remain[12.06h]
=================================================================
Epoch 4248: Train (100%)  Score: 9.8605,  Loss: -0.1989
Epoch 4248/5000: Time Est.: Elapsed[34.41h], Remain[12.05h]
=================================================================
Epoch 4249: Train (100%)  Score: 10.3681,  Loss: -0.2001
Epoch 4249/5000: Time Est.: Elapsed[34.43h], Remain[12.03h]
=================================================================
Epoch 4250: Train (100%)  Score: 10.2421,  Loss: -0.1950
Epoch 4250/5000: Time Est.: Elapsed[34.43h], Remain[12.01h]
=================================================================
Epoch 4251: Train (100%)  Score: 9.8193,  Loss: -0.1979
Epoch 4251/5000: Time Est.: Elapsed[34.45h], Remain[11.99h]
=================================================================
Epoch 4252: Train (100%)  Score: 10.0658,  Loss: -0.2040
Epoch 4252/5000: Time Est.: Elapsed[34.47h], Remain[11.98h]
=================================================================
Epoch 4253: Train (100%)  Score: 9.8609,  Loss: -0.1965
Epoch 4253/5000: Time Est.: Elapsed[34.49h], Remain[11.97h]
=================================================================
Epoch 4254: Train (100%)  Score: 10.0444,  Loss: -0.2011
Epoch 4254/5000: Time Est.: Elapsed[34.51h], Remain[11.95h]
=================================================================
Epoch 4255: Train (100%)  Score: 9.8079,  Loss: -0.2008
Epoch 4255/5000: Time Est.: Elapsed[34.52h], Remain[11.93h]
=================================================================
Epoch 4256: Train (100%)  Score: 9.9674,  Loss: -0.1986
Epoch 4256/5000: Time Est.: Elapsed[34.54h], Remain[11.92h]
=================================================================
Epoch 4257: Train (100%)  Score: 10.2300,  Loss: -0.1972
Epoch 4257/5000: Time Est.: Elapsed[34.55h], Remain[11.90h]
=================================================================
Epoch 4258: Train (100%)  Score: 10.0065,  Loss: -0.1952
Epoch 4258/5000: Time Est.: Elapsed[34.57h], Remain[11.89h]
=================================================================
Epoch 4259: Train (100%)  Score: 10.1286,  Loss: -0.2011
Epoch 4259/5000: Time Est.: Elapsed[34.58h], Remain[11.87h]
=================================================================
Epoch 4260: Train (100%)  Score: 9.7907,  Loss: -0.2013
Epoch 4260/5000: Time Est.: Elapsed[34.60h], Remain[11.85h]
=================================================================
Epoch 4261: Train (100%)  Score: 10.4187,  Loss: -0.2013
Epoch 4261/5000: Time Est.: Elapsed[34.62h], Remain[11.84h]
=================================================================
Epoch 4262: Train (100%)  Score: 10.0011,  Loss: -0.1967
Epoch 4262/5000: Time Est.: Elapsed[34.63h], Remain[11.82h]
=================================================================
Epoch 4263: Train (100%)  Score: 10.1163,  Loss: -0.2036
Epoch 4263/5000: Time Est.: Elapsed[34.65h], Remain[11.81h]
=================================================================
Epoch 4264: Train (100%)  Score: 9.7390,  Loss: -0.1995
Epoch 4264/5000: Time Est.: Elapsed[34.66h], Remain[11.79h]
=================================================================
Epoch 4265: Train (100%)  Score: 9.5631,  Loss: -0.1973
Epoch 4265/5000: Time Est.: Elapsed[34.68h], Remain[11.77h]
=================================================================
Epoch 4266: Train (100%)  Score: 9.9020,  Loss: -0.1967
Epoch 4266/5000: Time Est.: Elapsed[34.70h], Remain[11.76h]
=================================================================
Epoch 4267: Train (100%)  Score: 10.1707,  Loss: -0.2055
Epoch 4267/5000: Time Est.: Elapsed[34.71h], Remain[11.74h]
=================================================================
Epoch 4268: Train (100%)  Score: 10.0640,  Loss: -0.1973
Epoch 4268/5000: Time Est.: Elapsed[34.73h], Remain[11.73h]
=================================================================
Epoch 4269: Train (100%)  Score: 10.0726,  Loss: -0.2053
Epoch 4269/5000: Time Est.: Elapsed[34.74h], Remain[11.71h]
=================================================================
Epoch 4270: Train (100%)  Score: 10.1533,  Loss: -0.1953
Epoch 4270/5000: Time Est.: Elapsed[34.76h], Remain[11.69h]
=================================================================
Epoch 4271: Train (100%)  Score: 10.3121,  Loss: -0.2060
Epoch 4271/5000: Time Est.: Elapsed[34.77h], Remain[11.68h]
=================================================================
>> Invalid instances, Re-generating ...
Epoch 4272: Train (100%)  Score: 10.3266,  Loss: -0.2072
Epoch 4272/5000: Time Est.: Elapsed[34.79h], Remain[11.66h]
=================================================================
Epoch 4273: Train (100%)  Score: 10.1616,  Loss: -0.2008
Epoch 4273/5000: Time Est.: Elapsed[34.81h], Remain[11.64h]
=================================================================
Epoch 4274: Train (100%)  Score: 10.3332,  Loss: -0.2011
Epoch 4274/5000: Time Est.: Elapsed[34.82h], Remain[11.63h]
=================================================================
Epoch 4275: Train (100%)  Score: 10.2831,  Loss: -0.2046
Epoch 4275/5000: Time Est.: Elapsed[34.84h], Remain[11.61h]
=================================================================
Epoch 4276: Train (100%)  Score: 10.3024,  Loss: -0.2036
Epoch 4276/5000: Time Est.: Elapsed[34.85h], Remain[11.60h]
=================================================================
Epoch 4277: Train (100%)  Score: 10.6148,  Loss: -0.2028
Epoch 4277/5000: Time Est.: Elapsed[34.87h], Remain[11.58h]
=================================================================
Epoch 4278: Train (100%)  Score: 9.9556,  Loss: -0.2013
Epoch 4278/5000: Time Est.: Elapsed[34.89h], Remain[11.56h]
=================================================================
Epoch 4279: Train (100%)  Score: 10.1176,  Loss: -0.2038
Epoch 4279/5000: Time Est.: Elapsed[34.90h], Remain[11.55h]
=================================================================
Epoch 4280: Train (100%)  Score: 10.2703,  Loss: -0.1978
Epoch 4280/5000: Time Est.: Elapsed[34.92h], Remain[11.53h]
=================================================================
Epoch 4281: Train (100%)  Score: 10.1802,  Loss: -0.1971
Epoch 4281/5000: Time Est.: Elapsed[34.93h], Remain[11.52h]
=================================================================
Epoch 4282: Train (100%)  Score: 9.9100,  Loss: -0.1953
Epoch 4282/5000: Time Est.: Elapsed[34.95h], Remain[11.50h]
=================================================================
Epoch 4283: Train (100%)  Score: 10.1567,  Loss: -0.2035
Epoch 4283/5000: Time Est.: Elapsed[34.97h], Remain[11.48h]
=================================================================
Epoch 4284: Train (100%)  Score: 10.1366,  Loss: -0.2010
Epoch 4284/5000: Time Est.: Elapsed[34.98h], Remain[11.47h]
=================================================================
Epoch 4285: Train (100%)  Score: 10.1033,  Loss: -0.2023
Epoch 4285/5000: Time Est.: Elapsed[35.00h], Remain[11.45h]
=================================================================
Epoch 4286: Train (100%)  Score: 9.9756,  Loss: -0.2001
Epoch 4286/5000: Time Est.: Elapsed[35.01h], Remain[11.44h]
=================================================================
Epoch 4287: Train (100%)  Score: 9.9598,  Loss: -0.2094
Epoch 4287/5000: Time Est.: Elapsed[35.03h], Remain[11.42h]
=================================================================
Epoch 4288: Train (100%)  Score: 9.9819,  Loss: -0.1995
Epoch 4288/5000: Time Est.: Elapsed[35.05h], Remain[11.40h]
=================================================================
Epoch 4289: Train (100%)  Score: 10.4010,  Loss: -0.2073
Epoch 4289/5000: Time Est.: Elapsed[35.06h], Remain[11.39h]
=================================================================
Epoch 4290: Train (100%)  Score: 10.4757,  Loss: -0.2027
Epoch 4290/5000: Time Est.: Elapsed[35.08h], Remain[11.37h]
=================================================================
Epoch 4291: Train (100%)  Score: 10.1388,  Loss: -0.1973
Epoch 4291/5000: Time Est.: Elapsed[35.09h], Remain[11.36h]
=================================================================
Epoch 4292: Train (100%)  Score: 10.6130,  Loss: -0.2011
Epoch 4292/5000: Time Est.: Elapsed[35.11h], Remain[11.34h]
=================================================================
Epoch 4293: Train (100%)  Score: 9.9333,  Loss: -0.1929
Epoch 4293/5000: Time Est.: Elapsed[35.13h], Remain[11.32h]
=================================================================
Epoch 4294: Train (100%)  Score: 10.0410,  Loss: -0.2024
Epoch 4294/5000: Time Est.: Elapsed[35.14h], Remain[11.31h]
=================================================================
Epoch 4295: Train (100%)  Score: 10.1457,  Loss: -0.1980
Epoch 4295/5000: Time Est.: Elapsed[35.16h], Remain[11.29h]
=================================================================
Epoch 4296: Train (100%)  Score: 10.0885,  Loss: -0.2042
Epoch 4296/5000: Time Est.: Elapsed[35.17h], Remain[11.28h]
=================================================================
Epoch 4297: Train (100%)  Score: 10.0273,  Loss: -0.2032
Epoch 4297/5000: Time Est.: Elapsed[35.19h], Remain[11.26h]
=================================================================
Epoch 4298: Train (100%)  Score: 10.0978,  Loss: -0.1967
Epoch 4298/5000: Time Est.: Elapsed[35.21h], Remain[11.24h]
=================================================================
Epoch 4299: Train (100%)  Score: 10.1313,  Loss: -0.1999
Epoch 4299/5000: Time Est.: Elapsed[35.22h], Remain[11.23h]
=================================================================
Epoch 4300: Train (100%)  Score: 10.3018,  Loss: -0.2029
Epoch 4300/5000: Time Est.: Elapsed[35.24h], Remain[11.21h]
Saving trained_model
=================================================================
Epoch 4301: Train (100%)  Score: 10.4708,  Loss: -0.2026
Epoch 4301/5000: Time Est.: Elapsed[35.25h], Remain[11.20h]
=================================================================
Epoch 4302: Train (100%)  Score: 9.7538,  Loss: -0.1977
Epoch 4302/5000: Time Est.: Elapsed[35.27h], Remain[11.18h]
=================================================================
Epoch 4303: Train (100%)  Score: 10.1958,  Loss: -0.2002
Epoch 4303/5000: Time Est.: Elapsed[35.28h], Remain[11.16h]
=================================================================
Epoch 4304: Train (100%)  Score: 9.9025,  Loss: -0.2020
Epoch 4304/5000: Time Est.: Elapsed[35.30h], Remain[11.15h]
=================================================================
Epoch 4305: Train (100%)  Score: 9.7478,  Loss: -0.1945
Epoch 4305/5000: Time Est.: Elapsed[35.32h], Remain[11.13h]
=================================================================
Epoch 4306: Train (100%)  Score: 10.4113,  Loss: -0.2009
Epoch 4306/5000: Time Est.: Elapsed[35.33h], Remain[11.12h]
=================================================================
Epoch 4307: Train (100%)  Score: 10.0867,  Loss: -0.2027
Epoch 4307/5000: Time Est.: Elapsed[35.35h], Remain[11.10h]
=================================================================
Epoch 4308: Train (100%)  Score: 10.1974,  Loss: -0.2035
Epoch 4308/5000: Time Est.: Elapsed[35.36h], Remain[11.08h]
=================================================================
Epoch 4309: Train (100%)  Score: 9.9156,  Loss: -0.1969
Epoch 4309/5000: Time Est.: Elapsed[35.38h], Remain[11.07h]
=================================================================
Epoch 4310: Train (100%)  Score: 9.9075,  Loss: -0.2051
Epoch 4310/5000: Time Est.: Elapsed[35.40h], Remain[11.05h]
=================================================================
Epoch 4311: Train (100%)  Score: 10.4356,  Loss: -0.2024
Epoch 4311/5000: Time Est.: Elapsed[35.41h], Remain[11.04h]
=================================================================
Epoch 4312: Train (100%)  Score: 9.8095,  Loss: -0.2008
Epoch 4312/5000: Time Est.: Elapsed[35.43h], Remain[11.02h]
=================================================================
Epoch 4313: Train (100%)  Score: 10.2301,  Loss: -0.2033
Epoch 4313/5000: Time Est.: Elapsed[35.44h], Remain[11.00h]
=================================================================
Epoch 4314: Train (100%)  Score: 9.8303,  Loss: -0.1983
Epoch 4314/5000: Time Est.: Elapsed[35.46h], Remain[10.99h]
=================================================================
Epoch 4315: Train (100%)  Score: 10.3674,  Loss: -0.2045
Epoch 4315/5000: Time Est.: Elapsed[35.48h], Remain[10.97h]
=================================================================
Epoch 4316: Train (100%)  Score: 10.2990,  Loss: -0.1972
Epoch 4316/5000: Time Est.: Elapsed[35.49h], Remain[10.95h]
=================================================================
Epoch 4317: Train (100%)  Score: 10.1575,  Loss: -0.2025
Epoch 4317/5000: Time Est.: Elapsed[35.51h], Remain[10.94h]
=================================================================
Epoch 4318: Train (100%)  Score: 9.8053,  Loss: -0.1941
Epoch 4318/5000: Time Est.: Elapsed[35.52h], Remain[10.92h]
=================================================================
Epoch 4319: Train (100%)  Score: 10.2198,  Loss: -0.1993
Epoch 4319/5000: Time Est.: Elapsed[35.54h], Remain[10.91h]
=================================================================
Epoch 4320: Train (100%)  Score: 10.0030,  Loss: -0.2033
Epoch 4320/5000: Time Est.: Elapsed[35.55h], Remain[10.89h]
=================================================================
Epoch 4321: Train (100%)  Score: 10.1321,  Loss: -0.2014
Epoch 4321/5000: Time Est.: Elapsed[35.57h], Remain[10.87h]
=================================================================
Epoch 4322: Train (100%)  Score: 9.7590,  Loss: -0.1995
Epoch 4322/5000: Time Est.: Elapsed[35.59h], Remain[10.86h]
=================================================================
Epoch 4323: Train (100%)  Score: 9.9994,  Loss: -0.2006
Epoch 4323/5000: Time Est.: Elapsed[35.60h], Remain[10.84h]
=================================================================
Epoch 4324: Train (100%)  Score: 9.9438,  Loss: -0.2015
Epoch 4324/5000: Time Est.: Elapsed[35.62h], Remain[10.83h]
=================================================================
Epoch 4325: Train (100%)  Score: 10.1634,  Loss: -0.2014
Epoch 4325/5000: Time Est.: Elapsed[35.63h], Remain[10.81h]
=================================================================
Epoch 4326: Train (100%)  Score: 10.3401,  Loss: -0.2016
Epoch 4326/5000: Time Est.: Elapsed[35.65h], Remain[10.79h]
=================================================================
>> Invalid instances, Re-generating ...
Epoch 4327: Train (100%)  Score: 10.2428,  Loss: -0.1987
Epoch 4327/5000: Time Est.: Elapsed[35.67h], Remain[10.78h]
=================================================================
Epoch 4328: Train (100%)  Score: 10.0475,  Loss: -0.2026
Epoch 4328/5000: Time Est.: Elapsed[35.68h], Remain[10.76h]
=================================================================
Epoch 4329: Train (100%)  Score: 9.9867,  Loss: -0.1971
Epoch 4329/5000: Time Est.: Elapsed[35.70h], Remain[10.75h]
=================================================================
Epoch 4330: Train (100%)  Score: 10.0667,  Loss: -0.1962
Epoch 4330/5000: Time Est.: Elapsed[35.71h], Remain[10.73h]
=================================================================
Epoch 4331: Train (100%)  Score: 9.8520,  Loss: -0.2013
Epoch 4331/5000: Time Est.: Elapsed[35.73h], Remain[10.71h]
=================================================================
Epoch 4332: Train (100%)  Score: 10.0887,  Loss: -0.1978
Epoch 4332/5000: Time Est.: Elapsed[35.75h], Remain[10.70h]
=================================================================
Epoch 4333: Train (100%)  Score: 9.9678,  Loss: -0.1950
Epoch 4333/5000: Time Est.: Elapsed[35.76h], Remain[10.68h]
=================================================================
Epoch 4334: Train (100%)  Score: 9.9633,  Loss: -0.1969
Epoch 4334/5000: Time Est.: Elapsed[35.78h], Remain[10.67h]
=================================================================
Epoch 4335: Train (100%)  Score: 9.8547,  Loss: -0.1952
Epoch 4335/5000: Time Est.: Elapsed[35.79h], Remain[10.65h]
=================================================================
Epoch 4336: Train (100%)  Score: 9.9337,  Loss: -0.1933
Epoch 4336/5000: Time Est.: Elapsed[35.81h], Remain[10.63h]
=================================================================
Epoch 4337: Train (100%)  Score: 10.1291,  Loss: -0.2039
Epoch 4337/5000: Time Est.: Elapsed[35.82h], Remain[10.62h]
=================================================================
Epoch 4338: Train (100%)  Score: 10.0336,  Loss: -0.1971
Epoch 4338/5000: Time Est.: Elapsed[35.84h], Remain[10.60h]
=================================================================
Epoch 4339: Train (100%)  Score: 10.2410,  Loss: -0.2037
Epoch 4339/5000: Time Est.: Elapsed[35.86h], Remain[10.59h]
=================================================================
Epoch 4340: Train (100%)  Score: 9.9256,  Loss: -0.1971
Epoch 4340/5000: Time Est.: Elapsed[35.87h], Remain[10.57h]
=================================================================
Epoch 4341: Train (100%)  Score: 10.0050,  Loss: -0.1953
Epoch 4341/5000: Time Est.: Elapsed[35.89h], Remain[10.55h]
=================================================================
Epoch 4342: Train (100%)  Score: 9.9609,  Loss: -0.1987
Epoch 4342/5000: Time Est.: Elapsed[35.90h], Remain[10.54h]
=================================================================
Epoch 4343: Train (100%)  Score: 10.2697,  Loss: -0.2029
Epoch 4343/5000: Time Est.: Elapsed[35.92h], Remain[10.52h]
=================================================================
Epoch 4344: Train (100%)  Score: 10.3961,  Loss: -0.1958
Epoch 4344/5000: Time Est.: Elapsed[35.94h], Remain[10.51h]
=================================================================
Epoch 4345: Train (100%)  Score: 10.2787,  Loss: -0.2015
Epoch 4345/5000: Time Est.: Elapsed[35.95h], Remain[10.49h]
=================================================================
Epoch 4346: Train (100%)  Score: 10.0101,  Loss: -0.2031
Epoch 4346/5000: Time Est.: Elapsed[35.97h], Remain[10.47h]
=================================================================
Epoch 4347: Train (100%)  Score: 9.9181,  Loss: -0.2008
Epoch 4347/5000: Time Est.: Elapsed[35.98h], Remain[10.46h]
=================================================================
>> Invalid instances, Re-generating ...
Epoch 4348: Train (100%)  Score: 9.8688,  Loss: -0.2019
Epoch 4348/5000: Time Est.: Elapsed[36.00h], Remain[10.44h]
=================================================================
Epoch 4349: Train (100%)  Score: 10.1953,  Loss: -0.2035
Epoch 4349/5000: Time Est.: Elapsed[36.02h], Remain[10.43h]
=================================================================
Epoch 4350: Train (100%)  Score: 10.0417,  Loss: -0.1978
Epoch 4350/5000: Time Est.: Elapsed[36.03h], Remain[10.41h]
=================================================================
Epoch 4351: Train (100%)  Score: 10.1997,  Loss: -0.2001
Epoch 4351/5000: Time Est.: Elapsed[36.05h], Remain[10.39h]
=================================================================
Epoch 4352: Train (100%)  Score: 10.3905,  Loss: -0.2008
Epoch 4352/5000: Time Est.: Elapsed[36.07h], Remain[10.38h]
=================================================================
Epoch 4353: Train (100%)  Score: 10.3744,  Loss: -0.2020
Epoch 4353/5000: Time Est.: Elapsed[36.08h], Remain[10.36h]
=================================================================
Epoch 4354: Train (100%)  Score: 10.0072,  Loss: -0.1990
Epoch 4354/5000: Time Est.: Elapsed[36.10h], Remain[10.35h]
=================================================================
Epoch 4355: Train (100%)  Score: 10.2334,  Loss: -0.1972
Epoch 4355/5000: Time Est.: Elapsed[36.12h], Remain[10.33h]
=================================================================
Epoch 4356: Train (100%)  Score: 10.2177,  Loss: -0.1983
Epoch 4356/5000: Time Est.: Elapsed[36.13h], Remain[10.31h]
=================================================================
Epoch 4357: Train (100%)  Score: 10.1004,  Loss: -0.1968
Epoch 4357/5000: Time Est.: Elapsed[36.15h], Remain[10.30h]
=================================================================
Epoch 4358: Train (100%)  Score: 10.1459,  Loss: -0.2031
Epoch 4358/5000: Time Est.: Elapsed[36.17h], Remain[10.28h]
=================================================================
Epoch 4359: Train (100%)  Score: 9.6037,  Loss: -0.2017
Epoch 4359/5000: Time Est.: Elapsed[36.18h], Remain[10.27h]
=================================================================
Epoch 4360: Train (100%)  Score: 9.9011,  Loss: -0.1950
Epoch 4360/5000: Time Est.: Elapsed[36.20h], Remain[10.25h]
=================================================================
Epoch 4361: Train (100%)  Score: 10.1451,  Loss: -0.2010
Epoch 4361/5000: Time Est.: Elapsed[36.21h], Remain[10.23h]
=================================================================
Epoch 4362: Train (100%)  Score: 10.1793,  Loss: -0.1950
Epoch 4362/5000: Time Est.: Elapsed[36.23h], Remain[10.22h]
=================================================================
Epoch 4363: Train (100%)  Score: 10.1756,  Loss: -0.1988
Epoch 4363/5000: Time Est.: Elapsed[36.25h], Remain[10.20h]
=================================================================
Epoch 4364: Train (100%)  Score: 10.0231,  Loss: -0.1969
Epoch 4364/5000: Time Est.: Elapsed[36.26h], Remain[10.19h]
=================================================================
Epoch 4365: Train (100%)  Score: 9.8875,  Loss: -0.1998
Epoch 4365/5000: Time Est.: Elapsed[36.28h], Remain[10.17h]
=================================================================
Epoch 4366: Train (100%)  Score: 10.4881,  Loss: -0.1996
Epoch 4366/5000: Time Est.: Elapsed[36.29h], Remain[10.15h]
=================================================================
Epoch 4367: Train (100%)  Score: 9.8295,  Loss: -0.1984
Epoch 4367/5000: Time Est.: Elapsed[36.31h], Remain[10.14h]
=================================================================
Epoch 4368: Train (100%)  Score: 10.0305,  Loss: -0.1983
Epoch 4368/5000: Time Est.: Elapsed[36.33h], Remain[10.12h]
=================================================================
Epoch 4369: Train (100%)  Score: 10.3494,  Loss: -0.2003
Epoch 4369/5000: Time Est.: Elapsed[36.34h], Remain[10.11h]
=================================================================
Epoch 4370: Train (100%)  Score: 9.9349,  Loss: -0.2001
Epoch 4370/5000: Time Est.: Elapsed[36.36h], Remain[10.09h]
=================================================================
Epoch 4371: Train (100%)  Score: 10.2625,  Loss: -0.2007
Epoch 4371/5000: Time Est.: Elapsed[36.37h], Remain[10.07h]
=================================================================
Epoch 4372: Train (100%)  Score: 10.0947,  Loss: -0.2048
Epoch 4372/5000: Time Est.: Elapsed[36.39h], Remain[10.06h]
=================================================================
>> Invalid instances, Re-generating ...
Epoch 4373: Train (100%)  Score: 9.9359,  Loss: -0.2021
Epoch 4373/5000: Time Est.: Elapsed[36.41h], Remain[10.04h]
=================================================================
Epoch 4374: Train (100%)  Score: 10.0525,  Loss: -0.2011
Epoch 4374/5000: Time Est.: Elapsed[36.42h], Remain[10.03h]
=================================================================
Epoch 4375: Train (100%)  Score: 9.9923,  Loss: -0.2007
Epoch 4375/5000: Time Est.: Elapsed[36.44h], Remain[10.01h]
=================================================================
Epoch 4376: Train (100%)  Score: 10.2417,  Loss: -0.1997
Epoch 4376/5000: Time Est.: Elapsed[36.45h], Remain[9.99h]
=================================================================
Epoch 4377: Train (100%)  Score: 10.2370,  Loss: -0.2047
Epoch 4377/5000: Time Est.: Elapsed[36.47h], Remain[9.98h]
=================================================================
Epoch 4378: Train (100%)  Score: 10.0786,  Loss: -0.1985
Epoch 4378/5000: Time Est.: Elapsed[36.49h], Remain[9.96h]
=================================================================
Epoch 4379: Train (100%)  Score: 10.0192,  Loss: -0.1951
Epoch 4379/5000: Time Est.: Elapsed[36.50h], Remain[9.95h]
=================================================================
Epoch 4380: Train (100%)  Score: 10.0263,  Loss: -0.2024
Epoch 4380/5000: Time Est.: Elapsed[36.52h], Remain[9.93h]
=================================================================
Epoch 4381: Train (100%)  Score: 10.0344,  Loss: -0.2020
Epoch 4381/5000: Time Est.: Elapsed[36.53h], Remain[9.91h]
=================================================================
Epoch 4382: Train (100%)  Score: 10.6672,  Loss: -0.2090
Epoch 4382/5000: Time Est.: Elapsed[36.55h], Remain[9.90h]
=================================================================
Epoch 4383: Train (100%)  Score: 10.2847,  Loss: -0.2004
Epoch 4383/5000: Time Est.: Elapsed[36.57h], Remain[9.88h]
=================================================================
Epoch 4384: Train (100%)  Score: 9.8369,  Loss: -0.1958
Epoch 4384/5000: Time Est.: Elapsed[36.58h], Remain[9.87h]
=================================================================
Epoch 4385: Train (100%)  Score: 9.9422,  Loss: -0.2000
Epoch 4385/5000: Time Est.: Elapsed[36.60h], Remain[9.85h]
=================================================================
Epoch 4386: Train (100%)  Score: 9.7267,  Loss: -0.1918
Epoch 4386/5000: Time Est.: Elapsed[36.61h], Remain[9.83h]
=================================================================
Epoch 4387: Train (100%)  Score: 10.1076,  Loss: -0.2040
Epoch 4387/5000: Time Est.: Elapsed[36.63h], Remain[9.82h]
=================================================================
Epoch 4388: Train (100%)  Score: 10.3547,  Loss: -0.2036
Epoch 4388/5000: Time Est.: Elapsed[36.65h], Remain[9.80h]
=================================================================
Epoch 4389: Train (100%)  Score: 9.8895,  Loss: -0.1992
Epoch 4389/5000: Time Est.: Elapsed[36.66h], Remain[9.79h]
=================================================================
Epoch 4390: Train (100%)  Score: 9.8172,  Loss: -0.2002
Epoch 4390/5000: Time Est.: Elapsed[36.68h], Remain[9.77h]
=================================================================
Epoch 4391: Train (100%)  Score: 10.2972,  Loss: -0.1974
Epoch 4391/5000: Time Est.: Elapsed[36.69h], Remain[9.75h]
=================================================================
Epoch 4392: Train (100%)  Score: 10.1932,  Loss: -0.2023
Epoch 4392/5000: Time Est.: Elapsed[36.71h], Remain[9.74h]
=================================================================
Epoch 4393: Train (100%)  Score: 10.2034,  Loss: -0.1986
Epoch 4393/5000: Time Est.: Elapsed[36.73h], Remain[9.72h]
=================================================================
Epoch 4394: Train (100%)  Score: 10.5508,  Loss: -0.2000
Epoch 4394/5000: Time Est.: Elapsed[36.75h], Remain[9.71h]
=================================================================
Epoch 4395: Train (100%)  Score: 10.0896,  Loss: -0.1980
Epoch 4395/5000: Time Est.: Elapsed[36.76h], Remain[9.69h]
=================================================================
Epoch 4396: Train (100%)  Score: 9.9897,  Loss: -0.1985
Epoch 4396/5000: Time Est.: Elapsed[36.78h], Remain[9.68h]
=================================================================
Epoch 4397: Train (100%)  Score: 10.0777,  Loss: -0.2008
Epoch 4397/5000: Time Est.: Elapsed[36.80h], Remain[9.66h]
=================================================================
Epoch 4398: Train (100%)  Score: 10.1234,  Loss: -0.2043
Epoch 4398/5000: Time Est.: Elapsed[36.81h], Remain[9.64h]
=================================================================
Epoch 4399: Train (100%)  Score: 10.0216,  Loss: -0.1972
Epoch 4399/5000: Time Est.: Elapsed[36.83h], Remain[9.63h]
=================================================================
Epoch 4400: Train (100%)  Score: 9.9033,  Loss: -0.1953
Epoch 4400/5000: Time Est.: Elapsed[36.85h], Remain[9.61h]
Saving trained_model
=================================================================
Epoch 4401: Train (100%)  Score: 10.1875,  Loss: -0.2020
Epoch 4401/5000: Time Est.: Elapsed[36.86h], Remain[9.60h]
=================================================================
Epoch 4402: Train (100%)  Score: 10.1097,  Loss: -0.1966
Epoch 4402/5000: Time Est.: Elapsed[36.88h], Remain[9.58h]
=================================================================
Epoch 4403: Train (100%)  Score: 10.2400,  Loss: -0.1937
Epoch 4403/5000: Time Est.: Elapsed[36.90h], Remain[9.56h]
=================================================================
Epoch 4404: Train (100%)  Score: 9.9042,  Loss: -0.2027
Epoch 4404/5000: Time Est.: Elapsed[36.91h], Remain[9.55h]
=================================================================
Epoch 4405: Train (100%)  Score: 10.0788,  Loss: -0.2020
Epoch 4405/5000: Time Est.: Elapsed[36.93h], Remain[9.53h]
=================================================================
Epoch 4406: Train (100%)  Score: 10.1832,  Loss: -0.1969
Epoch 4406/5000: Time Est.: Elapsed[36.94h], Remain[9.52h]
=================================================================
Epoch 4407: Train (100%)  Score: 9.7919,  Loss: -0.1987
Epoch 4407/5000: Time Est.: Elapsed[36.96h], Remain[9.50h]
=================================================================
Epoch 4408: Train (100%)  Score: 10.0866,  Loss: -0.2056
Epoch 4408/5000: Time Est.: Elapsed[36.98h], Remain[9.48h]
=================================================================
Epoch 4409: Train (100%)  Score: 10.0991,  Loss: -0.1957
Epoch 4409/5000: Time Est.: Elapsed[36.99h], Remain[9.47h]
=================================================================
Epoch 4410: Train (100%)  Score: 10.1842,  Loss: -0.2009
Epoch 4410/5000: Time Est.: Elapsed[37.01h], Remain[9.45h]
=================================================================
Epoch 4411: Train (100%)  Score: 9.7152,  Loss: -0.1986
Epoch 4411/5000: Time Est.: Elapsed[37.02h], Remain[9.44h]
=================================================================
Epoch 4412: Train (100%)  Score: 9.8032,  Loss: -0.2008
Epoch 4412/5000: Time Est.: Elapsed[37.04h], Remain[9.42h]
=================================================================
Epoch 4413: Train (100%)  Score: 9.8700,  Loss: -0.1924
Epoch 4413/5000: Time Est.: Elapsed[37.06h], Remain[9.40h]
=================================================================
Epoch 4414: Train (100%)  Score: 10.0950,  Loss: -0.2022
Epoch 4414/5000: Time Est.: Elapsed[37.08h], Remain[9.39h]
=================================================================
Epoch 4415: Train (100%)  Score: 10.4136,  Loss: -0.2011
Epoch 4415/5000: Time Est.: Elapsed[37.09h], Remain[9.37h]
=================================================================
Epoch 4416: Train (100%)  Score: 10.3548,  Loss: -0.2002
Epoch 4416/5000: Time Est.: Elapsed[37.11h], Remain[9.36h]
=================================================================
Epoch 4417: Train (100%)  Score: 10.0705,  Loss: -0.1994
Epoch 4417/5000: Time Est.: Elapsed[37.14h], Remain[9.34h]
=================================================================
Epoch 4418: Train (100%)  Score: 9.8751,  Loss: -0.2008
Epoch 4418/5000: Time Est.: Elapsed[37.16h], Remain[9.33h]
=================================================================
Epoch 4419: Train (100%)  Score: 10.1802,  Loss: -0.2033
Epoch 4419/5000: Time Est.: Elapsed[37.19h], Remain[9.32h]
=================================================================
>> Invalid instances, Re-generating ...
Epoch 4420: Train (100%)  Score: 10.4493,  Loss: -0.2015
Epoch 4420/5000: Time Est.: Elapsed[37.21h], Remain[9.30h]
=================================================================
Epoch 4421: Train (100%)  Score: 10.0093,  Loss: -0.2045
Epoch 4421/5000: Time Est.: Elapsed[37.24h], Remain[9.29h]
=================================================================
Epoch 4422: Train (100%)  Score: 10.3084,  Loss: -0.2041
Epoch 4422/5000: Time Est.: Elapsed[37.26h], Remain[9.27h]
=================================================================
Epoch 4423: Train (100%)  Score: 10.2398,  Loss: -0.2030
Epoch 4423/5000: Time Est.: Elapsed[37.28h], Remain[9.26h]
=================================================================
Epoch 4424: Train (100%)  Score: 9.8511,  Loss: -0.1992
Epoch 4424/5000: Time Est.: Elapsed[37.31h], Remain[9.25h]
=================================================================
Epoch 4425: Train (100%)  Score: 9.7531,  Loss: -0.2005
Epoch 4425/5000: Time Est.: Elapsed[37.33h], Remain[9.23h]
=================================================================
Epoch 4426: Train (100%)  Score: 10.1809,  Loss: -0.2008
Epoch 4426/5000: Time Est.: Elapsed[37.35h], Remain[9.22h]
=================================================================
Epoch 4427: Train (100%)  Score: 10.0006,  Loss: -0.2036
Epoch 4427/5000: Time Est.: Elapsed[37.38h], Remain[9.20h]
=================================================================
Epoch 4428: Train (100%)  Score: 9.9317,  Loss: -0.1949
Epoch 4428/5000: Time Est.: Elapsed[37.40h], Remain[9.19h]
=================================================================
Epoch 4429: Train (100%)  Score: 9.8303,  Loss: -0.1932
Epoch 4429/5000: Time Est.: Elapsed[37.42h], Remain[9.18h]
=================================================================
Epoch 4430: Train (100%)  Score: 10.0753,  Loss: -0.1989
Epoch 4430/5000: Time Est.: Elapsed[37.45h], Remain[9.16h]
=================================================================
Epoch 4431: Train (100%)  Score: 10.0858,  Loss: -0.1971
Epoch 4431/5000: Time Est.: Elapsed[37.47h], Remain[9.15h]
=================================================================
Epoch 4432: Train (100%)  Score: 9.9546,  Loss: -0.2012
Epoch 4432/5000: Time Est.: Elapsed[37.49h], Remain[9.13h]
=================================================================
Epoch 4433: Train (100%)  Score: 10.0534,  Loss: -0.2022
Epoch 4433/5000: Time Est.: Elapsed[37.52h], Remain[9.12h]
=================================================================
Epoch 4434: Train (100%)  Score: 10.3329,  Loss: -0.2055
Epoch 4434/5000: Time Est.: Elapsed[37.54h], Remain[9.10h]
=================================================================
Epoch 4435: Train (100%)  Score: 10.1507,  Loss: -0.1984
Epoch 4435/5000: Time Est.: Elapsed[37.56h], Remain[9.09h]
=================================================================
Epoch 4436: Train (100%)  Score: 10.0334,  Loss: -0.2111
Epoch 4436/5000: Time Est.: Elapsed[37.58h], Remain[9.07h]
=================================================================
Epoch 4437: Train (100%)  Score: 9.9744,  Loss: -0.1992
Epoch 4437/5000: Time Est.: Elapsed[37.61h], Remain[9.06h]
=================================================================
Epoch 4438: Train (100%)  Score: 10.0734,  Loss: -0.2020
Epoch 4438/5000: Time Est.: Elapsed[37.63h], Remain[9.05h]
=================================================================
Epoch 4439: Train (100%)  Score: 9.7394,  Loss: -0.1946
Epoch 4439/5000: Time Est.: Elapsed[37.66h], Remain[9.03h]
=================================================================
Epoch 4440: Train (100%)  Score: 9.7982,  Loss: -0.1957
Epoch 4440/5000: Time Est.: Elapsed[37.68h], Remain[9.02h]
=================================================================
Epoch 4441: Train (100%)  Score: 10.4404,  Loss: -0.2004
Epoch 4441/5000: Time Est.: Elapsed[37.70h], Remain[9.00h]
=================================================================
Epoch 4442: Train (100%)  Score: 9.9820,  Loss: -0.1941
Epoch 4442/5000: Time Est.: Elapsed[37.73h], Remain[8.99h]
=================================================================
Epoch 4443: Train (100%)  Score: 10.1999,  Loss: -0.1957
Epoch 4443/5000: Time Est.: Elapsed[37.75h], Remain[8.97h]
=================================================================
Epoch 4444: Train (100%)  Score: 10.3307,  Loss: -0.1995
Epoch 4444/5000: Time Est.: Elapsed[37.78h], Remain[8.96h]
=================================================================
Epoch 4445: Train (100%)  Score: 10.1519,  Loss: -0.2039
Epoch 4445/5000: Time Est.: Elapsed[37.80h], Remain[8.95h]
=================================================================
Epoch 4446: Train (100%)  Score: 10.4744,  Loss: -0.2019
Epoch 4446/5000: Time Est.: Elapsed[37.82h], Remain[8.93h]
=================================================================
Epoch 4447: Train (100%)  Score: 9.8778,  Loss: -0.2008
Epoch 4447/5000: Time Est.: Elapsed[37.84h], Remain[8.92h]
=================================================================
Epoch 4448: Train (100%)  Score: 9.9114,  Loss: -0.1994
Epoch 4448/5000: Time Est.: Elapsed[37.85h], Remain[8.90h]
=================================================================
Epoch 4449: Train (100%)  Score: 10.3284,  Loss: -0.1977
Epoch 4449/5000: Time Est.: Elapsed[37.87h], Remain[8.88h]
=================================================================
Epoch 4450: Train (100%)  Score: 10.0511,  Loss: -0.1978
Epoch 4450/5000: Time Est.: Elapsed[37.89h], Remain[8.87h]
=================================================================
Epoch 4451: Train (100%)  Score: 10.4263,  Loss: -0.1973
Epoch 4451/5000: Time Est.: Elapsed[37.90h], Remain[8.85h]
=================================================================
Epoch 4452: Train (100%)  Score: 10.2825,  Loss: -0.1965
Epoch 4452/5000: Time Est.: Elapsed[37.92h], Remain[8.83h]
=================================================================
Epoch 4453: Train (100%)  Score: 10.0254,  Loss: -0.1980
Epoch 4453/5000: Time Est.: Elapsed[37.94h], Remain[8.82h]
=================================================================
Epoch 4454: Train (100%)  Score: 9.7771,  Loss: -0.1940
Epoch 4454/5000: Time Est.: Elapsed[37.95h], Remain[8.80h]
=================================================================
Epoch 4455: Train (100%)  Score: 10.0047,  Loss: -0.1993
Epoch 4455/5000: Time Est.: Elapsed[37.97h], Remain[8.79h]
=================================================================
Epoch 4456: Train (100%)  Score: 10.2884,  Loss: -0.1990
Epoch 4456/5000: Time Est.: Elapsed[37.98h], Remain[8.77h]
=================================================================
Epoch 4457: Train (100%)  Score: 10.1819,  Loss: -0.2016
Epoch 4457/5000: Time Est.: Elapsed[38.00h], Remain[8.75h]
=================================================================
Epoch 4458: Train (100%)  Score: 10.1050,  Loss: -0.2043
Epoch 4458/5000: Time Est.: Elapsed[38.02h], Remain[8.74h]
=================================================================
Epoch 4459: Train (100%)  Score: 10.2040,  Loss: -0.1994
Epoch 4459/5000: Time Est.: Elapsed[38.03h], Remain[8.72h]
=================================================================
Epoch 4460: Train (100%)  Score: 10.1789,  Loss: -0.1997
Epoch 4460/5000: Time Est.: Elapsed[38.05h], Remain[8.71h]
=================================================================
>> Invalid instances, Re-generating ...
Epoch 4461: Train (100%)  Score: 10.1665,  Loss: -0.1971
Epoch 4461/5000: Time Est.: Elapsed[38.07h], Remain[8.69h]
=================================================================
Epoch 4462: Train (100%)  Score: 9.6429,  Loss: -0.1984
Epoch 4462/5000: Time Est.: Elapsed[38.08h], Remain[8.67h]
=================================================================
Epoch 4463: Train (100%)  Score: 10.1929,  Loss: -0.1977
Epoch 4463/5000: Time Est.: Elapsed[38.10h], Remain[8.66h]
=================================================================
Epoch 4464: Train (100%)  Score: 10.0740,  Loss: -0.1943
Epoch 4464/5000: Time Est.: Elapsed[38.11h], Remain[8.64h]
=================================================================
Epoch 4465: Train (100%)  Score: 10.0986,  Loss: -0.1986
Epoch 4465/5000: Time Est.: Elapsed[38.13h], Remain[8.63h]
=================================================================
Epoch 4466: Train (100%)  Score: 9.9923,  Loss: -0.1950
Epoch 4466/5000: Time Est.: Elapsed[38.15h], Remain[8.61h]
=================================================================
Epoch 4467: Train (100%)  Score: 10.1017,  Loss: -0.2045
Epoch 4467/5000: Time Est.: Elapsed[38.16h], Remain[8.59h]
=================================================================
Epoch 4468: Train (100%)  Score: 10.1965,  Loss: -0.2005
Epoch 4468/5000: Time Est.: Elapsed[38.18h], Remain[8.58h]
=================================================================
Epoch 4469: Train (100%)  Score: 10.3239,  Loss: -0.1987
Epoch 4469/5000: Time Est.: Elapsed[38.20h], Remain[8.56h]
=================================================================
Epoch 4470: Train (100%)  Score: 10.3560,  Loss: -0.2070
Epoch 4470/5000: Time Est.: Elapsed[38.21h], Remain[8.55h]
=================================================================
Epoch 4471: Train (100%)  Score: 10.2565,  Loss: -0.2043
Epoch 4471/5000: Time Est.: Elapsed[38.23h], Remain[8.53h]
=================================================================
Epoch 4472: Train (100%)  Score: 10.0049,  Loss: -0.1961
Epoch 4472/5000: Time Est.: Elapsed[38.25h], Remain[8.51h]
=================================================================
Epoch 4473: Train (100%)  Score: 9.9028,  Loss: -0.2031
Epoch 4473/5000: Time Est.: Elapsed[38.26h], Remain[8.50h]
=================================================================
Epoch 4474: Train (100%)  Score: 10.0452,  Loss: -0.1981
Epoch 4474/5000: Time Est.: Elapsed[38.28h], Remain[8.48h]
=================================================================
Epoch 4475: Train (100%)  Score: 10.0585,  Loss: -0.1984
Epoch 4475/5000: Time Est.: Elapsed[38.30h], Remain[8.47h]
=================================================================
Epoch 4476: Train (100%)  Score: 10.0453,  Loss: -0.1978
Epoch 4476/5000: Time Est.: Elapsed[38.31h], Remain[8.45h]
=================================================================
Epoch 4477: Train (100%)  Score: 10.4327,  Loss: -0.1995
Epoch 4477/5000: Time Est.: Elapsed[38.33h], Remain[8.43h]
=================================================================
Epoch 4478: Train (100%)  Score: 10.1952,  Loss: -0.2068
Epoch 4478/5000: Time Est.: Elapsed[38.35h], Remain[8.42h]
=================================================================
Epoch 4479: Train (100%)  Score: 10.0706,  Loss: -0.2025
Epoch 4479/5000: Time Est.: Elapsed[38.36h], Remain[8.40h]
=================================================================
Epoch 4480: Train (100%)  Score: 9.8352,  Loss: -0.1929
Epoch 4480/5000: Time Est.: Elapsed[38.38h], Remain[8.39h]
=================================================================
Epoch 4481: Train (100%)  Score: 9.8972,  Loss: -0.1975
Epoch 4481/5000: Time Est.: Elapsed[38.43h], Remain[8.38h]
=================================================================
Epoch 4482: Train (100%)  Score: 10.2082,  Loss: -0.1996
Epoch 4482/5000: Time Est.: Elapsed[38.45h], Remain[8.36h]
=================================================================
Epoch 4483: Train (100%)  Score: 10.6999,  Loss: -0.1987
Epoch 4483/5000: Time Est.: Elapsed[38.47h], Remain[8.35h]
=================================================================
Epoch 4484: Train (100%)  Score: 10.1688,  Loss: -0.2030
Epoch 4484/5000: Time Est.: Elapsed[38.51h], Remain[8.34h]
=================================================================
Epoch 4485: Train (100%)  Score: 10.0487,  Loss: -0.2040
Epoch 4485/5000: Time Est.: Elapsed[38.56h], Remain[8.33h]
=================================================================
Epoch 4486: Train (100%)  Score: 9.8698,  Loss: -0.1999
Epoch 4486/5000: Time Est.: Elapsed[38.61h], Remain[8.32h]
=================================================================
Epoch 4487: Train (100%)  Score: 10.1835,  Loss: -0.1967
Epoch 4487/5000: Time Est.: Elapsed[38.65h], Remain[8.31h]
=================================================================
Epoch 4488: Train (100%)  Score: 9.7864,  Loss: -0.1968
Epoch 4488/5000: Time Est.: Elapsed[38.70h], Remain[8.30h]
=================================================================
Epoch 4489: Train (100%)  Score: 9.8528,  Loss: -0.1926
Epoch 4489/5000: Time Est.: Elapsed[38.74h], Remain[8.29h]
=================================================================
Epoch 4490: Train (100%)  Score: 10.0565,  Loss: -0.1960
Epoch 4490/5000: Time Est.: Elapsed[38.77h], Remain[8.27h]
=================================================================
Epoch 4491: Train (100%)  Score: 9.9081,  Loss: -0.1993
Epoch 4491/5000: Time Est.: Elapsed[38.82h], Remain[8.26h]
=================================================================
Epoch 4492: Train (100%)  Score: 10.3361,  Loss: -0.1998
Epoch 4492/5000: Time Est.: Elapsed[38.87h], Remain[8.26h]
=================================================================
Epoch 4493: Train (100%)  Score: 9.8805,  Loss: -0.1945
Epoch 4493/5000: Time Est.: Elapsed[38.92h], Remain[8.25h]
=================================================================
Epoch 4494: Train (100%)  Score: 10.1166,  Loss: -0.1991
Epoch 4494/5000: Time Est.: Elapsed[38.97h], Remain[8.24h]
=================================================================
Epoch 4495: Train (100%)  Score: 9.8119,  Loss: -0.1967
Epoch 4495/5000: Time Est.: Elapsed[39.02h], Remain[8.23h]
=================================================================
Epoch 4496: Train (100%)  Score: 9.9408,  Loss: -0.2040
Epoch 4496/5000: Time Est.: Elapsed[39.07h], Remain[8.22h]
=================================================================
Epoch 4497: Train (100%)  Score: 9.7168,  Loss: -0.1945
Epoch 4497/5000: Time Est.: Elapsed[39.10h], Remain[8.21h]
=================================================================
Epoch 4498: Train (100%)  Score: 9.9407,  Loss: -0.2012
Epoch 4498/5000: Time Est.: Elapsed[39.16h], Remain[8.20h]
=================================================================
Epoch 4499: Train (100%)  Score: 10.3157,  Loss: -0.1971
Epoch 4499/5000: Time Est.: Elapsed[39.21h], Remain[8.19h]
=================================================================
Epoch 4500: Train (100%)  Score: 10.4028,  Loss: -0.2046
Epoch 4500/5000: Time Est.: Elapsed[39.26h], Remain[8.18h]
Saving trained_model
=================================================================
Epoch 4501: Train (100%)  Score: 10.1782,  Loss: -0.2030
Epoch 4501/5000: Time Est.: Elapsed[39.31h], Remain[8.17h]
=================================================================
Epoch 4502: Train (100%)  Score: 9.9782,  Loss: -0.2030
Epoch 4502/5000: Time Est.: Elapsed[39.35h], Remain[8.16h]
=================================================================
Epoch 4503: Train (100%)  Score: 9.9900,  Loss: -0.2034
Epoch 4503/5000: Time Est.: Elapsed[39.39h], Remain[8.15h]
=================================================================
Epoch 4504: Train (100%)  Score: 10.1339,  Loss: -0.1939
Epoch 4504/5000: Time Est.: Elapsed[39.45h], Remain[8.14h]
=================================================================
Epoch 4505: Train (100%)  Score: 9.8609,  Loss: -0.1926
Epoch 4505/5000: Time Est.: Elapsed[39.47h], Remain[8.12h]
=================================================================
Epoch 4506: Train (100%)  Score: 10.0574,  Loss: -0.1900
Epoch 4506/5000: Time Est.: Elapsed[39.48h], Remain[8.11h]
=================================================================
Epoch 4507: Train (100%)  Score: 10.2854,  Loss: -0.1842
Epoch 4507/5000: Time Est.: Elapsed[39.52h], Remain[8.09h]
=================================================================
Epoch 4508: Train (100%)  Score: 10.0250,  Loss: -0.1913
Epoch 4508/5000: Time Est.: Elapsed[39.56h], Remain[8.08h]
=================================================================
Epoch 4509: Train (100%)  Score: 10.5299,  Loss: -0.1967
Epoch 4509/5000: Time Est.: Elapsed[39.61h], Remain[8.07h]
=================================================================
Epoch 4510: Train (100%)  Score: 9.3983,  Loss: -0.1881
Epoch 4510/5000: Time Est.: Elapsed[39.66h], Remain[8.06h]
=================================================================
Epoch 4511: Train (100%)  Score: 10.3470,  Loss: -0.1955
Epoch 4511/5000: Time Est.: Elapsed[39.71h], Remain[8.05h]
=================================================================
Epoch 4512: Train (100%)  Score: 10.2530,  Loss: -0.1945
Epoch 4512/5000: Time Est.: Elapsed[39.76h], Remain[8.04h]
=================================================================
Epoch 4513: Train (100%)  Score: 10.0716,  Loss: -0.1963
Epoch 4513/5000: Time Est.: Elapsed[39.79h], Remain[8.03h]
=================================================================
Epoch 4514: Train (100%)  Score: 10.3123,  Loss: -0.1932
Epoch 4514/5000: Time Est.: Elapsed[39.85h], Remain[8.02h]
=================================================================
Epoch 4515: Train (100%)  Score: 10.0619,  Loss: -0.1902
Epoch 4515/5000: Time Est.: Elapsed[39.90h], Remain[8.01h]
=================================================================
Epoch 4516: Train (100%)  Score: 10.1400,  Loss: -0.1919
Epoch 4516/5000: Time Est.: Elapsed[39.95h], Remain[8.00h]
=================================================================
Epoch 4517: Train (100%)  Score: 10.3775,  Loss: -0.1922
Epoch 4517/5000: Time Est.: Elapsed[40.00h], Remain[7.99h]
=================================================================
Epoch 4518: Train (100%)  Score: 10.2255,  Loss: -0.1973
Epoch 4518/5000: Time Est.: Elapsed[40.04h], Remain[7.98h]
=================================================================
Epoch 4519: Train (100%)  Score: 10.0459,  Loss: -0.1890
Epoch 4519/5000: Time Est.: Elapsed[40.09h], Remain[7.97h]
=================================================================
Epoch 4520: Train (100%)  Score: 10.1401,  Loss: -0.1876
Epoch 4520/5000: Time Est.: Elapsed[40.14h], Remain[7.96h]
=================================================================
Epoch 4521: Train (100%)  Score: 9.8774,  Loss: -0.1894
Epoch 4521/5000: Time Est.: Elapsed[40.19h], Remain[7.95h]
=================================================================
Epoch 4522: Train (100%)  Score: 10.3558,  Loss: -0.1901
Epoch 4522/5000: Time Est.: Elapsed[40.23h], Remain[7.94h]
=================================================================
Epoch 4523: Train (100%)  Score: 10.0837,  Loss: -0.1933
Epoch 4523/5000: Time Est.: Elapsed[40.28h], Remain[7.93h]
=================================================================
Epoch 4524: Train (100%)  Score: 9.6996,  Loss: -0.1888
Epoch 4524/5000: Time Est.: Elapsed[40.33h], Remain[7.92h]
=================================================================
Epoch 4525: Train (100%)  Score: 9.9412,  Loss: -0.1846
Epoch 4525/5000: Time Est.: Elapsed[40.37h], Remain[7.91h]
=================================================================
Epoch 4526: Train (100%)  Score: 10.2284,  Loss: -0.1949
Epoch 4526/5000: Time Est.: Elapsed[40.42h], Remain[7.90h]
=================================================================
Epoch 4527: Train (100%)  Score: 9.8940,  Loss: -0.1878
Epoch 4527/5000: Time Est.: Elapsed[40.47h], Remain[7.89h]
=================================================================
Epoch 4528: Train (100%)  Score: 10.3190,  Loss: -0.1879
Epoch 4528/5000: Time Est.: Elapsed[40.51h], Remain[7.88h]
=================================================================
Epoch 4529: Train (100%)  Score: 9.7301,  Loss: -0.1878
Epoch 4529/5000: Time Est.: Elapsed[40.55h], Remain[7.86h]
=================================================================
Epoch 4530: Train (100%)  Score: 9.8505,  Loss: -0.1852
Epoch 4530/5000: Time Est.: Elapsed[40.60h], Remain[7.85h]
=================================================================
Epoch 4531: Train (100%)  Score: 10.1503,  Loss: -0.1907
Epoch 4531/5000: Time Est.: Elapsed[40.65h], Remain[7.84h]
=================================================================
Epoch 4532: Train (100%)  Score: 10.8465,  Loss: -0.1959
Epoch 4532/5000: Time Est.: Elapsed[40.70h], Remain[7.83h]
=================================================================
Epoch 4533: Train (100%)  Score: 9.9949,  Loss: -0.1916
Epoch 4533/5000: Time Est.: Elapsed[40.75h], Remain[7.82h]
=================================================================
Epoch 4534: Train (100%)  Score: 10.1486,  Loss: -0.1861
Epoch 4534/5000: Time Est.: Elapsed[40.80h], Remain[7.81h]
=================================================================
Epoch 4535: Train (100%)  Score: 10.0368,  Loss: -0.1902
Epoch 4535/5000: Time Est.: Elapsed[40.85h], Remain[7.80h]
=================================================================
Epoch 4536: Train (100%)  Score: 9.7501,  Loss: -0.1890
Epoch 4536/5000: Time Est.: Elapsed[40.90h], Remain[7.79h]
=================================================================
Epoch 4537: Train (100%)  Score: 9.7816,  Loss: -0.1887
Epoch 4537/5000: Time Est.: Elapsed[40.98h], Remain[7.79h]
=================================================================
Epoch 4538: Train (100%)  Score: 9.8059,  Loss: -0.1881
Epoch 4538/5000: Time Est.: Elapsed[41.03h], Remain[7.78h]
=================================================================
Epoch 4539: Train (100%)  Score: 9.8820,  Loss: -0.1957
Epoch 4539/5000: Time Est.: Elapsed[41.08h], Remain[7.76h]
=================================================================
Epoch 4540: Train (100%)  Score: 10.2548,  Loss: -0.1920
Epoch 4540/5000: Time Est.: Elapsed[41.13h], Remain[7.75h]
=================================================================
Epoch 4541: Train (100%)  Score: 10.0026,  Loss: -0.1907
Epoch 4541/5000: Time Est.: Elapsed[41.17h], Remain[7.74h]
=================================================================
Epoch 4542: Train (100%)  Score: 10.0403,  Loss: -0.1911
Epoch 4542/5000: Time Est.: Elapsed[41.25h], Remain[7.74h]
=================================================================
Epoch 4543: Train (100%)  Score: 10.0220,  Loss: -0.1911
Epoch 4543/5000: Time Est.: Elapsed[41.38h], Remain[7.74h]
=================================================================
Epoch 4544: Train (100%)  Score: 9.6880,  Loss: -0.1880
Epoch 4544/5000: Time Est.: Elapsed[41.49h], Remain[7.74h]
=================================================================
Epoch 4545: Train (100%)  Score: 9.9832,  Loss: -0.1881
Epoch 4545/5000: Time Est.: Elapsed[41.61h], Remain[7.74h]
=================================================================
Epoch 4546: Train (100%)  Score: 9.9088,  Loss: -0.1845
Epoch 4546/5000: Time Est.: Elapsed[41.71h], Remain[7.74h]
=================================================================
Epoch 4547: Train (100%)  Score: 10.4673,  Loss: -0.1919
Epoch 4547/5000: Time Est.: Elapsed[41.79h], Remain[7.74h]
=================================================================
Epoch 4548: Train (100%)  Score: 10.0264,  Loss: -0.1901
Epoch 4548/5000: Time Est.: Elapsed[41.83h], Remain[7.72h]
=================================================================
Epoch 4549: Train (100%)  Score: 10.1547,  Loss: -0.1945
Epoch 4549/5000: Time Est.: Elapsed[41.84h], Remain[7.71h]
=================================================================
Epoch 4550: Train (100%)  Score: 9.7744,  Loss: -0.1909
Epoch 4550/5000: Time Est.: Elapsed[41.86h], Remain[7.69h]
=================================================================
Epoch 4551: Train (100%)  Score: 10.5991,  Loss: -0.1969
Epoch 4551/5000: Time Est.: Elapsed[41.88h], Remain[7.67h]
=================================================================
Epoch 4552: Train (100%)  Score: 10.0070,  Loss: -0.1915
Epoch 4552/5000: Time Est.: Elapsed[41.90h], Remain[7.66h]
=================================================================
Epoch 4553: Train (100%)  Score: 9.8678,  Loss: -0.1878
Epoch 4553/5000: Time Est.: Elapsed[41.94h], Remain[7.64h]
=================================================================
Epoch 4554: Train (100%)  Score: 9.8015,  Loss: -0.1896
Epoch 4554/5000: Time Est.: Elapsed[41.98h], Remain[7.63h]
=================================================================
Epoch 4555: Train (100%)  Score: 10.4014,  Loss: -0.1903
Epoch 4555/5000: Time Est.: Elapsed[42.02h], Remain[7.62h]
=================================================================
Epoch 4556: Train (100%)  Score: 9.9669,  Loss: -0.1914
Epoch 4556/5000: Time Est.: Elapsed[42.08h], Remain[7.61h]
=================================================================
Epoch 4557: Train (100%)  Score: 9.9085,  Loss: -0.1895
Epoch 4557/5000: Time Est.: Elapsed[42.17h], Remain[7.60h]
=================================================================
Epoch 4558: Train (100%)  Score: 10.0477,  Loss: -0.1884
Epoch 4558/5000: Time Est.: Elapsed[42.26h], Remain[7.60h]
=================================================================
Epoch 4559: Train (100%)  Score: 10.1893,  Loss: -0.1889
Epoch 4559/5000: Time Est.: Elapsed[42.34h], Remain[7.59h]
=================================================================
Epoch 4560: Train (100%)  Score: 9.7766,  Loss: -0.1884
Epoch 4560/5000: Time Est.: Elapsed[42.41h], Remain[7.59h]
=================================================================
Epoch 4561: Train (100%)  Score: 10.6631,  Loss: -0.1935
Epoch 4561/5000: Time Est.: Elapsed[42.51h], Remain[7.58h]
=================================================================
Epoch 4562: Train (100%)  Score: 10.3057,  Loss: -0.1887
Epoch 4562/5000: Time Est.: Elapsed[42.66h], Remain[7.59h]
=================================================================
Epoch 4563: Train (100%)  Score: 10.3315,  Loss: -0.1960
Epoch 4563/5000: Time Est.: Elapsed[42.86h], Remain[7.60h]
=================================================================
Epoch 4564: Train (100%)  Score: 10.1969,  Loss: -0.1890
Epoch 4564/5000: Time Est.: Elapsed[42.99h], Remain[7.61h]
=================================================================
Epoch 4565: Train (100%)  Score: 9.7871,  Loss: -0.1902
Epoch 4565/5000: Time Est.: Elapsed[43.20h], Remain[7.62h]
=================================================================
Epoch 4566: Train (100%)  Score: 9.9774,  Loss: -0.1921
Epoch 4566/5000: Time Est.: Elapsed[43.38h], Remain[7.64h]
=================================================================
Epoch 4567: Train (100%)  Score: 10.2451,  Loss: -0.1931
Epoch 4567/5000: Time Est.: Elapsed[43.57h], Remain[7.65h]
=================================================================
Epoch 4568: Train (100%)  Score: 10.2852,  Loss: -0.1946
Epoch 4568/5000: Time Est.: Elapsed[43.73h], Remain[7.65h]
=================================================================
Epoch 4569: Train (100%)  Score: 10.1730,  Loss: -0.1894
Epoch 4569/5000: Time Est.: Elapsed[43.89h], Remain[7.66h]
=================================================================
Epoch 4570: Train (100%)  Score: 10.0740,  Loss: -0.1906
Epoch 4570/5000: Time Est.: Elapsed[44.11h], Remain[7.68h]
=================================================================
Epoch 4571: Train (100%)  Score: 9.9384,  Loss: -0.1882
Epoch 4571/5000: Time Est.: Elapsed[44.28h], Remain[7.69h]
=================================================================
Epoch 4572: Train (100%)  Score: 10.0936,  Loss: -0.1902
Epoch 4572/5000: Time Est.: Elapsed[44.44h], Remain[7.70h]
=================================================================
Epoch 4573: Train (100%)  Score: 9.9718,  Loss: -0.1880
Epoch 4573/5000: Time Est.: Elapsed[44.75h], Remain[7.73h]
=================================================================
Epoch 4574: Train (100%)  Score: 10.3209,  Loss: -0.1909
Epoch 4574/5000: Time Est.: Elapsed[44.91h], Remain[7.73h]
=================================================================
Epoch 4575: Train (100%)  Score: 10.5682,  Loss: -0.1925
Epoch 4575/5000: Time Est.: Elapsed[45.02h], Remain[7.73h]
=================================================================
Epoch 4576: Train (100%)  Score: 9.7271,  Loss: -0.1853
Epoch 4576/5000: Time Est.: Elapsed[45.14h], Remain[7.73h]
=================================================================
Epoch 4577: Train (100%)  Score: 10.2577,  Loss: -0.1892
Epoch 4577/5000: Time Est.: Elapsed[45.56h], Remain[7.78h]
=================================================================
Epoch 4578: Train (100%)  Score: 10.0592,  Loss: -0.1918
Epoch 4578/5000: Time Est.: Elapsed[45.66h], Remain[7.78h]
=================================================================
Epoch 4579: Train (100%)  Score: 9.8129,  Loss: -0.1843
Epoch 4579/5000: Time Est.: Elapsed[45.76h], Remain[7.77h]
=================================================================
Epoch 4580: Train (100%)  Score: 10.2596,  Loss: -0.1923
Epoch 4580/5000: Time Est.: Elapsed[45.95h], Remain[7.78h]
=================================================================
Epoch 4581: Train (100%)  Score: 10.0453,  Loss: -0.1925
Epoch 4581/5000: Time Est.: Elapsed[46.45h], Remain[7.84h]
=================================================================
Epoch 4582: Train (100%)  Score: 10.0062,  Loss: -0.1913
Epoch 4582/5000: Time Est.: Elapsed[46.66h], Remain[7.86h]
=================================================================
Epoch 4583: Train (100%)  Score: 10.0707,  Loss: -0.1904
Epoch 4583/5000: Time Est.: Elapsed[46.80h], Remain[7.86h]
=================================================================
Epoch 4584: Train (100%)  Score: 9.7209,  Loss: -0.1894
Epoch 4584/5000: Time Est.: Elapsed[46.94h], Remain[7.86h]
=================================================================
Epoch 4585: Train (100%)  Score: 10.1479,  Loss: -0.1918
Epoch 4585/5000: Time Est.: Elapsed[47.07h], Remain[7.86h]
=================================================================
Epoch 4586: Train (100%)  Score: 9.4737,  Loss: -0.1841
Epoch 4586/5000: Time Est.: Elapsed[47.20h], Remain[7.86h]
=================================================================
Epoch 4587: Train (100%)  Score: 10.2247,  Loss: -0.1906
