nohup: ignoring input
/root/miniconda3/envs/drp/lib/python3.10/site-packages/torch/__init__.py:1264: UserWarning: torch.set_default_tensor_type() is deprecated as of PyTorch 2.1, please use torch.set_default_dtype() and torch.set_default_device() as alternatives. (Triggered internally at /pytorch/torch/csrc/tensor/python_tensor.cpp:434.)
  _C._set_default_tensor_type(t)
================================================================================
CONFIGURATION:
================================================================================
{'checkpoint': None,
 'decoder_layer_num': 1,
 'denoiser_heads': 4,
 'denoiser_layers': 2,
 'embedding_dim': 128,
 'enable_slot_diffusion': True,
 'enable_slot_reconstruction': False,
 'encoder_layer_num': 6,
 'epochs': 1000,
 'eval_type': 'argmax',
 'expert_loc': ['Enc0', 'Enc1', 'Enc2', 'Enc3', 'Enc4', 'Enc5', 'Dec'],
 'ff_hidden_dim': 512,
 'gamma': 0.1,
 'gpu_id': 1,
 'head_num': 8,
 'lambda_contrastive': 0.01,
 'lambda_diffusion': 0.1,
 'lambda_recon': 0.0,
 'log_dir': './results',
 'logit_clipping': 10,
 'lr': 0.0001,
 'max_timesteps': 1000,
 'milestones': [4501],
 'model_save_interval': 100,
 'model_type': 'SlotDiffModel',
 'no_cuda': False,
 'norm': 'instance',
 'norm_loc': 'norm_last',
 'num_experts': 4,
 'occ_gpu': 0.0,
 'pomo_size': 50,
 'problem': 'Train_ALL',
 'problem_size': 50,
 'qkv_dim': 16,
 'routing_level': 'node',
 'routing_method': 'input_choice',
 'seed': 2023,
 'slot_iter_num': 3,
 'slot_num': 4,
 'sqrt_embedding_dim': 11.313708498984761,
 'topk': 2,
 'train_batch_size': 128,
 'train_episodes': 20000,
 'validation_interval': 5000,
 'weight_decay': 1e-06}
================================================================================

>> DUAL-TASK MODE ENABLED:
   - Nhánh 1 (Policy): VRP Solver
   - Nhánh 2 (Representation): Slot Diffusion
   - Diffusion Timesteps: 1000
   - Denoiser: 2 layers, 4 heads
   - Loss Weights: λ_diffusion=0.1, λ_contrastive=0.01

>> Log Path: ./results/20251128_124803
>> No occupation needed
>> USE_CUDA: True, CUDA_DEVICE_NUM: 1

================================================================================
>> Start Train_ALL Training using SlotDiffModel Model ...
================================================================================

============================================================
LOSS CONFIGURATION:
  - RL Loss: 1.0 (base)
  - Diffusion Loss: 0.1
  - Reconstruction Loss: 0.0
  - Contrastive Loss: 0.01
============================================================
There are 2165386 (2.17 million) parameters in this neural network
=================================================================
Epoch   1: Train (100%)  Score: 14.1869,  Loss: -1.8983
Epoch   1/1000: Time Est.: Elapsed[0.94m], Remain[15.73h]
=================================================================
Epoch   2: Train (100%)  Score: 12.8096,  Loss: -1.7641
Epoch   2/1000: Time Est.: Elapsed[1.89m], Remain[15.73h]
=================================================================
Epoch   3: Train (100%)  Score: 12.0690,  Loss: -1.6947
Epoch   3/1000: Time Est.: Elapsed[2.85m], Remain[15.80h]
=================================================================
Epoch   4: Train (100%)  Score: 12.1078,  Loss: -1.6866
Epoch   4/1000: Time Est.: Elapsed[3.81m], Remain[15.82h]
=================================================================
Epoch   5: Train (100%)  Score: 12.1024,  Loss: -1.6671
Epoch   5/1000: Time Est.: Elapsed[4.79m], Remain[15.88h]
=================================================================
Epoch   6: Train (100%)  Score: 11.5759,  Loss: -1.5867
Epoch   6/1000: Time Est.: Elapsed[5.76m], Remain[15.90h]
=================================================================
Epoch   7: Train (100%)  Score: 11.8668,  Loss: -1.5310
Epoch   7/1000: Time Est.: Elapsed[6.73m], Remain[15.91h]
=================================================================
Epoch   8: Train (100%)  Score: 11.8473,  Loss: -1.4872
Epoch   8/1000: Time Est.: Elapsed[7.70m], Remain[15.91h]
=================================================================
Epoch   9: Train (100%)  Score: 11.7550,  Loss: -1.4266
Epoch   9/1000: Time Est.: Elapsed[8.67m], Remain[15.91h]
=================================================================
Epoch  10: Train (100%)  Score: 11.4444,  Loss: -1.3477
Epoch  10/1000: Time Est.: Elapsed[9.64m], Remain[15.90h]
=================================================================
Epoch  11: Train (100%)  Score: 11.7987,  Loss: -1.2869
Epoch  11/1000: Time Est.: Elapsed[10.61m], Remain[15.89h]
=================================================================
>> Invalid instances, Re-generating ...
Epoch  12: Train (100%)  Score: 11.5602,  Loss: -1.2118
Epoch  12/1000: Time Est.: Elapsed[11.57m], Remain[15.88h]
=================================================================
Epoch  13: Train (100%)  Score: 11.4579,  Loss: -1.1389
Epoch  13/1000: Time Est.: Elapsed[12.52m], Remain[15.84h]
=================================================================
Epoch  14: Train (100%)  Score: 11.3983,  Loss: -1.0691
Epoch  14/1000: Time Est.: Elapsed[13.49m], Remain[15.84h]
=================================================================
Epoch  15: Train (100%)  Score: 11.5148,  Loss: -1.0442
Epoch  15/1000: Time Est.: Elapsed[14.46m], Remain[15.82h]
=================================================================
Epoch  16: Train (100%)  Score: 11.2260,  Loss: -1.0033
Epoch  16/1000: Time Est.: Elapsed[15.43m], Remain[15.82h]
=================================================================
Epoch  17: Train (100%)  Score: 10.9340,  Loss: -0.9670
Epoch  17/1000: Time Est.: Elapsed[16.38m], Remain[15.79h]
=================================================================
Epoch  18: Train (100%)  Score: 11.5483,  Loss: -0.9447
Epoch  18/1000: Time Est.: Elapsed[17.35m], Remain[15.77h]
=================================================================
Epoch  19: Train (100%)  Score: 10.9827,  Loss: -0.8975
Epoch  19/1000: Time Est.: Elapsed[18.30m], Remain[15.75h]
=================================================================
Epoch  20: Train (100%)  Score: 10.7961,  Loss: -0.8521
Epoch  20/1000: Time Est.: Elapsed[19.25m], Remain[15.72h]
=================================================================
Epoch  21: Train (100%)  Score: 10.9533,  Loss: -0.8586
Epoch  21/1000: Time Est.: Elapsed[20.21m], Remain[15.70h]
=================================================================
Epoch  22: Train (100%)  Score: 11.1339,  Loss: -0.8437
Epoch  22/1000: Time Est.: Elapsed[21.18m], Remain[15.69h]
=================================================================
Epoch  23: Train (100%)  Score: 11.1414,  Loss: -0.8217
Epoch  23/1000: Time Est.: Elapsed[22.14m], Remain[15.67h]
=================================================================
Epoch  24: Train (100%)  Score: 10.6210,  Loss: -0.7856
Epoch  24/1000: Time Est.: Elapsed[23.10m], Remain[15.65h]
=================================================================
Epoch  25: Train (100%)  Score: 11.3436,  Loss: -0.7942
Epoch  25/1000: Time Est.: Elapsed[24.06m], Remain[15.64h]
=================================================================
Epoch  26: Train (100%)  Score: 10.8908,  Loss: -0.7937
Epoch  26/1000: Time Est.: Elapsed[25.01m], Remain[15.61h]
=================================================================
Epoch  27: Train (100%)  Score: 10.9943,  Loss: -0.7739
Epoch  27/1000: Time Est.: Elapsed[25.96m], Remain[15.59h]
=================================================================
Epoch  28: Train (100%)  Score: 10.7648,  Loss: -0.7376
Epoch  28/1000: Time Est.: Elapsed[26.91m], Remain[15.57h]
=================================================================
Epoch  29: Train (100%)  Score: 10.7333,  Loss: -0.7299
Epoch  29/1000: Time Est.: Elapsed[27.88m], Remain[15.56h]
=================================================================
Epoch  30: Train (100%)  Score: 10.9539,  Loss: -0.7556
Epoch  30/1000: Time Est.: Elapsed[28.83m], Remain[15.54h]
=================================================================
Epoch  31: Train (100%)  Score: 11.1579,  Loss: -0.7417
Epoch  31/1000: Time Est.: Elapsed[29.79m], Remain[15.52h]
=================================================================
Epoch  32: Train (100%)  Score: 11.2311,  Loss: -0.7393
Epoch  32/1000: Time Est.: Elapsed[30.75m], Remain[15.50h]
=================================================================
Epoch  33: Train (100%)  Score: 11.1278,  Loss: -0.7295
Epoch  33/1000: Time Est.: Elapsed[31.71m], Remain[15.49h]
=================================================================
Epoch  34: Train (100%)  Score: 10.4752,  Loss: -0.6984
Epoch  34/1000: Time Est.: Elapsed[32.64m], Remain[15.46h]
=================================================================
Epoch  35: Train (100%)  Score: 10.5725,  Loss: -0.6897
Epoch  35/1000: Time Est.: Elapsed[33.59m], Remain[15.44h]
=================================================================
Epoch  36: Train (100%)  Score: 10.5928,  Loss: -0.6890
Epoch  36/1000: Time Est.: Elapsed[34.54m], Remain[15.42h]
=================================================================
Epoch  37: Train (100%)  Score: 10.7480,  Loss: -0.6804
Epoch  37/1000: Time Est.: Elapsed[35.51m], Remain[15.40h]
=================================================================
Epoch  38: Train (100%)  Score: 10.6884,  Loss: -0.6860
Epoch  38/1000: Time Est.: Elapsed[36.46m], Remain[15.38h]
=================================================================
Epoch  39: Train (100%)  Score: 11.0699,  Loss: -0.6880
Epoch  39/1000: Time Est.: Elapsed[37.43m], Remain[15.37h]
=================================================================
Epoch  40: Train (100%)  Score: 11.0815,  Loss: -0.6759
Epoch  40/1000: Time Est.: Elapsed[38.39m], Remain[15.36h]
=================================================================
Epoch  41: Train (100%)  Score: 10.7796,  Loss: -0.6884
Epoch  41/1000: Time Est.: Elapsed[39.34m], Remain[15.34h]
=================================================================
Epoch  42: Train (100%)  Score: 11.0272,  Loss: -0.6752
Epoch  42/1000: Time Est.: Elapsed[40.27m], Remain[15.31h]
=================================================================
Epoch  43: Train (100%)  Score: 10.7352,  Loss: -0.6663
Epoch  43/1000: Time Est.: Elapsed[41.27m], Remain[15.31h]
=================================================================
Epoch  44: Train (100%)  Score: 10.7774,  Loss: -0.6488
Epoch  44/1000: Time Est.: Elapsed[42.23m], Remain[15.29h]
=================================================================
Epoch  45: Train (100%)  Score: 10.7049,  Loss: -0.6554
Epoch  45/1000: Time Est.: Elapsed[43.19m], Remain[15.28h]
=================================================================
Epoch  46: Train (100%)  Score: 10.6438,  Loss: -0.6481
Epoch  46/1000: Time Est.: Elapsed[44.14m], Remain[15.26h]
=================================================================
>> Invalid instances, Re-generating ...
Epoch  47: Train (100%)  Score: 10.9967,  Loss: -0.6549
Epoch  47/1000: Time Est.: Elapsed[45.10m], Remain[15.24h]
=================================================================
Epoch  48: Train (100%)  Score: 11.0540,  Loss: -0.6586
Epoch  48/1000: Time Est.: Elapsed[46.06m], Remain[15.23h]
=================================================================
Epoch  49: Train (100%)  Score: 10.5544,  Loss: -0.6388
Epoch  49/1000: Time Est.: Elapsed[47.02m], Remain[15.21h]
=================================================================
Epoch  50: Train (100%)  Score: 10.4552,  Loss: -0.6335
Epoch  50/1000: Time Est.: Elapsed[47.99m], Remain[15.20h]
=================================================================
Epoch  51: Train (100%)  Score: 10.7624,  Loss: -0.6391
Epoch  51/1000: Time Est.: Elapsed[48.95m], Remain[15.18h]
=================================================================
Epoch  52: Train (100%)  Score: 10.5333,  Loss: -0.6034
Epoch  52/1000: Time Est.: Elapsed[49.91m], Remain[15.17h]
=================================================================
Epoch  53: Train (100%)  Score: 10.6481,  Loss: -0.6325
Epoch  53/1000: Time Est.: Elapsed[50.87m], Remain[15.15h]
=================================================================
Epoch  54: Train (100%)  Score: 11.0377,  Loss: -0.6332
Epoch  54/1000: Time Est.: Elapsed[51.83m], Remain[15.13h]
=================================================================
Epoch  55: Train (100%)  Score: 10.7417,  Loss: -0.6256
Epoch  55/1000: Time Est.: Elapsed[52.75m], Remain[15.11h]
=================================================================
Epoch  56: Train (100%)  Score: 10.5865,  Loss: -0.6161
Epoch  56/1000: Time Est.: Elapsed[53.75m], Remain[15.10h]
=================================================================
Epoch  57: Train (100%)  Score: 10.8522,  Loss: -0.6202
Epoch  57/1000: Time Est.: Elapsed[54.71m], Remain[15.08h]
=================================================================
Epoch  58: Train (100%)  Score: 10.5539,  Loss: -0.6087
Epoch  58/1000: Time Est.: Elapsed[55.67m], Remain[15.07h]
=================================================================
Epoch  59: Train (100%)  Score: 10.5077,  Loss: -0.6015
Epoch  59/1000: Time Est.: Elapsed[56.60m], Remain[15.04h]
=================================================================
Epoch  60: Train (100%)  Score: 10.4633,  Loss: -0.5940
Epoch  60/1000: Time Est.: Elapsed[57.57m], Remain[15.03h]
=================================================================
Epoch  61: Train (100%)  Score: 10.2988,  Loss: -0.5911
Epoch  61/1000: Time Est.: Elapsed[57.92m], Remain[14.86h]
=================================================================
Epoch  62: Train (100%)  Score: 10.6076,  Loss: -0.5866
Epoch  62/1000: Time Est.: Elapsed[59.46m], Remain[14.99h]
=================================================================
Epoch  63: Train (100%)  Score: 10.6482,  Loss: -0.5930
Epoch  63/1000: Time Est.: Elapsed[1.01h], Remain[14.98h]
=================================================================
Epoch  64: Train (100%)  Score: 10.6159,  Loss: -0.5981
Epoch  64/1000: Time Est.: Elapsed[1.02h], Remain[14.96h]
=================================================================
Epoch  65: Train (100%)  Score: 10.8597,  Loss: -0.5935
Epoch  65/1000: Time Est.: Elapsed[1.04h], Remain[14.95h]
=================================================================
Epoch  66: Train (100%)  Score: 10.5109,  Loss: -0.6015
Epoch  66/1000: Time Est.: Elapsed[1.06h], Remain[14.93h]
=================================================================
Epoch  67: Train (100%)  Score: 10.6944,  Loss: -0.5928
Epoch  67/1000: Time Est.: Elapsed[1.07h], Remain[14.91h]
=================================================================
Epoch  68: Train (100%)  Score: 10.3370,  Loss: -0.5708
Epoch  68/1000: Time Est.: Elapsed[1.09h], Remain[14.88h]
=================================================================
Epoch  69: Train (100%)  Score: 10.8296,  Loss: -0.5902
Epoch  69/1000: Time Est.: Elapsed[1.10h], Remain[14.88h]
=================================================================
Epoch  70: Train (100%)  Score: 10.5428,  Loss: -0.5800
Epoch  70/1000: Time Est.: Elapsed[1.12h], Remain[14.86h]
=================================================================
Epoch  71: Train (100%)  Score: 10.4120,  Loss: -0.5704
Epoch  71/1000: Time Est.: Elapsed[1.13h], Remain[14.85h]
=================================================================
Epoch  72: Train (100%)  Score: 10.4736,  Loss: -0.5563
Epoch  72/1000: Time Est.: Elapsed[1.15h], Remain[14.83h]
=================================================================
Epoch  73: Train (100%)  Score: 10.8040,  Loss: -0.5669
Epoch  73/1000: Time Est.: Elapsed[1.17h], Remain[14.82h]
=================================================================
Epoch  74: Train (100%)  Score: 10.5742,  Loss: -0.5743
Epoch  74/1000: Time Est.: Elapsed[1.18h], Remain[14.80h]
=================================================================
Epoch  75: Train (100%)  Score: 10.6852,  Loss: -0.5704
Epoch  75/1000: Time Est.: Elapsed[1.20h], Remain[14.79h]
=================================================================
Epoch  76: Train (100%)  Score: 10.9442,  Loss: -0.5691
Epoch  76/1000: Time Est.: Elapsed[1.22h], Remain[14.77h]
=================================================================
Epoch  77: Train (100%)  Score: 10.5125,  Loss: -0.5579
Epoch  77/1000: Time Est.: Elapsed[1.23h], Remain[14.75h]
=================================================================
Epoch  78: Train (100%)  Score: 10.0357,  Loss: -0.5448
Epoch  78/1000: Time Est.: Elapsed[1.25h], Remain[14.74h]
=================================================================
Epoch  79: Train (100%)  Score: 10.9621,  Loss: -0.5838
Epoch  79/1000: Time Est.: Elapsed[1.26h], Remain[14.72h]
=================================================================
Epoch  80: Train (100%)  Score: 11.2921,  Loss: -0.5701
Epoch  80/1000: Time Est.: Elapsed[1.28h], Remain[14.71h]
=================================================================
Epoch  81: Train (100%)  Score: 10.4084,  Loss: -0.5463
Epoch  81/1000: Time Est.: Elapsed[1.30h], Remain[14.69h]
=================================================================
Epoch  82: Train (100%)  Score: 10.6246,  Loss: -0.5433
Epoch  82/1000: Time Est.: Elapsed[1.31h], Remain[14.68h]
=================================================================
Epoch  83: Train (100%)  Score: 10.4939,  Loss: -0.5388
Epoch  83/1000: Time Est.: Elapsed[1.33h], Remain[14.66h]
=================================================================
Epoch  84: Train (100%)  Score: 10.6250,  Loss: -0.5450
Epoch  84/1000: Time Est.: Elapsed[1.34h], Remain[14.64h]
=================================================================
Epoch  85: Train (100%)  Score: 10.8426,  Loss: -0.5462
Epoch  85/1000: Time Est.: Elapsed[1.36h], Remain[14.63h]
=================================================================
Epoch  86: Train (100%)  Score: 10.4569,  Loss: -0.5486
Epoch  86/1000: Time Est.: Elapsed[1.37h], Remain[14.61h]
=================================================================
Epoch  87: Train (100%)  Score: 10.6835,  Loss: -0.5367
Epoch  87/1000: Time Est.: Elapsed[1.39h], Remain[14.60h]
=================================================================
Epoch  88: Train (100%)  Score: 10.4753,  Loss: -0.5440
Epoch  88/1000: Time Est.: Elapsed[1.41h], Remain[14.58h]
=================================================================
Epoch  89: Train (100%)  Score: 10.7349,  Loss: -0.5498
Epoch  89/1000: Time Est.: Elapsed[1.42h], Remain[14.57h]
=================================================================
Epoch  90: Train (100%)  Score: 10.5224,  Loss: -0.5296
Epoch  90/1000: Time Est.: Elapsed[1.44h], Remain[14.55h]
=================================================================
Epoch  91: Train (100%)  Score: 10.6494,  Loss: -0.5388
Epoch  91/1000: Time Est.: Elapsed[1.46h], Remain[14.54h]
=================================================================
Epoch  92: Train (100%)  Score: 10.3255,  Loss: -0.5288
Epoch  92/1000: Time Est.: Elapsed[1.47h], Remain[14.53h]
=================================================================
Epoch  93: Train (100%)  Score: 10.5373,  Loss: -0.5409
Epoch  93/1000: Time Est.: Elapsed[1.49h], Remain[14.52h]
=================================================================
Epoch  94: Train (100%)  Score: 10.5591,  Loss: -0.5305
Epoch  94/1000: Time Est.: Elapsed[1.50h], Remain[14.50h]
=================================================================
Epoch  95: Train (100%)  Score: 10.2997,  Loss: -0.5305
Epoch  95/1000: Time Est.: Elapsed[1.52h], Remain[14.48h]
=================================================================
Epoch  96: Train (100%)  Score: 10.5597,  Loss: -0.5169
Epoch  96/1000: Time Est.: Elapsed[1.54h], Remain[14.47h]
=================================================================
Epoch  97: Train (100%)  Score: 10.3754,  Loss: -0.5236
Epoch  97/1000: Time Est.: Elapsed[1.55h], Remain[14.45h]
=================================================================
Epoch  98: Train (100%)  Score: 10.5887,  Loss: -0.5133
Epoch  98/1000: Time Est.: Elapsed[1.57h], Remain[14.43h]
=================================================================
Epoch  99: Train (100%)  Score: 10.8862,  Loss: -0.5226
Epoch  99/1000: Time Est.: Elapsed[1.58h], Remain[14.42h]
=================================================================
Epoch 100: Train (100%)  Score: 10.8046,  Loss: -0.5206
Epoch 100/1000: Time Est.: Elapsed[1.60h], Remain[14.40h]
Saving trained_model
=================================================================
Epoch 101: Train (100%)  Score: 10.7129,  Loss: -0.5214
Epoch 101/1000: Time Est.: Elapsed[1.62h], Remain[14.39h]
=================================================================
Epoch 102: Train (100%)  Score: 10.4153,  Loss: -0.5275
Epoch 102/1000: Time Est.: Elapsed[1.63h], Remain[14.37h]
=================================================================
Epoch 103: Train (100%)  Score: 10.6252,  Loss: -0.5135
Epoch 103/1000: Time Est.: Elapsed[1.65h], Remain[14.36h]
=================================================================
Epoch 104: Train (100%)  Score: 10.3601,  Loss: -0.5037
Epoch 104/1000: Time Est.: Elapsed[1.66h], Remain[14.34h]
=================================================================
Epoch 105: Train (100%)  Score: 10.5350,  Loss: -0.5180
Epoch 105/1000: Time Est.: Elapsed[1.68h], Remain[14.32h]
=================================================================
Epoch 106: Train (100%)  Score: 10.5113,  Loss: -0.5148
Epoch 106/1000: Time Est.: Elapsed[1.70h], Remain[14.31h]
=================================================================
Epoch 107: Train (100%)  Score: 10.2533,  Loss: -0.5128
Epoch 107/1000: Time Est.: Elapsed[1.71h], Remain[14.29h]
=================================================================
Epoch 108: Train (100%)  Score: 10.9620,  Loss: -0.5127
Epoch 108/1000: Time Est.: Elapsed[1.73h], Remain[14.27h]
=================================================================
Epoch 109: Train (100%)  Score: 10.4636,  Loss: -0.5094
Epoch 109/1000: Time Est.: Elapsed[1.74h], Remain[14.26h]
=================================================================
Epoch 110: Train (100%)  Score: 10.7732,  Loss: -0.5046
Epoch 110/1000: Time Est.: Elapsed[1.76h], Remain[14.24h]
=================================================================
Epoch 111: Train (100%)  Score: 10.6060,  Loss: -0.5051
Epoch 111/1000: Time Est.: Elapsed[1.78h], Remain[14.23h]
=================================================================
Epoch 112: Train (100%)  Score: 10.5812,  Loss: -0.5093
Epoch 112/1000: Time Est.: Elapsed[1.79h], Remain[14.21h]
=================================================================
Epoch 113: Train (100%)  Score: 10.3428,  Loss: -0.4983
Epoch 113/1000: Time Est.: Elapsed[1.81h], Remain[14.19h]
=================================================================
Epoch 114: Train (100%)  Score: 10.0987,  Loss: -0.4827
Epoch 114/1000: Time Est.: Elapsed[1.82h], Remain[14.18h]
=================================================================
Epoch 115: Train (100%)  Score: 10.6084,  Loss: -0.5077
Epoch 115/1000: Time Est.: Elapsed[1.84h], Remain[14.16h]
=================================================================
Epoch 116: Train (100%)  Score: 10.3781,  Loss: -0.5054
Epoch 116/1000: Time Est.: Elapsed[1.86h], Remain[14.14h]
=================================================================
Epoch 117: Train (100%)  Score: 10.2091,  Loss: -0.4868
Epoch 117/1000: Time Est.: Elapsed[1.87h], Remain[14.13h]
=================================================================
Epoch 118: Train (100%)  Score: 10.7243,  Loss: -0.4944
Epoch 118/1000: Time Est.: Elapsed[1.89h], Remain[14.11h]
=================================================================
Epoch 119: Train (100%)  Score: 10.9852,  Loss: -0.4979
Epoch 119/1000: Time Est.: Elapsed[1.90h], Remain[14.10h]
=================================================================
Epoch 120: Train (100%)  Score: 10.4387,  Loss: -0.4912
Epoch 120/1000: Time Est.: Elapsed[1.92h], Remain[14.07h]
=================================================================
Epoch 121: Train (100%)  Score: 10.7614,  Loss: -0.5012
Epoch 121/1000: Time Est.: Elapsed[1.94h], Remain[14.06h]
=================================================================
Epoch 122: Train (100%)  Score: 10.6599,  Loss: -0.5039
Epoch 122/1000: Time Est.: Elapsed[1.95h], Remain[14.05h]
=================================================================
Epoch 123: Train (100%)  Score: 10.3772,  Loss: -0.4969
Epoch 123/1000: Time Est.: Elapsed[1.97h], Remain[14.03h]
=================================================================
Epoch 124: Train (100%)  Score: 10.6621,  Loss: -0.4941
Epoch 124/1000: Time Est.: Elapsed[1.98h], Remain[14.02h]
=================================================================
Epoch 125: Train (100%)  Score: 10.7024,  Loss: -0.4925
Epoch 125/1000: Time Est.: Elapsed[2.00h], Remain[14.00h]
=================================================================
Epoch 126: Train (100%)  Score: 10.7551,  Loss: -0.4905
Epoch 126/1000: Time Est.: Elapsed[2.02h], Remain[13.98h]
=================================================================
Epoch 127: Train (100%)  Score: 10.6642,  Loss: -0.4793
Epoch 127/1000: Time Est.: Elapsed[2.03h], Remain[13.97h]
=================================================================
Epoch 128: Train (100%)  Score: 10.2508,  Loss: -0.4712
Epoch 128/1000: Time Est.: Elapsed[2.05h], Remain[13.95h]
=================================================================
Epoch 129: Train (100%)  Score: 10.3132,  Loss: -0.4805
Epoch 129/1000: Time Est.: Elapsed[2.06h], Remain[13.94h]
=================================================================
Epoch 130: Train (100%)  Score: 10.6475,  Loss: -0.4672
Epoch 130/1000: Time Est.: Elapsed[2.08h], Remain[13.92h]
=================================================================
Epoch 131: Train (100%)  Score: 10.7308,  Loss: -0.4805
Epoch 131/1000: Time Est.: Elapsed[2.10h], Remain[13.90h]
=================================================================
Epoch 132: Train (100%)  Score: 10.4276,  Loss: -0.4734
Epoch 132/1000: Time Est.: Elapsed[2.11h], Remain[13.89h]
=================================================================
Epoch 133: Train (100%)  Score: 10.7160,  Loss: -0.4820
Epoch 133/1000: Time Est.: Elapsed[2.13h], Remain[13.87h]
=================================================================
Epoch 134: Train (100%)  Score: 10.9568,  Loss: -0.4779
Epoch 134/1000: Time Est.: Elapsed[2.14h], Remain[13.86h]
=================================================================
Epoch 135: Train (100%)  Score: 10.2722,  Loss: -0.4640
Epoch 135/1000: Time Est.: Elapsed[2.16h], Remain[13.84h]
=================================================================
Epoch 136: Train (100%)  Score: 10.2073,  Loss: -0.4625
Epoch 136/1000: Time Est.: Elapsed[2.18h], Remain[13.82h]
=================================================================
Epoch 137: Train (100%)  Score: 10.2805,  Loss: -0.4716
Epoch 137/1000: Time Est.: Elapsed[2.19h], Remain[13.81h]
=================================================================
Epoch 138: Train (100%)  Score: 10.6815,  Loss: -0.4711
Epoch 138/1000: Time Est.: Elapsed[2.21h], Remain[13.79h]
=================================================================
Epoch 139: Train (100%)  Score: 10.4992,  Loss: -0.4659
Epoch 139/1000: Time Est.: Elapsed[2.22h], Remain[13.77h]
=================================================================
Epoch 140: Train (100%)  Score: 10.7153,  Loss: -0.4713
Epoch 140/1000: Time Est.: Elapsed[2.24h], Remain[13.76h]
=================================================================
Epoch 141: Train (100%)  Score: 10.3362,  Loss: -0.4706
Epoch 141/1000: Time Est.: Elapsed[2.26h], Remain[13.74h]
=================================================================
Epoch 142: Train (100%)  Score: 10.4838,  Loss: -0.4685
Epoch 142/1000: Time Est.: Elapsed[2.27h], Remain[13.72h]
=================================================================
Epoch 143: Train (100%)  Score: 9.8806,  Loss: -0.4560
Epoch 143/1000: Time Est.: Elapsed[2.29h], Remain[13.71h]
=================================================================
Epoch 144: Train (100%)  Score: 10.3160,  Loss: -0.4565
Epoch 144/1000: Time Est.: Elapsed[2.30h], Remain[13.69h]
=================================================================
Epoch 145: Train (100%)  Score: 10.3622,  Loss: -0.4612
Epoch 145/1000: Time Est.: Elapsed[2.32h], Remain[13.67h]
=================================================================
Epoch 146: Train (100%)  Score: 10.4726,  Loss: -0.4584
Epoch 146/1000: Time Est.: Elapsed[2.34h], Remain[13.66h]
=================================================================
Epoch 147: Train (100%)  Score: 10.4117,  Loss: -0.4745
Epoch 147/1000: Time Est.: Elapsed[2.35h], Remain[13.64h]
=================================================================
>> Invalid instances, Re-generating ...
Epoch 148: Train (100%)  Score: 10.7529,  Loss: -0.4683
Epoch 148/1000: Time Est.: Elapsed[2.37h], Remain[13.63h]
=================================================================
Epoch 149: Train (100%)  Score: 10.1720,  Loss: -0.4636
Epoch 149/1000: Time Est.: Elapsed[2.38h], Remain[13.61h]
=================================================================
Epoch 150: Train (100%)  Score: 10.2723,  Loss: -0.4580
Epoch 150/1000: Time Est.: Elapsed[2.40h], Remain[13.59h]
=================================================================
Epoch 151: Train (100%)  Score: 10.4708,  Loss: -0.4642
Epoch 151/1000: Time Est.: Elapsed[2.41h], Remain[13.58h]
=================================================================
Epoch 152: Train (100%)  Score: 10.1074,  Loss: -0.4687
Epoch 152/1000: Time Est.: Elapsed[2.43h], Remain[13.56h]
=================================================================
Epoch 153: Train (100%)  Score: 10.5366,  Loss: -0.4531
Epoch 153/1000: Time Est.: Elapsed[2.45h], Remain[13.55h]
=================================================================
Epoch 154: Train (100%)  Score: 10.2431,  Loss: -0.4516
Epoch 154/1000: Time Est.: Elapsed[2.46h], Remain[13.53h]
=================================================================
Epoch 155: Train (100%)  Score: 10.5949,  Loss: -0.4571
Epoch 155/1000: Time Est.: Elapsed[2.48h], Remain[13.51h]
=================================================================
Epoch 156: Train (100%)  Score: 10.7651,  Loss: -0.4601
Epoch 156/1000: Time Est.: Elapsed[2.49h], Remain[13.50h]
=================================================================
Epoch 157: Train (100%)  Score: 10.2605,  Loss: -0.4513
Epoch 157/1000: Time Est.: Elapsed[2.51h], Remain[13.48h]
=================================================================
Epoch 158: Train (100%)  Score: 10.2679,  Loss: -0.4506
Epoch 158/1000: Time Est.: Elapsed[2.53h], Remain[13.46h]
=================================================================
Epoch 159: Train (100%)  Score: 10.1323,  Loss: -0.4547
Epoch 159/1000: Time Est.: Elapsed[2.54h], Remain[13.45h]
=================================================================
Epoch 160: Train (100%)  Score: 10.6607,  Loss: -0.4627
Epoch 160/1000: Time Est.: Elapsed[2.56h], Remain[13.43h]
=================================================================
Epoch 161: Train (100%)  Score: 10.1752,  Loss: -0.4535
Epoch 161/1000: Time Est.: Elapsed[2.57h], Remain[13.41h]
=================================================================
Epoch 162: Train (100%)  Score: 10.1367,  Loss: -0.4411
Epoch 162/1000: Time Est.: Elapsed[2.59h], Remain[13.40h]
=================================================================
Epoch 163: Train (100%)  Score: 10.3003,  Loss: -0.4438
Epoch 163/1000: Time Est.: Elapsed[2.61h], Remain[13.38h]
=================================================================
Epoch 164: Train (100%)  Score: 10.4665,  Loss: -0.4477
Epoch 164/1000: Time Est.: Elapsed[2.62h], Remain[13.37h]
=================================================================
Epoch 165: Train (100%)  Score: 10.3777,  Loss: -0.4431
Epoch 165/1000: Time Est.: Elapsed[2.64h], Remain[13.35h]
=================================================================
Epoch 166: Train (100%)  Score: 10.3862,  Loss: -0.4449
Epoch 166/1000: Time Est.: Elapsed[2.65h], Remain[13.33h]
=================================================================
Epoch 167: Train (100%)  Score: 10.2835,  Loss: -0.4431
Epoch 167/1000: Time Est.: Elapsed[2.67h], Remain[13.32h]
=================================================================
Epoch 168: Train (100%)  Score: 10.7960,  Loss: -0.4481
Epoch 168/1000: Time Est.: Elapsed[2.69h], Remain[13.30h]
=================================================================
Epoch 169: Train (100%)  Score: 10.3152,  Loss: -0.4308
Epoch 169/1000: Time Est.: Elapsed[2.70h], Remain[13.28h]
=================================================================
Epoch 170: Train (100%)  Score: 10.3940,  Loss: -0.4419
Epoch 170/1000: Time Est.: Elapsed[2.72h], Remain[13.27h]
=================================================================
Epoch 171: Train (100%)  Score: 10.5512,  Loss: -0.4449
Epoch 171/1000: Time Est.: Elapsed[2.73h], Remain[13.25h]
=================================================================
Epoch 172: Train (100%)  Score: 10.4303,  Loss: -0.4384
Epoch 172/1000: Time Est.: Elapsed[2.75h], Remain[13.24h]
=================================================================
Epoch 173: Train (100%)  Score: 10.2041,  Loss: -0.4392
Epoch 173/1000: Time Est.: Elapsed[2.77h], Remain[13.22h]
=================================================================
Epoch 174: Train (100%)  Score: 10.1452,  Loss: -0.4320
Epoch 174/1000: Time Est.: Elapsed[2.78h], Remain[13.20h]
=================================================================
Epoch 175: Train (100%)  Score: 10.3886,  Loss: -0.4392
Epoch 175/1000: Time Est.: Elapsed[2.80h], Remain[13.19h]
=================================================================
Epoch 176: Train (100%)  Score: 10.2890,  Loss: -0.4262
Epoch 176/1000: Time Est.: Elapsed[2.81h], Remain[13.17h]
=================================================================
Epoch 177: Train (100%)  Score: 10.5767,  Loss: -0.4402
Epoch 177/1000: Time Est.: Elapsed[2.83h], Remain[13.15h]
=================================================================
Epoch 178: Train (100%)  Score: 10.2837,  Loss: -0.4446
Epoch 178/1000: Time Est.: Elapsed[2.85h], Remain[13.14h]
=================================================================
Epoch 179: Train (100%)  Score: 10.3607,  Loss: -0.4387
Epoch 179/1000: Time Est.: Elapsed[2.86h], Remain[13.12h]
=================================================================
Epoch 180: Train (100%)  Score: 10.1308,  Loss: -0.4275
Epoch 180/1000: Time Est.: Elapsed[2.87h], Remain[13.06h]
=================================================================
Epoch 181: Train (100%)  Score: 10.3219,  Loss: -0.4272
Epoch 181/1000: Time Est.: Elapsed[2.89h], Remain[13.09h]
=================================================================
Epoch 182: Train (100%)  Score: 10.7309,  Loss: -0.4424
Epoch 182/1000: Time Est.: Elapsed[2.91h], Remain[13.07h]
=================================================================
Epoch 183: Train (100%)  Score: 10.5814,  Loss: -0.4339
Epoch 183/1000: Time Est.: Elapsed[2.92h], Remain[13.06h]
=================================================================
Epoch 184: Train (100%)  Score: 10.1045,  Loss: -0.4294
Epoch 184/1000: Time Est.: Elapsed[2.94h], Remain[13.04h]
=================================================================
Epoch 185: Train (100%)  Score: 10.0241,  Loss: -0.4341
Epoch 185/1000: Time Est.: Elapsed[2.96h], Remain[13.03h]
=================================================================
Epoch 186: Train (100%)  Score: 10.4664,  Loss: -0.4270
Epoch 186/1000: Time Est.: Elapsed[2.97h], Remain[13.01h]
=================================================================
Epoch 187: Train (100%)  Score: 10.2079,  Loss: -0.4243
Epoch 187/1000: Time Est.: Elapsed[2.99h], Remain[12.99h]
=================================================================
Epoch 188: Train (100%)  Score: 10.4201,  Loss: -0.4276
Epoch 188/1000: Time Est.: Elapsed[3.00h], Remain[12.98h]
=================================================================
Epoch 189: Train (100%)  Score: 10.4592,  Loss: -0.4408
Epoch 189/1000: Time Est.: Elapsed[3.02h], Remain[12.96h]
=================================================================
Epoch 190: Train (100%)  Score: 10.6636,  Loss: -0.4350
Epoch 190/1000: Time Est.: Elapsed[3.04h], Remain[12.94h]
=================================================================
Epoch 191: Train (100%)  Score: 10.2606,  Loss: -0.4291
Epoch 191/1000: Time Est.: Elapsed[3.05h], Remain[12.93h]
=================================================================
Epoch 192: Train (100%)  Score: 10.4077,  Loss: -0.4283
Epoch 192/1000: Time Est.: Elapsed[3.07h], Remain[12.91h]
=================================================================
Epoch 193: Train (100%)  Score: 10.2947,  Loss: -0.4246
Epoch 193/1000: Time Est.: Elapsed[3.08h], Remain[12.89h]
=================================================================
Epoch 194: Train (100%)  Score: 10.5526,  Loss: -0.4173
Epoch 194/1000: Time Est.: Elapsed[3.10h], Remain[12.88h]
=================================================================
Epoch 195: Train (100%)  Score: 10.5282,  Loss: -0.4357
Epoch 195/1000: Time Est.: Elapsed[3.12h], Remain[12.86h]
=================================================================
Epoch 196: Train (100%)  Score: 10.4059,  Loss: -0.4290
Epoch 196/1000: Time Est.: Elapsed[3.13h], Remain[12.85h]
=================================================================
Epoch 197: Train (100%)  Score: 10.7603,  Loss: -0.4208
Epoch 197/1000: Time Est.: Elapsed[3.15h], Remain[12.83h]
=================================================================
Epoch 198: Train (100%)  Score: 10.0732,  Loss: -0.4233
Epoch 198/1000: Time Est.: Elapsed[3.16h], Remain[12.81h]
=================================================================
Epoch 199: Train (100%)  Score: 10.5484,  Loss: -0.4243
Epoch 199/1000: Time Est.: Elapsed[3.18h], Remain[12.80h]
=================================================================
Epoch 200: Train (100%)  Score: 10.4821,  Loss: -0.4235
Epoch 200/1000: Time Est.: Elapsed[3.20h], Remain[12.78h]
Saving trained_model
=================================================================
Epoch 201: Train (100%)  Score: 10.0148,  Loss: -0.4138
Epoch 201/1000: Time Est.: Elapsed[3.21h], Remain[12.77h]
=================================================================
Epoch 202: Train (100%)  Score: 10.0412,  Loss: -0.4197
Epoch 202/1000: Time Est.: Elapsed[3.23h], Remain[12.75h]
=================================================================
Epoch 203: Train (100%)  Score: 10.1845,  Loss: -0.4158
Epoch 203/1000: Time Est.: Elapsed[3.24h], Remain[12.73h]
=================================================================
Epoch 204: Train (100%)  Score: 10.9006,  Loss: -0.4265
Epoch 204/1000: Time Est.: Elapsed[3.26h], Remain[12.72h]
=================================================================
Epoch 205: Train (100%)  Score: 10.5873,  Loss: -0.4237
Epoch 205/1000: Time Est.: Elapsed[3.27h], Remain[12.70h]
=================================================================
Epoch 206: Train (100%)  Score: 10.4550,  Loss: -0.4272
Epoch 206/1000: Time Est.: Elapsed[3.29h], Remain[12.68h]
=================================================================
Epoch 207: Train (100%)  Score: 10.5200,  Loss: -0.4189
Epoch 207/1000: Time Est.: Elapsed[3.31h], Remain[12.67h]
=================================================================
Epoch 208: Train (100%)  Score: 10.4859,  Loss: -0.4291
Epoch 208/1000: Time Est.: Elapsed[3.32h], Remain[12.65h]
=================================================================
Epoch 209: Train (100%)  Score: 10.3063,  Loss: -0.4183
Epoch 209/1000: Time Est.: Elapsed[3.34h], Remain[12.64h]
=================================================================
Epoch 210: Train (100%)  Score: 10.3027,  Loss: -0.4272
Epoch 210/1000: Time Est.: Elapsed[3.35h], Remain[12.62h]
=================================================================
Epoch 211: Train (100%)  Score: 10.3609,  Loss: -0.4212
Epoch 211/1000: Time Est.: Elapsed[3.37h], Remain[12.60h]
=================================================================
Epoch 212: Train (100%)  Score: 10.7166,  Loss: -0.4224
Epoch 212/1000: Time Est.: Elapsed[3.39h], Remain[12.59h]
=================================================================
Epoch 213: Train (100%)  Score: 10.2950,  Loss: -0.4079
Epoch 213/1000: Time Est.: Elapsed[3.40h], Remain[12.57h]
=================================================================
Epoch 214: Train (100%)  Score: 10.5303,  Loss: -0.4144
Epoch 214/1000: Time Est.: Elapsed[3.42h], Remain[12.55h]
=================================================================
Epoch 215: Train (100%)  Score: 10.2906,  Loss: -0.4126
Epoch 215/1000: Time Est.: Elapsed[3.43h], Remain[12.54h]
=================================================================
Epoch 216: Train (100%)  Score: 10.2244,  Loss: -0.4180
Epoch 216/1000: Time Est.: Elapsed[3.45h], Remain[12.52h]
=================================================================
Epoch 217: Train (100%)  Score: 10.5916,  Loss: -0.4122
Epoch 217/1000: Time Est.: Elapsed[3.47h], Remain[12.50h]
=================================================================
Epoch 218: Train (100%)  Score: 10.1962,  Loss: -0.4116
Epoch 218/1000: Time Est.: Elapsed[3.48h], Remain[12.49h]
=================================================================
Epoch 219: Train (100%)  Score: 10.5967,  Loss: -0.4159
Epoch 219/1000: Time Est.: Elapsed[3.50h], Remain[12.47h]
=================================================================
Epoch 220: Train (100%)  Score: 10.2912,  Loss: -0.4170
Epoch 220/1000: Time Est.: Elapsed[3.51h], Remain[12.46h]
=================================================================
Epoch 221: Train (100%)  Score: 10.3965,  Loss: -0.4048
Epoch 221/1000: Time Est.: Elapsed[3.53h], Remain[12.44h]
=================================================================
Epoch 222: Train (100%)  Score: 10.4885,  Loss: -0.4143
Epoch 222/1000: Time Est.: Elapsed[3.55h], Remain[12.42h]
=================================================================
Epoch 223: Train (100%)  Score: 10.3200,  Loss: -0.4184
Epoch 223/1000: Time Est.: Elapsed[3.56h], Remain[12.41h]
=================================================================
Epoch 224: Train (100%)  Score: 10.3371,  Loss: -0.4052
Epoch 224/1000: Time Est.: Elapsed[3.58h], Remain[12.39h]
=================================================================
Epoch 225: Train (100%)  Score: 10.2925,  Loss: -0.4067
Epoch 225/1000: Time Est.: Elapsed[3.59h], Remain[12.37h]
=================================================================
Epoch 226: Train (100%)  Score: 10.4317,  Loss: -0.4106
Epoch 226/1000: Time Est.: Elapsed[3.61h], Remain[12.36h]
=================================================================
Epoch 227: Train (100%)  Score: 10.3153,  Loss: -0.4140
Epoch 227/1000: Time Est.: Elapsed[3.62h], Remain[12.34h]
=================================================================
Epoch 228: Train (100%)  Score: 10.2991,  Loss: -0.4056
Epoch 228/1000: Time Est.: Elapsed[3.64h], Remain[12.33h]
=================================================================
Epoch 229: Train (100%)  Score: 10.1287,  Loss: -0.4092
Epoch 229/1000: Time Est.: Elapsed[3.66h], Remain[12.31h]
=================================================================
Epoch 230: Train (100%)  Score: 10.2667,  Loss: -0.4075
Epoch 230/1000: Time Est.: Elapsed[3.67h], Remain[12.29h]
=================================================================
Epoch 231: Train (100%)  Score: 10.5063,  Loss: -0.4159
Epoch 231/1000: Time Est.: Elapsed[3.69h], Remain[12.28h]
=================================================================
Epoch 232: Train (100%)  Score: 10.6841,  Loss: -0.4171
Epoch 232/1000: Time Est.: Elapsed[3.70h], Remain[12.26h]
=================================================================
Epoch 233: Train (100%)  Score: 10.1351,  Loss: -0.4176
Epoch 233/1000: Time Est.: Elapsed[3.72h], Remain[12.25h]
=================================================================
Epoch 234: Train (100%)  Score: 10.4363,  Loss: -0.4071
Epoch 234/1000: Time Est.: Elapsed[3.73h], Remain[12.20h]
=================================================================
Epoch 235: Train (100%)  Score: 10.3447,  Loss: -0.4169
Epoch 235/1000: Time Est.: Elapsed[3.75h], Remain[12.21h]
=================================================================
Epoch 236: Train (100%)  Score: 10.8586,  Loss: -0.4067
Epoch 236/1000: Time Est.: Elapsed[3.77h], Remain[12.20h]
=================================================================
Epoch 237: Train (100%)  Score: 10.2127,  Loss: -0.4114
Epoch 237/1000: Time Est.: Elapsed[3.78h], Remain[12.18h]
=================================================================
Epoch 238: Train (100%)  Score: 10.3851,  Loss: -0.3970
Epoch 238/1000: Time Est.: Elapsed[3.80h], Remain[12.16h]
=================================================================
Epoch 239: Train (100%)  Score: 9.9345,  Loss: -0.4032
Epoch 239/1000: Time Est.: Elapsed[3.82h], Remain[12.15h]
=================================================================
Epoch 240: Train (100%)  Score: 10.3420,  Loss: -0.4026
Epoch 240/1000: Time Est.: Elapsed[3.83h], Remain[12.13h]
=================================================================
>> Invalid instances, Re-generating ...
Epoch 241: Train (100%)  Score: 10.5414,  Loss: -0.4066
Epoch 241/1000: Time Est.: Elapsed[3.85h], Remain[12.12h]
=================================================================
Epoch 242: Train (100%)  Score: 10.5250,  Loss: -0.4016
Epoch 242/1000: Time Est.: Elapsed[3.86h], Remain[12.10h]
=================================================================
Epoch 243: Train (100%)  Score: 10.2752,  Loss: -0.3933
Epoch 243/1000: Time Est.: Elapsed[3.88h], Remain[12.08h]
=================================================================
Epoch 244: Train (100%)  Score: 10.3467,  Loss: -0.4063
Epoch 244/1000: Time Est.: Elapsed[3.89h], Remain[12.07h]
=================================================================
>> Invalid instances, Re-generating ...
Epoch 245: Train (100%)  Score: 10.1883,  Loss: -0.3951
Epoch 245/1000: Time Est.: Elapsed[3.91h], Remain[12.05h]
=================================================================
Epoch 246: Train (100%)  Score: 10.8224,  Loss: -0.4061
Epoch 246/1000: Time Est.: Elapsed[3.93h], Remain[12.04h]
=================================================================
Epoch 247: Train (100%)  Score: 10.1364,  Loss: -0.3978
Epoch 247/1000: Time Est.: Elapsed[3.94h], Remain[12.02h]
=================================================================
Epoch 248: Train (100%)  Score: 10.2662,  Loss: -0.3952
Epoch 248/1000: Time Est.: Elapsed[3.96h], Remain[12.00h]
=================================================================
Epoch 249: Train (100%)  Score: 10.2851,  Loss: -0.3939
Epoch 249/1000: Time Est.: Elapsed[3.97h], Remain[11.99h]
=================================================================
>> Invalid instances, Re-generating ...
Epoch 250: Train (100%)  Score: 10.4314,  Loss: -0.4050
Epoch 250/1000: Time Est.: Elapsed[3.99h], Remain[11.97h]
=================================================================
Epoch 251: Train (100%)  Score: 10.1095,  Loss: -0.4034
Epoch 251/1000: Time Est.: Elapsed[4.01h], Remain[11.95h]
=================================================================
Epoch 252: Train (100%)  Score: 10.4260,  Loss: -0.3924
Epoch 252/1000: Time Est.: Elapsed[4.02h], Remain[11.94h]
=================================================================
Epoch 253: Train (100%)  Score: 10.3870,  Loss: -0.3969
Epoch 253/1000: Time Est.: Elapsed[4.04h], Remain[11.92h]
=================================================================
Epoch 254: Train (100%)  Score: 10.4585,  Loss: -0.3977
Epoch 254/1000: Time Est.: Elapsed[4.05h], Remain[11.91h]
=================================================================
Epoch 255: Train (100%)  Score: 10.8833,  Loss: -0.4062
Epoch 255/1000: Time Est.: Elapsed[4.07h], Remain[11.89h]
=================================================================
Epoch 256: Train (100%)  Score: 10.5990,  Loss: -0.4018
Epoch 256/1000: Time Est.: Elapsed[4.09h], Remain[11.87h]
=================================================================
Epoch 257: Train (100%)  Score: 10.1669,  Loss: -0.3885
Epoch 257/1000: Time Est.: Elapsed[4.10h], Remain[11.86h]
=================================================================
Epoch 258: Train (100%)  Score: 10.4833,  Loss: -0.3986
Epoch 258/1000: Time Est.: Elapsed[4.12h], Remain[11.84h]
=================================================================
Epoch 259: Train (100%)  Score: 10.4895,  Loss: -0.4013
Epoch 259/1000: Time Est.: Elapsed[4.13h], Remain[11.83h]
=================================================================
Epoch 260: Train (100%)  Score: 10.4854,  Loss: -0.4060
Epoch 260/1000: Time Est.: Elapsed[4.15h], Remain[11.81h]
=================================================================
Epoch 261: Train (100%)  Score: 10.3071,  Loss: -0.3958
Epoch 261/1000: Time Est.: Elapsed[4.17h], Remain[11.79h]
=================================================================
>> Invalid instances, Re-generating ...
Epoch 262: Train (100%)  Score: 10.1200,  Loss: -0.3926
Epoch 262/1000: Time Est.: Elapsed[4.18h], Remain[11.78h]
=================================================================
Epoch 263: Train (100%)  Score: 10.2922,  Loss: -0.3885
Epoch 263/1000: Time Est.: Elapsed[4.20h], Remain[11.76h]
=================================================================
Epoch 264: Train (100%)  Score: 10.5377,  Loss: -0.3964
Epoch 264/1000: Time Est.: Elapsed[4.21h], Remain[11.75h]
=================================================================
Epoch 265: Train (100%)  Score: 10.7549,  Loss: -0.3975
Epoch 265/1000: Time Est.: Elapsed[4.23h], Remain[11.73h]
=================================================================
Epoch 266: Train (100%)  Score: 9.8302,  Loss: -0.3846
Epoch 266/1000: Time Est.: Elapsed[4.24h], Remain[11.71h]
=================================================================
Epoch 267: Train (100%)  Score: 10.4090,  Loss: -0.3971
Epoch 267/1000: Time Est.: Elapsed[4.26h], Remain[11.70h]
=================================================================
Epoch 268: Train (100%)  Score: 10.3469,  Loss: -0.3885
Epoch 268/1000: Time Est.: Elapsed[4.28h], Remain[11.68h]
=================================================================
Epoch 269: Train (100%)  Score: 10.2770,  Loss: -0.3909
Epoch 269/1000: Time Est.: Elapsed[4.29h], Remain[11.67h]
=================================================================
Epoch 270: Train (100%)  Score: 10.6655,  Loss: -0.3975
Epoch 270/1000: Time Est.: Elapsed[4.31h], Remain[11.65h]
=================================================================
Epoch 271: Train (100%)  Score: 10.6238,  Loss: -0.3829
Epoch 271/1000: Time Est.: Elapsed[4.32h], Remain[11.63h]
=================================================================
Epoch 272: Train (100%)  Score: 10.4349,  Loss: -0.3926
Epoch 272/1000: Time Est.: Elapsed[4.34h], Remain[11.62h]
=================================================================
Epoch 273: Train (100%)  Score: 9.9903,  Loss: -0.3887
Epoch 273/1000: Time Est.: Elapsed[4.36h], Remain[11.60h]
=================================================================
Epoch 274: Train (100%)  Score: 10.2659,  Loss: -0.3890
Epoch 274/1000: Time Est.: Elapsed[4.37h], Remain[11.59h]
=================================================================
Epoch 275: Train (100%)  Score: 10.2123,  Loss: -0.3894
Epoch 275/1000: Time Est.: Elapsed[4.39h], Remain[11.57h]
=================================================================
Epoch 276: Train (100%)  Score: 10.4283,  Loss: -0.3910
Epoch 276/1000: Time Est.: Elapsed[4.40h], Remain[11.55h]
=================================================================
Epoch 277: Train (100%)  Score: 10.5028,  Loss: -0.3936
Epoch 277/1000: Time Est.: Elapsed[4.42h], Remain[11.54h]
=================================================================
Epoch 278: Train (100%)  Score: 10.5563,  Loss: -0.3985
Epoch 278/1000: Time Est.: Elapsed[4.44h], Remain[11.52h]
=================================================================
Epoch 279: Train (100%)  Score: 10.1545,  Loss: -0.3808
Epoch 279/1000: Time Est.: Elapsed[4.45h], Remain[11.50h]
=================================================================
Epoch 280: Train (100%)  Score: 10.0186,  Loss: -0.3944
Epoch 280/1000: Time Est.: Elapsed[4.47h], Remain[11.49h]
=================================================================
Epoch 281: Train (100%)  Score: 10.3206,  Loss: -0.3750
Epoch 281/1000: Time Est.: Elapsed[4.48h], Remain[11.47h]
=================================================================
Epoch 282: Train (100%)  Score: 10.4223,  Loss: -0.3884
Epoch 282/1000: Time Est.: Elapsed[4.50h], Remain[11.46h]
=================================================================
Epoch 283: Train (100%)  Score: 10.4540,  Loss: -0.3917
Epoch 283/1000: Time Est.: Elapsed[4.51h], Remain[11.44h]
=================================================================
Epoch 284: Train (100%)  Score: 10.3673,  Loss: -0.3871
Epoch 284/1000: Time Est.: Elapsed[4.53h], Remain[11.42h]
=================================================================
Epoch 285: Train (100%)  Score: 10.0283,  Loss: -0.3880
Epoch 285/1000: Time Est.: Elapsed[4.55h], Remain[11.41h]
=================================================================
Epoch 286: Train (100%)  Score: 10.1776,  Loss: -0.3789
Epoch 286/1000: Time Est.: Elapsed[4.56h], Remain[11.39h]
=================================================================
Epoch 287: Train (100%)  Score: 10.6219,  Loss: -0.3865
Epoch 287/1000: Time Est.: Elapsed[4.58h], Remain[11.37h]
=================================================================
Epoch 288: Train (100%)  Score: 10.6681,  Loss: -0.3886
Epoch 288/1000: Time Est.: Elapsed[4.59h], Remain[11.36h]
=================================================================
Epoch 289: Train (100%)  Score: 10.3311,  Loss: -0.3779
Epoch 289/1000: Time Est.: Elapsed[4.61h], Remain[11.34h]
=================================================================
Epoch 290: Train (100%)  Score: 10.2763,  Loss: -0.3839
Epoch 290/1000: Time Est.: Elapsed[4.63h], Remain[11.33h]
=================================================================
Epoch 291: Train (100%)  Score: 10.5149,  Loss: -0.3814
Epoch 291/1000: Time Est.: Elapsed[4.64h], Remain[11.31h]
=================================================================
Epoch 292: Train (100%)  Score: 10.0064,  Loss: -0.3854
Epoch 292/1000: Time Est.: Elapsed[4.66h], Remain[11.29h]
=================================================================
Epoch 293: Train (100%)  Score: 10.5916,  Loss: -0.3870
Epoch 293/1000: Time Est.: Elapsed[4.67h], Remain[11.28h]
=================================================================
Epoch 294: Train (100%)  Score: 10.1939,  Loss: -0.3812
Epoch 294/1000: Time Est.: Elapsed[4.69h], Remain[11.26h]
=================================================================
Epoch 295: Train (100%)  Score: 9.9384,  Loss: -0.3794
Epoch 295/1000: Time Est.: Elapsed[4.71h], Remain[11.25h]
=================================================================
Epoch 296: Train (100%)  Score: 10.4495,  Loss: -0.3865
Epoch 296/1000: Time Est.: Elapsed[4.72h], Remain[11.23h]
=================================================================
Epoch 297: Train (100%)  Score: 10.0948,  Loss: -0.3762
Epoch 297/1000: Time Est.: Elapsed[4.74h], Remain[11.21h]
=================================================================
Epoch 298: Train (100%)  Score: 10.4305,  Loss: -0.3856
Epoch 298/1000: Time Est.: Elapsed[4.75h], Remain[11.20h]
=================================================================
Epoch 299: Train (100%)  Score: 11.1466,  Loss: -0.3897
Epoch 299/1000: Time Est.: Elapsed[4.77h], Remain[11.18h]
=================================================================
Epoch 300: Train (100%)  Score: 10.6987,  Loss: -0.3850
Epoch 300/1000: Time Est.: Elapsed[4.79h], Remain[11.17h]
Saving trained_model
=================================================================
Epoch 301: Train (100%)  Score: 10.0410,  Loss: -0.3710
Epoch 301/1000: Time Est.: Elapsed[4.80h], Remain[11.15h]
=================================================================
Epoch 302: Train (100%)  Score: 10.0368,  Loss: -0.3810
Epoch 302/1000: Time Est.: Elapsed[4.82h], Remain[11.13h]
=================================================================
Epoch 303: Train (100%)  Score: 10.3623,  Loss: -0.3829
Epoch 303/1000: Time Est.: Elapsed[4.83h], Remain[11.12h]
=================================================================
Epoch 304: Train (100%)  Score: 10.3290,  Loss: -0.3758
Epoch 304/1000: Time Est.: Elapsed[4.85h], Remain[11.10h]
=================================================================
Epoch 305: Train (100%)  Score: 10.6217,  Loss: -0.3781
Epoch 305/1000: Time Est.: Elapsed[4.87h], Remain[11.09h]
=================================================================
Epoch 306: Train (100%)  Score: 10.1406,  Loss: -0.3787
Epoch 306/1000: Time Est.: Elapsed[4.88h], Remain[11.07h]
=================================================================
Epoch 307: Train (100%)  Score: 10.4813,  Loss: -0.3862
Epoch 307/1000: Time Est.: Elapsed[4.90h], Remain[11.05h]
=================================================================
Epoch 308: Train (100%)  Score: 10.3386,  Loss: -0.3738
Epoch 308/1000: Time Est.: Elapsed[4.91h], Remain[11.04h]
=================================================================
Epoch 309: Train (100%)  Score: 9.9628,  Loss: -0.3730
Epoch 309/1000: Time Est.: Elapsed[4.93h], Remain[11.02h]
=================================================================
Epoch 310: Train (100%)  Score: 9.8059,  Loss: -0.3726
Epoch 310/1000: Time Est.: Elapsed[4.94h], Remain[11.01h]
=================================================================
Epoch 311: Train (100%)  Score: 10.7436,  Loss: -0.3929
Epoch 311/1000: Time Est.: Elapsed[4.96h], Remain[10.99h]
=================================================================
Epoch 312: Train (100%)  Score: 10.2996,  Loss: -0.3796
Epoch 312/1000: Time Est.: Elapsed[4.98h], Remain[10.97h]
=================================================================
Epoch 313: Train (100%)  Score: 10.1274,  Loss: -0.3778
Epoch 313/1000: Time Est.: Elapsed[4.99h], Remain[10.96h]
=================================================================
Epoch 314: Train (100%)  Score: 10.3138,  Loss: -0.3791
Epoch 314/1000: Time Est.: Elapsed[5.01h], Remain[10.94h]
=================================================================
Epoch 315: Train (100%)  Score: 10.2346,  Loss: -0.3759
Epoch 315/1000: Time Est.: Elapsed[5.02h], Remain[10.93h]
=================================================================
Epoch 316: Train (100%)  Score: 10.1680,  Loss: -0.3806
Epoch 316/1000: Time Est.: Elapsed[5.04h], Remain[10.91h]
=================================================================
Epoch 317: Train (100%)  Score: 10.0594,  Loss: -0.3803
Epoch 317/1000: Time Est.: Elapsed[5.06h], Remain[10.89h]
=================================================================
Epoch 318: Train (100%)  Score: 10.2537,  Loss: -0.3746
Epoch 318/1000: Time Est.: Elapsed[5.07h], Remain[10.88h]
=================================================================
Epoch 319: Train (100%)  Score: 10.3029,  Loss: -0.3798
Epoch 319/1000: Time Est.: Elapsed[5.09h], Remain[10.86h]
=================================================================
Epoch 320: Train (100%)  Score: 10.3612,  Loss: -0.3664
Epoch 320/1000: Time Est.: Elapsed[5.10h], Remain[10.85h]
=================================================================
Epoch 321: Train (100%)  Score: 10.4769,  Loss: -0.3772
Epoch 321/1000: Time Est.: Elapsed[5.12h], Remain[10.83h]
=================================================================
Epoch 322: Train (100%)  Score: 9.9652,  Loss: -0.3714
Epoch 322/1000: Time Est.: Elapsed[5.14h], Remain[10.81h]
=================================================================
Epoch 323: Train (100%)  Score: 10.3176,  Loss: -0.3786
Epoch 323/1000: Time Est.: Elapsed[5.15h], Remain[10.80h]
=================================================================
Epoch 324: Train (100%)  Score: 10.0274,  Loss: -0.3765
Epoch 324/1000: Time Est.: Elapsed[5.17h], Remain[10.78h]
=================================================================
Epoch 325: Train (100%)  Score: 10.2333,  Loss: -0.3814
Epoch 325/1000: Time Est.: Elapsed[5.18h], Remain[10.77h]
=================================================================
Epoch 326: Train (100%)  Score: 10.0903,  Loss: -0.3686
Epoch 326/1000: Time Est.: Elapsed[5.20h], Remain[10.75h]
=================================================================
Epoch 327: Train (100%)  Score: 10.6940,  Loss: -0.3727
Epoch 327/1000: Time Est.: Elapsed[5.22h], Remain[10.73h]
=================================================================
Epoch 328: Train (100%)  Score: 10.0457,  Loss: -0.3641
Epoch 328/1000: Time Est.: Elapsed[5.23h], Remain[10.72h]
=================================================================
Epoch 329: Train (100%)  Score: 9.9722,  Loss: -0.3725
Epoch 329/1000: Time Est.: Elapsed[5.25h], Remain[10.70h]
=================================================================
Epoch 330: Train (100%)  Score: 10.4439,  Loss: -0.3860
Epoch 330/1000: Time Est.: Elapsed[5.26h], Remain[10.68h]
=================================================================
Epoch 331: Train (100%)  Score: 10.3109,  Loss: -0.3756
Epoch 331/1000: Time Est.: Elapsed[5.28h], Remain[10.67h]
=================================================================
Epoch 332: Train (100%)  Score: 10.1732,  Loss: -0.3716
Epoch 332/1000: Time Est.: Elapsed[5.29h], Remain[10.65h]
=================================================================
Epoch 333: Train (100%)  Score: 10.5099,  Loss: -0.3724
Epoch 333/1000: Time Est.: Elapsed[5.31h], Remain[10.64h]
=================================================================
Epoch 334: Train (100%)  Score: 10.4832,  Loss: -0.3638
Epoch 334/1000: Time Est.: Elapsed[5.33h], Remain[10.62h]
=================================================================
Epoch 335: Train (100%)  Score: 10.1300,  Loss: -0.3696
Epoch 335/1000: Time Est.: Elapsed[5.34h], Remain[10.61h]
=================================================================
Epoch 336: Train (100%)  Score: 10.2402,  Loss: -0.3633
Epoch 336/1000: Time Est.: Elapsed[5.35h], Remain[10.57h]
=================================================================
Epoch 337: Train (100%)  Score: 10.3694,  Loss: -0.3734
Epoch 337/1000: Time Est.: Elapsed[5.37h], Remain[10.57h]
=================================================================
Epoch 338: Train (100%)  Score: 10.4690,  Loss: -0.3647
Epoch 338/1000: Time Est.: Elapsed[5.39h], Remain[10.56h]
=================================================================
Epoch 339: Train (100%)  Score: 10.1836,  Loss: -0.3682
Epoch 339/1000: Time Est.: Elapsed[5.41h], Remain[10.54h]
=================================================================
>> Invalid instances, Re-generating ...
Epoch 340: Train (100%)  Score: 10.4084,  Loss: -0.3728
Epoch 340/1000: Time Est.: Elapsed[5.42h], Remain[10.53h]
=================================================================
Epoch 341: Train (100%)  Score: 10.0394,  Loss: -0.3669
Epoch 341/1000: Time Est.: Elapsed[5.44h], Remain[10.51h]
=================================================================
Epoch 342: Train (100%)  Score: 10.0922,  Loss: -0.3687
Epoch 342/1000: Time Est.: Elapsed[5.45h], Remain[10.49h]
=================================================================
Epoch 343: Train (100%)  Score: 10.6808,  Loss: -0.3833
Epoch 343/1000: Time Est.: Elapsed[5.47h], Remain[10.48h]
=================================================================
Epoch 344: Train (100%)  Score: 10.1381,  Loss: -0.3661
Epoch 344/1000: Time Est.: Elapsed[5.49h], Remain[10.46h]
=================================================================
Epoch 345: Train (100%)  Score: 10.3463,  Loss: -0.3738
Epoch 345/1000: Time Est.: Elapsed[5.50h], Remain[10.45h]
=================================================================
Epoch 346: Train (100%)  Score: 10.1940,  Loss: -0.3717
Epoch 346/1000: Time Est.: Elapsed[5.52h], Remain[10.43h]
=================================================================
Epoch 347: Train (100%)  Score: 10.3157,  Loss: -0.3713
Epoch 347/1000: Time Est.: Elapsed[5.53h], Remain[10.41h]
=================================================================
Epoch 348: Train (100%)  Score: 10.1993,  Loss: -0.3673
Epoch 348/1000: Time Est.: Elapsed[5.55h], Remain[10.40h]
=================================================================
Epoch 349: Train (100%)  Score: 10.6301,  Loss: -0.3842
Epoch 349/1000: Time Est.: Elapsed[5.56h], Remain[10.38h]
=================================================================
Epoch 350: Train (100%)  Score: 10.6219,  Loss: -0.3697
Epoch 350/1000: Time Est.: Elapsed[5.58h], Remain[10.37h]
=================================================================
Epoch 351: Train (100%)  Score: 10.3059,  Loss: -0.3740
Epoch 351/1000: Time Est.: Elapsed[5.60h], Remain[10.35h]
=================================================================
Epoch 352: Train (100%)  Score: 10.5573,  Loss: -0.3716
Epoch 352/1000: Time Est.: Elapsed[5.61h], Remain[10.33h]
=================================================================
Epoch 353: Train (100%)  Score: 10.1493,  Loss: -0.3692
Epoch 353/1000: Time Est.: Elapsed[5.63h], Remain[10.32h]
=================================================================
Epoch 354: Train (100%)  Score: 10.0301,  Loss: -0.3642
Epoch 354/1000: Time Est.: Elapsed[5.64h], Remain[10.30h]
=================================================================
Epoch 355: Train (100%)  Score: 10.4422,  Loss: -0.3662
Epoch 355/1000: Time Est.: Elapsed[5.66h], Remain[10.29h]
=================================================================
Epoch 356: Train (100%)  Score: 9.8878,  Loss: -0.3592
Epoch 356/1000: Time Est.: Elapsed[5.68h], Remain[10.27h]
=================================================================
Epoch 357: Train (100%)  Score: 10.3291,  Loss: -0.3730
Epoch 357/1000: Time Est.: Elapsed[5.69h], Remain[10.25h]
=================================================================
Epoch 358: Train (100%)  Score: 10.6302,  Loss: -0.3738
Epoch 358/1000: Time Est.: Elapsed[5.71h], Remain[10.24h]
=================================================================
Epoch 359: Train (100%)  Score: 10.2984,  Loss: -0.3704
Epoch 359/1000: Time Est.: Elapsed[5.72h], Remain[10.22h]
=================================================================
Epoch 360: Train (100%)  Score: 10.2528,  Loss: -0.3695
Epoch 360/1000: Time Est.: Elapsed[5.74h], Remain[10.20h]
=================================================================
Epoch 361: Train (100%)  Score: 10.1250,  Loss: -0.3574
Epoch 361/1000: Time Est.: Elapsed[5.76h], Remain[10.19h]
=================================================================
Epoch 362: Train (100%)  Score: 10.1484,  Loss: -0.3630
Epoch 362/1000: Time Est.: Elapsed[5.77h], Remain[10.17h]
=================================================================
Epoch 363: Train (100%)  Score: 10.0905,  Loss: -0.3556
Epoch 363/1000: Time Est.: Elapsed[5.79h], Remain[10.16h]
=================================================================
Epoch 364: Train (100%)  Score: 10.0714,  Loss: -0.3657
Epoch 364/1000: Time Est.: Elapsed[5.80h], Remain[10.14h]
=================================================================
Epoch 365: Train (100%)  Score: 10.5904,  Loss: -0.3724
Epoch 365/1000: Time Est.: Elapsed[5.82h], Remain[10.12h]
=================================================================
Epoch 366: Train (100%)  Score: 10.4081,  Loss: -0.3629
Epoch 366/1000: Time Est.: Elapsed[5.84h], Remain[10.11h]
=================================================================
Epoch 367: Train (100%)  Score: 10.3345,  Loss: -0.3620
Epoch 367/1000: Time Est.: Elapsed[5.85h], Remain[10.09h]
=================================================================
Epoch 368: Train (100%)  Score: 10.0412,  Loss: -0.3598
Epoch 368/1000: Time Est.: Elapsed[5.87h], Remain[10.08h]
=================================================================
Epoch 369: Train (100%)  Score: 9.9070,  Loss: -0.3582
Epoch 369/1000: Time Est.: Elapsed[5.88h], Remain[10.06h]
=================================================================
Epoch 370: Train (100%)  Score: 10.3096,  Loss: -0.3692
Epoch 370/1000: Time Est.: Elapsed[5.90h], Remain[10.04h]
=================================================================
Epoch 371: Train (100%)  Score: 10.5729,  Loss: -0.3697
Epoch 371/1000: Time Est.: Elapsed[5.91h], Remain[10.03h]
=================================================================
Epoch 372: Train (100%)  Score: 9.9663,  Loss: -0.3562
Epoch 372/1000: Time Est.: Elapsed[5.93h], Remain[10.01h]
=================================================================
Epoch 373: Train (100%)  Score: 10.3727,  Loss: -0.3562
Epoch 373/1000: Time Est.: Elapsed[5.95h], Remain[10.00h]
=================================================================
Epoch 374: Train (100%)  Score: 10.4231,  Loss: -0.3662
Epoch 374/1000: Time Est.: Elapsed[5.96h], Remain[9.98h]
=================================================================
Epoch 375: Train (100%)  Score: 10.5389,  Loss: -0.3731
Epoch 375/1000: Time Est.: Elapsed[5.98h], Remain[9.96h]
=================================================================
Epoch 376: Train (100%)  Score: 10.1975,  Loss: -0.3632
Epoch 376/1000: Time Est.: Elapsed[5.99h], Remain[9.95h]
=================================================================
Epoch 377: Train (100%)  Score: 10.3747,  Loss: -0.3674
Epoch 377/1000: Time Est.: Elapsed[6.01h], Remain[9.93h]
=================================================================
Epoch 378: Train (100%)  Score: 10.0913,  Loss: -0.3650
Epoch 378/1000: Time Est.: Elapsed[6.03h], Remain[9.92h]
=================================================================
Epoch 379: Train (100%)  Score: 10.3132,  Loss: -0.3578
Epoch 379/1000: Time Est.: Elapsed[6.04h], Remain[9.90h]
=================================================================
Epoch 380: Train (100%)  Score: 10.2560,  Loss: -0.3621
Epoch 380/1000: Time Est.: Elapsed[6.06h], Remain[9.88h]
=================================================================
Epoch 381: Train (100%)  Score: 10.2065,  Loss: -0.3641
Epoch 381/1000: Time Est.: Elapsed[6.07h], Remain[9.87h]
=================================================================
Epoch 382: Train (100%)  Score: 10.5295,  Loss: -0.3695
Epoch 382/1000: Time Est.: Elapsed[6.09h], Remain[9.85h]
=================================================================
Epoch 383: Train (100%)  Score: 10.5952,  Loss: -0.3692
Epoch 383/1000: Time Est.: Elapsed[6.11h], Remain[9.84h]
=================================================================
Epoch 384: Train (100%)  Score: 10.1052,  Loss: -0.3529
Epoch 384/1000: Time Est.: Elapsed[6.12h], Remain[9.82h]
=================================================================
Epoch 385: Train (100%)  Score: 10.2660,  Loss: -0.3573
Epoch 385/1000: Time Est.: Elapsed[6.14h], Remain[9.80h]
=================================================================
Epoch 386: Train (100%)  Score: 10.0763,  Loss: -0.3613
Epoch 386/1000: Time Est.: Elapsed[6.15h], Remain[9.79h]
=================================================================
Epoch 387: Train (100%)  Score: 9.9768,  Loss: -0.3564
Epoch 387/1000: Time Est.: Elapsed[6.17h], Remain[9.77h]
=================================================================
Epoch 388: Train (100%)  Score: 10.3633,  Loss: -0.3570
Epoch 388/1000: Time Est.: Elapsed[6.18h], Remain[9.75h]
=================================================================
Epoch 389: Train (100%)  Score: 10.0615,  Loss: -0.3645
Epoch 389/1000: Time Est.: Elapsed[6.20h], Remain[9.74h]
=================================================================
Epoch 390: Train (100%)  Score: 9.8978,  Loss: -0.3494
Epoch 390/1000: Time Est.: Elapsed[6.22h], Remain[9.72h]
=================================================================
Epoch 391: Train (100%)  Score: 10.0102,  Loss: -0.3656
Epoch 391/1000: Time Est.: Elapsed[6.23h], Remain[9.71h]
=================================================================
Epoch 392: Train (100%)  Score: 10.4593,  Loss: -0.3674
Epoch 392/1000: Time Est.: Elapsed[6.25h], Remain[9.69h]
=================================================================
Epoch 393: Train (100%)  Score: 10.4871,  Loss: -0.3661
Epoch 393/1000: Time Est.: Elapsed[6.26h], Remain[9.67h]
=================================================================
Epoch 394: Train (100%)  Score: 10.1690,  Loss: -0.3581
Epoch 394/1000: Time Est.: Elapsed[6.28h], Remain[9.66h]
=================================================================
Epoch 395: Train (100%)  Score: 10.2050,  Loss: -0.3602
Epoch 395/1000: Time Est.: Elapsed[6.30h], Remain[9.64h]
=================================================================
Epoch 396: Train (100%)  Score: 10.1726,  Loss: -0.3565
Epoch 396/1000: Time Est.: Elapsed[6.31h], Remain[9.63h]
=================================================================
Epoch 397: Train (100%)  Score: 10.4331,  Loss: -0.3614
Epoch 397/1000: Time Est.: Elapsed[6.33h], Remain[9.61h]
=================================================================
Epoch 398: Train (100%)  Score: 10.4053,  Loss: -0.3596
Epoch 398/1000: Time Est.: Elapsed[6.34h], Remain[9.59h]
=================================================================
Epoch 399: Train (100%)  Score: 10.0476,  Loss: -0.3528
Epoch 399/1000: Time Est.: Elapsed[6.36h], Remain[9.58h]
=================================================================
Epoch 400: Train (100%)  Score: 10.1163,  Loss: -0.3613
Epoch 400/1000: Time Est.: Elapsed[6.37h], Remain[9.56h]
Saving trained_model
=================================================================
Epoch 401: Train (100%)  Score: 10.1698,  Loss: -0.3550
Epoch 401/1000: Time Est.: Elapsed[6.39h], Remain[9.55h]
=================================================================
Epoch 402: Train (100%)  Score: 10.1204,  Loss: -0.3573
Epoch 402/1000: Time Est.: Elapsed[6.41h], Remain[9.53h]
=================================================================
Epoch 403: Train (100%)  Score: 10.1448,  Loss: -0.3550
Epoch 403/1000: Time Est.: Elapsed[6.42h], Remain[9.51h]
=================================================================
Epoch 404: Train (100%)  Score: 10.1590,  Loss: -0.3588
Epoch 404/1000: Time Est.: Elapsed[6.44h], Remain[9.50h]
=================================================================
Epoch 405: Train (100%)  Score: 10.4910,  Loss: -0.3675
Epoch 405/1000: Time Est.: Elapsed[6.45h], Remain[9.48h]
=================================================================
Epoch 406: Train (100%)  Score: 10.6869,  Loss: -0.3596
Epoch 406/1000: Time Est.: Elapsed[6.47h], Remain[9.47h]
=================================================================
Epoch 407: Train (100%)  Score: 10.5312,  Loss: -0.3608
Epoch 407/1000: Time Est.: Elapsed[6.49h], Remain[9.45h]
=================================================================
Epoch 408: Train (100%)  Score: 10.3391,  Loss: -0.3552
Epoch 408/1000: Time Est.: Elapsed[6.50h], Remain[9.43h]
=================================================================
Epoch 409: Train (100%)  Score: 10.2952,  Loss: -0.3596
Epoch 409/1000: Time Est.: Elapsed[6.52h], Remain[9.42h]
=================================================================
Epoch 410: Train (100%)  Score: 9.8982,  Loss: -0.3567
Epoch 410/1000: Time Est.: Elapsed[6.53h], Remain[9.40h]
=================================================================
Epoch 411: Train (100%)  Score: 10.1331,  Loss: -0.3626
Epoch 411/1000: Time Est.: Elapsed[6.55h], Remain[9.39h]
=================================================================
Epoch 412: Train (100%)  Score: 10.1848,  Loss: -0.3527
Epoch 412/1000: Time Est.: Elapsed[6.57h], Remain[9.37h]
=================================================================
Epoch 413: Train (100%)  Score: 10.2528,  Loss: -0.3590
Epoch 413/1000: Time Est.: Elapsed[6.58h], Remain[9.35h]
=================================================================
Epoch 414: Train (100%)  Score: 10.4599,  Loss: -0.3574
Epoch 414/1000: Time Est.: Elapsed[6.60h], Remain[9.34h]
=================================================================
Epoch 415: Train (100%)  Score: 10.2627,  Loss: -0.3563
Epoch 415/1000: Time Est.: Elapsed[6.61h], Remain[9.32h]
=================================================================
Epoch 416: Train (100%)  Score: 10.2827,  Loss: -0.3549
Epoch 416/1000: Time Est.: Elapsed[6.63h], Remain[9.31h]
=================================================================
Epoch 417: Train (100%)  Score: 10.4088,  Loss: -0.3563
Epoch 417/1000: Time Est.: Elapsed[6.64h], Remain[9.29h]
=================================================================
Epoch 418: Train (100%)  Score: 10.2867,  Loss: -0.3631
Epoch 418/1000: Time Est.: Elapsed[6.66h], Remain[9.27h]
=================================================================
Epoch 419: Train (100%)  Score: 9.9169,  Loss: -0.3414
Epoch 419/1000: Time Est.: Elapsed[6.68h], Remain[9.26h]
=================================================================
Epoch 420: Train (100%)  Score: 10.2322,  Loss: -0.3504
Epoch 420/1000: Time Est.: Elapsed[6.68h], Remain[9.23h]
=================================================================
Epoch 421: Train (100%)  Score: 10.5047,  Loss: -0.3581
Epoch 421/1000: Time Est.: Elapsed[6.71h], Remain[9.23h]
=================================================================
Epoch 422: Train (100%)  Score: 10.1157,  Loss: -0.3550
Epoch 422/1000: Time Est.: Elapsed[6.72h], Remain[9.21h]
=================================================================
Epoch 423: Train (100%)  Score: 10.0009,  Loss: -0.3574
Epoch 423/1000: Time Est.: Elapsed[6.74h], Remain[9.19h]
=================================================================
Epoch 424: Train (100%)  Score: 10.4407,  Loss: -0.3584
Epoch 424/1000: Time Est.: Elapsed[6.76h], Remain[9.18h]
=================================================================
Epoch 425: Train (100%)  Score: 10.3204,  Loss: -0.3564
Epoch 425/1000: Time Est.: Elapsed[6.77h], Remain[9.16h]
=================================================================
Epoch 426: Train (100%)  Score: 10.2528,  Loss: -0.3453
Epoch 426/1000: Time Est.: Elapsed[6.79h], Remain[9.15h]
=================================================================
Epoch 427: Train (100%)  Score: 9.8995,  Loss: -0.3542
Epoch 427/1000: Time Est.: Elapsed[6.80h], Remain[9.13h]
=================================================================
Epoch 428: Train (100%)  Score: 10.7134,  Loss: -0.3591
Epoch 428/1000: Time Est.: Elapsed[6.82h], Remain[9.11h]
=================================================================
Epoch 429: Train (100%)  Score: 10.1063,  Loss: -0.3586
Epoch 429/1000: Time Est.: Elapsed[6.83h], Remain[9.10h]
=================================================================
Epoch 430: Train (100%)  Score: 10.1892,  Loss: -0.3492
Epoch 430/1000: Time Est.: Elapsed[6.85h], Remain[9.08h]
=================================================================
Epoch 431: Train (100%)  Score: 10.3158,  Loss: -0.3534
Epoch 431/1000: Time Est.: Elapsed[6.87h], Remain[9.07h]
=================================================================
Epoch 432: Train (100%)  Score: 10.0524,  Loss: -0.3517
Epoch 432/1000: Time Est.: Elapsed[6.88h], Remain[9.05h]
=================================================================
Epoch 433: Train (100%)  Score: 10.2053,  Loss: -0.3516
Epoch 433/1000: Time Est.: Elapsed[6.90h], Remain[9.03h]
=================================================================
Epoch 434: Train (100%)  Score: 10.3808,  Loss: -0.3529
Epoch 434/1000: Time Est.: Elapsed[6.91h], Remain[9.02h]
=================================================================
Epoch 435: Train (100%)  Score: 10.1925,  Loss: -0.3481
Epoch 435/1000: Time Est.: Elapsed[6.93h], Remain[9.00h]
=================================================================
Epoch 436: Train (100%)  Score: 10.3437,  Loss: -0.3523
Epoch 436/1000: Time Est.: Elapsed[6.95h], Remain[8.99h]
=================================================================
Epoch 437: Train (100%)  Score: 10.1477,  Loss: -0.3410
Epoch 437/1000: Time Est.: Elapsed[6.96h], Remain[8.97h]
=================================================================
Epoch 438: Train (100%)  Score: 10.0545,  Loss: -0.3413
Epoch 438/1000: Time Est.: Elapsed[6.98h], Remain[8.95h]
=================================================================
Epoch 439: Train (100%)  Score: 10.0209,  Loss: -0.3553
Epoch 439/1000: Time Est.: Elapsed[6.99h], Remain[8.94h]
=================================================================
Epoch 440: Train (100%)  Score: 10.8747,  Loss: -0.3620
Epoch 440/1000: Time Est.: Elapsed[7.01h], Remain[8.92h]
=================================================================
Epoch 441: Train (100%)  Score: 10.2154,  Loss: -0.3441
Epoch 441/1000: Time Est.: Elapsed[7.03h], Remain[8.91h]
=================================================================
Epoch 442: Train (100%)  Score: 10.0864,  Loss: -0.3495
Epoch 442/1000: Time Est.: Elapsed[7.04h], Remain[8.89h]
=================================================================
Epoch 443: Train (100%)  Score: 10.4627,  Loss: -0.3548
Epoch 443/1000: Time Est.: Elapsed[7.06h], Remain[8.87h]
=================================================================
Epoch 444: Train (100%)  Score: 10.1261,  Loss: -0.3465
Epoch 444/1000: Time Est.: Elapsed[7.07h], Remain[8.86h]
=================================================================
Epoch 445: Train (100%)  Score: 10.1107,  Loss: -0.3455
Epoch 445/1000: Time Est.: Elapsed[7.09h], Remain[8.84h]
=================================================================
Epoch 446: Train (100%)  Score: 10.2691,  Loss: -0.3490
Epoch 446/1000: Time Est.: Elapsed[7.11h], Remain[8.83h]
=================================================================
Epoch 447: Train (100%)  Score: 10.1706,  Loss: -0.3556
Epoch 447/1000: Time Est.: Elapsed[7.12h], Remain[8.81h]
=================================================================
Epoch 448: Train (100%)  Score: 10.5157,  Loss: -0.3545
Epoch 448/1000: Time Est.: Elapsed[7.14h], Remain[8.80h]
=================================================================
Epoch 449: Train (100%)  Score: 10.6068,  Loss: -0.3582
Epoch 449/1000: Time Est.: Elapsed[7.15h], Remain[8.78h]
=================================================================
Epoch 450: Train (100%)  Score: 10.2724,  Loss: -0.3530
Epoch 450/1000: Time Est.: Elapsed[7.17h], Remain[8.76h]
=================================================================
Epoch 451: Train (100%)  Score: 10.2965,  Loss: -0.3529
Epoch 451/1000: Time Est.: Elapsed[7.19h], Remain[8.75h]
=================================================================
Epoch 452: Train (100%)  Score: 10.4848,  Loss: -0.3558
Epoch 452/1000: Time Est.: Elapsed[7.20h], Remain[8.73h]
=================================================================
Epoch 453: Train (100%)  Score: 10.3737,  Loss: -0.3491
Epoch 453/1000: Time Est.: Elapsed[7.22h], Remain[8.71h]
=================================================================
Epoch 454: Train (100%)  Score: 10.5916,  Loss: -0.3530
Epoch 454/1000: Time Est.: Elapsed[7.23h], Remain[8.70h]
=================================================================
Epoch 455: Train (100%)  Score: 10.2460,  Loss: -0.3527
Epoch 455/1000: Time Est.: Elapsed[7.25h], Remain[8.68h]
=================================================================
Epoch 456: Train (100%)  Score: 10.2269,  Loss: -0.3531
Epoch 456/1000: Time Est.: Elapsed[7.27h], Remain[8.67h]
=================================================================
Epoch 457: Train (100%)  Score: 10.1732,  Loss: -0.3537
Epoch 457/1000: Time Est.: Elapsed[7.28h], Remain[8.65h]
=================================================================
Epoch 458: Train (100%)  Score: 10.4834,  Loss: -0.3402
Epoch 458/1000: Time Est.: Elapsed[7.30h], Remain[8.64h]
=================================================================
Epoch 459: Train (100%)  Score: 10.2397,  Loss: -0.3495
Epoch 459/1000: Time Est.: Elapsed[7.31h], Remain[8.62h]
=================================================================
Epoch 460: Train (100%)  Score: 10.3110,  Loss: -0.3485
Epoch 460/1000: Time Est.: Elapsed[7.33h], Remain[8.60h]
=================================================================
Epoch 461: Train (100%)  Score: 10.4145,  Loss: -0.3529
Epoch 461/1000: Time Est.: Elapsed[7.35h], Remain[8.59h]
=================================================================
Epoch 462: Train (100%)  Score: 9.9141,  Loss: -0.3542
Epoch 462/1000: Time Est.: Elapsed[7.36h], Remain[8.57h]
=================================================================
Epoch 463: Train (100%)  Score: 10.1989,  Loss: -0.3550
Epoch 463/1000: Time Est.: Elapsed[7.38h], Remain[8.56h]
=================================================================
Epoch 464: Train (100%)  Score: 10.2628,  Loss: -0.3435
Epoch 464/1000: Time Est.: Elapsed[7.39h], Remain[8.54h]
=================================================================
Epoch 465: Train (100%)  Score: 10.5642,  Loss: -0.3464
Epoch 465/1000: Time Est.: Elapsed[7.41h], Remain[8.52h]
=================================================================
Epoch 466: Train (100%)  Score: 10.2536,  Loss: -0.3484
Epoch 466/1000: Time Est.: Elapsed[7.42h], Remain[8.51h]
=================================================================
Epoch 467: Train (100%)  Score: 10.3838,  Loss: -0.3548
Epoch 467/1000: Time Est.: Elapsed[7.44h], Remain[8.49h]
=================================================================
Epoch 468: Train (100%)  Score: 10.5327,  Loss: -0.3517
Epoch 468/1000: Time Est.: Elapsed[7.46h], Remain[8.48h]
=================================================================
Epoch 469: Train (100%)  Score: 10.3264,  Loss: -0.3440
Epoch 469/1000: Time Est.: Elapsed[7.47h], Remain[8.46h]
=================================================================
Epoch 470: Train (100%)  Score: 11.1356,  Loss: -0.3462
Epoch 470/1000: Time Est.: Elapsed[7.49h], Remain[8.44h]
=================================================================
Epoch 471: Train (100%)  Score: 10.7287,  Loss: -0.3491
Epoch 471/1000: Time Est.: Elapsed[7.50h], Remain[8.43h]
=================================================================
Epoch 472: Train (100%)  Score: 10.2731,  Loss: -0.3446
Epoch 472/1000: Time Est.: Elapsed[7.52h], Remain[8.41h]
=================================================================
Epoch 473: Train (100%)  Score: 10.3228,  Loss: -0.3408
Epoch 473/1000: Time Est.: Elapsed[7.54h], Remain[8.40h]
=================================================================
Epoch 474: Train (100%)  Score: 10.2059,  Loss: -0.3371
Epoch 474/1000: Time Est.: Elapsed[7.55h], Remain[8.38h]
=================================================================
Epoch 475: Train (100%)  Score: 10.3411,  Loss: -0.3481
Epoch 475/1000: Time Est.: Elapsed[7.57h], Remain[8.36h]
=================================================================
Epoch 476: Train (100%)  Score: 10.4216,  Loss: -0.3581
Epoch 476/1000: Time Est.: Elapsed[7.58h], Remain[8.35h]
=================================================================
Epoch 477: Train (100%)  Score: 10.2148,  Loss: -0.3580
Epoch 477/1000: Time Est.: Elapsed[7.60h], Remain[8.33h]
=================================================================
Epoch 478: Train (100%)  Score: 9.8833,  Loss: -0.3422
Epoch 478/1000: Time Est.: Elapsed[7.62h], Remain[8.32h]
=================================================================
Epoch 479: Train (100%)  Score: 10.1952,  Loss: -0.3460
Epoch 479/1000: Time Est.: Elapsed[7.63h], Remain[8.30h]
=================================================================
Epoch 480: Train (100%)  Score: 10.4850,  Loss: -0.3442
Epoch 480/1000: Time Est.: Elapsed[7.65h], Remain[8.28h]
=================================================================
Epoch 481: Train (100%)  Score: 10.7612,  Loss: -0.3503
Epoch 481/1000: Time Est.: Elapsed[7.66h], Remain[8.27h]
=================================================================
Epoch 482: Train (100%)  Score: 9.8536,  Loss: -0.3432
Epoch 482/1000: Time Est.: Elapsed[7.68h], Remain[8.25h]
=================================================================
Epoch 483: Train (100%)  Score: 10.1943,  Loss: -0.3429
Epoch 483/1000: Time Est.: Elapsed[7.70h], Remain[8.24h]
=================================================================
Epoch 484: Train (100%)  Score: 9.9887,  Loss: -0.3413
Epoch 484/1000: Time Est.: Elapsed[7.71h], Remain[8.22h]
=================================================================
Epoch 485: Train (100%)  Score: 10.3954,  Loss: -0.3487
Epoch 485/1000: Time Est.: Elapsed[7.73h], Remain[8.21h]
=================================================================
Epoch 486: Train (100%)  Score: 10.4037,  Loss: -0.3467
Epoch 486/1000: Time Est.: Elapsed[7.74h], Remain[8.19h]
=================================================================
Epoch 487: Train (100%)  Score: 10.3507,  Loss: -0.3500
Epoch 487/1000: Time Est.: Elapsed[7.76h], Remain[8.17h]
=================================================================
Epoch 488: Train (100%)  Score: 10.1444,  Loss: -0.3401
Epoch 488/1000: Time Est.: Elapsed[7.77h], Remain[8.16h]
=================================================================
Epoch 489: Train (100%)  Score: 10.2046,  Loss: -0.3438
Epoch 489/1000: Time Est.: Elapsed[7.79h], Remain[8.14h]
=================================================================
Epoch 490: Train (100%)  Score: 10.4584,  Loss: -0.3541
Epoch 490/1000: Time Est.: Elapsed[7.81h], Remain[8.13h]
=================================================================
Epoch 491: Train (100%)  Score: 10.0993,  Loss: -0.3423
Epoch 491/1000: Time Est.: Elapsed[7.82h], Remain[8.11h]
=================================================================
Epoch 492: Train (100%)  Score: 10.2677,  Loss: -0.3386
Epoch 492/1000: Time Est.: Elapsed[7.84h], Remain[8.09h]
=================================================================
Epoch 493: Train (100%)  Score: 10.3752,  Loss: -0.3487
Epoch 493/1000: Time Est.: Elapsed[7.85h], Remain[8.08h]
=================================================================
Epoch 494: Train (100%)  Score: 10.3942,  Loss: -0.3480
Epoch 494/1000: Time Est.: Elapsed[7.87h], Remain[8.06h]
=================================================================
Epoch 495: Train (100%)  Score: 10.1501,  Loss: -0.3492
Epoch 495/1000: Time Est.: Elapsed[7.89h], Remain[8.05h]
=================================================================
Epoch 496: Train (100%)  Score: 10.4984,  Loss: -0.3486
Epoch 496/1000: Time Est.: Elapsed[7.90h], Remain[8.03h]
=================================================================
Epoch 497: Train (100%)  Score: 10.4015,  Loss: -0.3517
Epoch 497/1000: Time Est.: Elapsed[7.92h], Remain[8.01h]
=================================================================
Epoch 498: Train (100%)  Score: 10.5243,  Loss: -0.3451
Epoch 498/1000: Time Est.: Elapsed[7.93h], Remain[8.00h]
=================================================================
Epoch 499: Train (100%)  Score: 10.3545,  Loss: -0.3459
Epoch 499/1000: Time Est.: Elapsed[7.95h], Remain[7.98h]
=================================================================
Epoch 500: Train (100%)  Score: 10.1487,  Loss: -0.3384
Epoch 500/1000: Time Est.: Elapsed[7.97h], Remain[7.97h]
Saving trained_model
=================================================================
Epoch 501: Train (100%)  Score: 10.3857,  Loss: -0.3400
Epoch 501/1000: Time Est.: Elapsed[7.98h], Remain[7.95h]
=================================================================
Epoch 502: Train (100%)  Score: 10.0682,  Loss: -0.3386
Epoch 502/1000: Time Est.: Elapsed[8.00h], Remain[7.93h]
=================================================================
Epoch 503: Train (100%)  Score: 10.6146,  Loss: -0.3478
Epoch 503/1000: Time Est.: Elapsed[8.01h], Remain[7.92h]
=================================================================
Epoch 504: Train (100%)  Score: 10.3999,  Loss: -0.3483
Epoch 504/1000: Time Est.: Elapsed[8.03h], Remain[7.90h]
=================================================================
Epoch 505: Train (100%)  Score: 10.7096,  Loss: -0.3538
Epoch 505/1000: Time Est.: Elapsed[8.05h], Remain[7.89h]
=================================================================
Epoch 506: Train (100%)  Score: 10.0242,  Loss: -0.3438
Epoch 506/1000: Time Est.: Elapsed[8.06h], Remain[7.87h]
=================================================================
Epoch 507: Train (100%)  Score: 10.3281,  Loss: -0.3505
Epoch 507/1000: Time Est.: Elapsed[8.08h], Remain[7.85h]
=================================================================
Epoch 508: Train (100%)  Score: 10.2021,  Loss: -0.3458
Epoch 508/1000: Time Est.: Elapsed[8.09h], Remain[7.84h]
=================================================================
Epoch 509: Train (100%)  Score: 10.3318,  Loss: -0.3299
Epoch 509/1000: Time Est.: Elapsed[8.11h], Remain[7.82h]
=================================================================
Epoch 510: Train (100%)  Score: 10.2935,  Loss: -0.3469
Epoch 510/1000: Time Est.: Elapsed[8.13h], Remain[7.81h]
=================================================================
Epoch 511: Train (100%)  Score: 10.4689,  Loss: -0.3496
Epoch 511/1000: Time Est.: Elapsed[8.14h], Remain[7.79h]
=================================================================
Epoch 512: Train (100%)  Score: 10.4381,  Loss: -0.3430
Epoch 512/1000: Time Est.: Elapsed[8.16h], Remain[7.77h]
=================================================================
Epoch 513: Train (100%)  Score: 10.3745,  Loss: -0.3508
Epoch 513/1000: Time Est.: Elapsed[8.17h], Remain[7.76h]
=================================================================
Epoch 514: Train (100%)  Score: 10.2268,  Loss: -0.3447
Epoch 514/1000: Time Est.: Elapsed[8.19h], Remain[7.74h]
=================================================================
Epoch 515: Train (100%)  Score: 10.4822,  Loss: -0.3375
Epoch 515/1000: Time Est.: Elapsed[8.20h], Remain[7.73h]
=================================================================
Epoch 516: Train (100%)  Score: 10.3114,  Loss: -0.3383
Epoch 516/1000: Time Est.: Elapsed[8.22h], Remain[7.71h]
=================================================================
Epoch 517: Train (100%)  Score: 9.7659,  Loss: -0.3350
Epoch 517/1000: Time Est.: Elapsed[8.24h], Remain[7.69h]
=================================================================
Epoch 518: Train (100%)  Score: 10.3331,  Loss: -0.3421
Epoch 518/1000: Time Est.: Elapsed[8.25h], Remain[7.68h]
=================================================================
Epoch 519: Train (100%)  Score: 10.3422,  Loss: -0.3444
Epoch 519/1000: Time Est.: Elapsed[8.27h], Remain[7.66h]
=================================================================
Epoch 520: Train (100%)  Score: 10.5726,  Loss: -0.3440
Epoch 520/1000: Time Est.: Elapsed[8.28h], Remain[7.65h]
=================================================================
Epoch 521: Train (100%)  Score: 10.1381,  Loss: -0.3452
Epoch 521/1000: Time Est.: Elapsed[8.30h], Remain[7.63h]
=================================================================
Epoch 522: Train (100%)  Score: 10.4118,  Loss: -0.3406
Epoch 522/1000: Time Est.: Elapsed[8.31h], Remain[7.61h]
=================================================================
Epoch 523: Train (100%)  Score: 10.1861,  Loss: -0.3418
Epoch 523/1000: Time Est.: Elapsed[8.33h], Remain[7.60h]
=================================================================
Epoch 524: Train (100%)  Score: 10.4096,  Loss: -0.3405
Epoch 524/1000: Time Est.: Elapsed[8.35h], Remain[7.58h]
=================================================================
Epoch 525: Train (100%)  Score: 10.4993,  Loss: -0.3472
Epoch 525/1000: Time Est.: Elapsed[8.36h], Remain[7.56h]
=================================================================
Epoch 526: Train (100%)  Score: 9.8835,  Loss: -0.3361
Epoch 526/1000: Time Est.: Elapsed[8.38h], Remain[7.55h]
=================================================================
Epoch 527: Train (100%)  Score: 10.1633,  Loss: -0.3442
Epoch 527/1000: Time Est.: Elapsed[8.39h], Remain[7.53h]
=================================================================
Epoch 528: Train (100%)  Score: 10.2528,  Loss: -0.3432
Epoch 528/1000: Time Est.: Elapsed[8.41h], Remain[7.51h]
=================================================================
Epoch 529: Train (100%)  Score: 10.2773,  Loss: -0.3343
Epoch 529/1000: Time Est.: Elapsed[8.42h], Remain[7.50h]
=================================================================
Epoch 530: Train (100%)  Score: 10.5973,  Loss: -0.3432
Epoch 530/1000: Time Est.: Elapsed[8.44h], Remain[7.48h]
=================================================================
Epoch 531: Train (100%)  Score: 10.5327,  Loss: -0.3399
Epoch 531/1000: Time Est.: Elapsed[8.45h], Remain[7.46h]
=================================================================
Epoch 532: Train (100%)  Score: 10.6305,  Loss: -0.3502
Epoch 532/1000: Time Est.: Elapsed[8.47h], Remain[7.45h]
=================================================================
Epoch 533: Train (100%)  Score: 10.3122,  Loss: -0.3403
Epoch 533/1000: Time Est.: Elapsed[8.48h], Remain[7.43h]
=================================================================
Epoch 534: Train (100%)  Score: 9.8657,  Loss: -0.3389
Epoch 534/1000: Time Est.: Elapsed[8.50h], Remain[7.42h]
=================================================================
Epoch 535: Train (100%)  Score: 10.1425,  Loss: -0.3468
Epoch 535/1000: Time Est.: Elapsed[8.51h], Remain[7.40h]
=================================================================
Epoch 536: Train (100%)  Score: 10.4336,  Loss: -0.3452
Epoch 536/1000: Time Est.: Elapsed[8.53h], Remain[7.38h]
=================================================================
Epoch 537: Train (100%)  Score: 10.2235,  Loss: -0.3399
Epoch 537/1000: Time Est.: Elapsed[8.54h], Remain[7.37h]
=================================================================
Epoch 538: Train (100%)  Score: 10.2260,  Loss: -0.3295
Epoch 538/1000: Time Est.: Elapsed[8.56h], Remain[7.35h]
=================================================================
Epoch 539: Train (100%)  Score: 10.1239,  Loss: -0.3420
Epoch 539/1000: Time Est.: Elapsed[8.57h], Remain[7.33h]
=================================================================
Epoch 540: Train (100%)  Score: 10.3379,  Loss: -0.3315
Epoch 540/1000: Time Est.: Elapsed[8.59h], Remain[7.32h]
=================================================================
Epoch 541: Train (100%)  Score: 10.3865,  Loss: -0.3420
Epoch 541/1000: Time Est.: Elapsed[8.60h], Remain[7.30h]
=================================================================
Epoch 542: Train (100%)  Score: 10.4668,  Loss: -0.3447
Epoch 542/1000: Time Est.: Elapsed[8.62h], Remain[7.28h]
=================================================================
Epoch 543: Train (100%)  Score: 10.0300,  Loss: -0.3419
Epoch 543/1000: Time Est.: Elapsed[8.63h], Remain[7.27h]
=================================================================
Epoch 544: Train (100%)  Score: 10.4061,  Loss: -0.3394
Epoch 544/1000: Time Est.: Elapsed[8.65h], Remain[7.25h]
=================================================================
Epoch 545: Train (100%)  Score: 10.2171,  Loss: -0.3318
Epoch 545/1000: Time Est.: Elapsed[8.66h], Remain[7.23h]
=================================================================
Epoch 546: Train (100%)  Score: 10.4464,  Loss: -0.3301
Epoch 546/1000: Time Est.: Elapsed[8.68h], Remain[7.22h]
=================================================================
Epoch 547: Train (100%)  Score: 10.2454,  Loss: -0.3305
Epoch 547/1000: Time Est.: Elapsed[8.70h], Remain[7.20h]
=================================================================
Epoch 548: Train (100%)  Score: 10.5537,  Loss: -0.3383
Epoch 548/1000: Time Est.: Elapsed[8.71h], Remain[7.18h]
=================================================================
Epoch 549: Train (100%)  Score: 10.0177,  Loss: -0.3415
Epoch 549/1000: Time Est.: Elapsed[8.73h], Remain[7.17h]
=================================================================
Epoch 550: Train (100%)  Score: 10.5268,  Loss: -0.3408
Epoch 550/1000: Time Est.: Elapsed[8.74h], Remain[7.15h]
=================================================================
Epoch 551: Train (100%)  Score: 10.6191,  Loss: -0.3462
Epoch 551/1000: Time Est.: Elapsed[8.76h], Remain[7.14h]
=================================================================
Epoch 552: Train (100%)  Score: 10.4185,  Loss: -0.3379
Epoch 552/1000: Time Est.: Elapsed[8.77h], Remain[7.12h]
=================================================================
Epoch 553: Train (100%)  Score: 10.0920,  Loss: -0.3363
Epoch 553/1000: Time Est.: Elapsed[8.79h], Remain[7.10h]
=================================================================
Epoch 554: Train (100%)  Score: 10.1905,  Loss: -0.3490
Epoch 554/1000: Time Est.: Elapsed[8.80h], Remain[7.09h]
=================================================================
Epoch 555: Train (100%)  Score: 10.1933,  Loss: -0.3417
Epoch 555/1000: Time Est.: Elapsed[8.82h], Remain[7.07h]
=================================================================
Epoch 556: Train (100%)  Score: 10.0907,  Loss: -0.3359
Epoch 556/1000: Time Est.: Elapsed[8.82h], Remain[7.05h]
=================================================================
Epoch 557: Train (100%)  Score: 10.1662,  Loss: -0.3381
Epoch 557/1000: Time Est.: Elapsed[8.85h], Remain[7.04h]
=================================================================
Epoch 558: Train (100%)  Score: 10.1013,  Loss: -0.3346
Epoch 558/1000: Time Est.: Elapsed[8.86h], Remain[7.02h]
=================================================================
Epoch 559: Train (100%)  Score: 10.2193,  Loss: -0.3388
Epoch 559/1000: Time Est.: Elapsed[8.88h], Remain[7.00h]
=================================================================
Epoch 560: Train (100%)  Score: 10.8317,  Loss: -0.3473
Epoch 560/1000: Time Est.: Elapsed[8.89h], Remain[6.99h]
=================================================================
Epoch 561: Train (100%)  Score: 10.0138,  Loss: -0.3394
Epoch 561/1000: Time Est.: Elapsed[8.91h], Remain[6.97h]
=================================================================
Epoch 562: Train (100%)  Score: 9.9328,  Loss: -0.3367
Epoch 562/1000: Time Est.: Elapsed[8.92h], Remain[6.95h]
=================================================================
Epoch 563: Train (100%)  Score: 10.0295,  Loss: -0.3302
Epoch 563/1000: Time Est.: Elapsed[8.94h], Remain[6.94h]
=================================================================
Epoch 564: Train (100%)  Score: 9.8197,  Loss: -0.3299
Epoch 564/1000: Time Est.: Elapsed[8.95h], Remain[6.92h]
=================================================================
Epoch 565: Train (100%)  Score: 10.3453,  Loss: -0.3443
Epoch 565/1000: Time Est.: Elapsed[8.97h], Remain[6.91h]
=================================================================
Epoch 566: Train (100%)  Score: 10.2983,  Loss: -0.3361
Epoch 566/1000: Time Est.: Elapsed[8.98h], Remain[6.89h]
=================================================================
Epoch 567: Train (100%)  Score: 10.3446,  Loss: -0.3335
Epoch 567/1000: Time Est.: Elapsed[9.00h], Remain[6.87h]
=================================================================
>> Invalid instances, Re-generating ...
Epoch 568: Train (100%)  Score: 10.4347,  Loss: -0.3358
Epoch 568/1000: Time Est.: Elapsed[9.02h], Remain[6.86h]
=================================================================
Epoch 569: Train (100%)  Score: 10.3555,  Loss: -0.3426
Epoch 569/1000: Time Est.: Elapsed[9.03h], Remain[6.84h]
=================================================================
Epoch 570: Train (100%)  Score: 10.4766,  Loss: -0.3360
Epoch 570/1000: Time Est.: Elapsed[9.05h], Remain[6.82h]
=================================================================
Epoch 571: Train (100%)  Score: 10.0315,  Loss: -0.3440
Epoch 571/1000: Time Est.: Elapsed[9.06h], Remain[6.81h]
=================================================================
Epoch 572: Train (100%)  Score: 10.0436,  Loss: -0.3304
Epoch 572/1000: Time Est.: Elapsed[9.08h], Remain[6.79h]
=================================================================
Epoch 573: Train (100%)  Score: 10.1103,  Loss: -0.3277
Epoch 573/1000: Time Est.: Elapsed[9.09h], Remain[6.78h]
=================================================================
Epoch 574: Train (100%)  Score: 9.8190,  Loss: -0.3332
Epoch 574/1000: Time Est.: Elapsed[9.11h], Remain[6.76h]
=================================================================
Epoch 575: Train (100%)  Score: 10.0022,  Loss: -0.3327
Epoch 575/1000: Time Est.: Elapsed[9.12h], Remain[6.74h]
=================================================================
Epoch 576: Train (100%)  Score: 10.3963,  Loss: -0.3370
Epoch 576/1000: Time Est.: Elapsed[9.14h], Remain[6.73h]
=================================================================
Epoch 577: Train (100%)  Score: 10.1886,  Loss: -0.3314
Epoch 577/1000: Time Est.: Elapsed[9.15h], Remain[6.71h]
=================================================================
Epoch 578: Train (100%)  Score: 10.4766,  Loss: -0.3411
Epoch 578/1000: Time Est.: Elapsed[9.17h], Remain[6.69h]
=================================================================
Epoch 579: Train (100%)  Score: 9.7530,  Loss: -0.3283
Epoch 579/1000: Time Est.: Elapsed[9.18h], Remain[6.68h]
=================================================================
Epoch 580: Train (100%)  Score: 9.8299,  Loss: -0.3365
Epoch 580/1000: Time Est.: Elapsed[9.20h], Remain[6.66h]
=================================================================
Epoch 581: Train (100%)  Score: 10.6508,  Loss: -0.3454
Epoch 581/1000: Time Est.: Elapsed[9.21h], Remain[6.64h]
=================================================================
Epoch 582: Train (100%)  Score: 10.3977,  Loss: -0.3379
Epoch 582/1000: Time Est.: Elapsed[9.23h], Remain[6.63h]
=================================================================
Epoch 583: Train (100%)  Score: 10.5341,  Loss: -0.3362
Epoch 583/1000: Time Est.: Elapsed[9.24h], Remain[6.61h]
=================================================================
Epoch 584: Train (100%)  Score: 10.0963,  Loss: -0.3389
Epoch 584/1000: Time Est.: Elapsed[9.26h], Remain[6.60h]
=================================================================
Epoch 585: Train (100%)  Score: 9.8941,  Loss: -0.3394
Epoch 585/1000: Time Est.: Elapsed[9.27h], Remain[6.58h]
=================================================================
Epoch 586: Train (100%)  Score: 10.6715,  Loss: -0.3402
Epoch 586/1000: Time Est.: Elapsed[9.29h], Remain[6.56h]
=================================================================
Epoch 587: Train (100%)  Score: 10.0961,  Loss: -0.3286
Epoch 587/1000: Time Est.: Elapsed[9.30h], Remain[6.55h]
=================================================================
Epoch 588: Train (100%)  Score: 10.1679,  Loss: -0.3230
Epoch 588/1000: Time Est.: Elapsed[9.32h], Remain[6.53h]
=================================================================
Epoch 589: Train (100%)  Score: 10.3693,  Loss: -0.3332
Epoch 589/1000: Time Est.: Elapsed[9.34h], Remain[6.51h]
=================================================================
Epoch 590: Train (100%)  Score: 9.9423,  Loss: -0.3235
Epoch 590/1000: Time Est.: Elapsed[9.35h], Remain[6.50h]
=================================================================
Epoch 591: Train (100%)  Score: 10.2402,  Loss: -0.3331
Epoch 591/1000: Time Est.: Elapsed[9.37h], Remain[6.48h]
=================================================================
Epoch 592: Train (100%)  Score: 10.2488,  Loss: -0.3315
Epoch 592/1000: Time Est.: Elapsed[9.38h], Remain[6.46h]
=================================================================
Epoch 593: Train (100%)  Score: 10.2326,  Loss: -0.3335
Epoch 593/1000: Time Est.: Elapsed[9.40h], Remain[6.45h]
=================================================================
Epoch 594: Train (100%)  Score: 10.4672,  Loss: -0.3283
Epoch 594/1000: Time Est.: Elapsed[9.41h], Remain[6.43h]
=================================================================
Epoch 595: Train (100%)  Score: 10.1989,  Loss: -0.3337
Epoch 595/1000: Time Est.: Elapsed[9.43h], Remain[6.42h]
=================================================================
Epoch 596: Train (100%)  Score: 10.6461,  Loss: -0.3412
Epoch 596/1000: Time Est.: Elapsed[9.44h], Remain[6.40h]
=================================================================
Epoch 597: Train (100%)  Score: 10.2271,  Loss: -0.3373
Epoch 597/1000: Time Est.: Elapsed[9.46h], Remain[6.38h]
=================================================================
Epoch 598: Train (100%)  Score: 10.3022,  Loss: -0.3400
Epoch 598/1000: Time Est.: Elapsed[9.47h], Remain[6.37h]
=================================================================
Epoch 599: Train (100%)  Score: 10.0187,  Loss: -0.3389
Epoch 599/1000: Time Est.: Elapsed[9.49h], Remain[6.35h]
=================================================================
Epoch 600: Train (100%)  Score: 10.5733,  Loss: -0.3342
Epoch 600/1000: Time Est.: Elapsed[9.50h], Remain[6.33h]
Saving trained_model
=================================================================
Epoch 601: Train (100%)  Score: 10.3071,  Loss: -0.3320
Epoch 601/1000: Time Est.: Elapsed[9.52h], Remain[6.32h]
=================================================================
Epoch 602: Train (100%)  Score: 10.3693,  Loss: -0.3306
Epoch 602/1000: Time Est.: Elapsed[9.53h], Remain[6.30h]
=================================================================
Epoch 603: Train (100%)  Score: 10.3831,  Loss: -0.3282
Epoch 603/1000: Time Est.: Elapsed[9.55h], Remain[6.29h]
=================================================================
Epoch 604: Train (100%)  Score: 10.5431,  Loss: -0.3328
Epoch 604/1000: Time Est.: Elapsed[9.56h], Remain[6.27h]
=================================================================
Epoch 605: Train (100%)  Score: 10.3994,  Loss: -0.3332
Epoch 605/1000: Time Est.: Elapsed[9.58h], Remain[6.25h]
=================================================================
Epoch 606: Train (100%)  Score: 10.2893,  Loss: -0.3346
Epoch 606/1000: Time Est.: Elapsed[9.59h], Remain[6.24h]
=================================================================
Epoch 607: Train (100%)  Score: 10.0803,  Loss: -0.3295
Epoch 607/1000: Time Est.: Elapsed[9.61h], Remain[6.22h]
=================================================================
Epoch 608: Train (100%)  Score: 10.5235,  Loss: -0.3348
Epoch 608/1000: Time Est.: Elapsed[9.62h], Remain[6.21h]
=================================================================
Epoch 609: Train (100%)  Score: 10.1406,  Loss: -0.3333
Epoch 609/1000: Time Est.: Elapsed[9.64h], Remain[6.19h]
=================================================================
Epoch 610: Train (100%)  Score: 10.1160,  Loss: -0.3340
Epoch 610/1000: Time Est.: Elapsed[9.65h], Remain[6.17h]
=================================================================
Epoch 611: Train (100%)  Score: 10.3140,  Loss: -0.3340
Epoch 611/1000: Time Est.: Elapsed[9.67h], Remain[6.16h]
=================================================================
Epoch 612: Train (100%)  Score: 10.4545,  Loss: -0.3371
Epoch 612/1000: Time Est.: Elapsed[9.68h], Remain[6.14h]
=================================================================
Epoch 613: Train (100%)  Score: 10.8445,  Loss: -0.3345
Epoch 613/1000: Time Est.: Elapsed[9.70h], Remain[6.12h]
=================================================================
Epoch 614: Train (100%)  Score: 10.1441,  Loss: -0.3328
Epoch 614/1000: Time Est.: Elapsed[9.72h], Remain[6.11h]
=================================================================
Epoch 615: Train (100%)  Score: 10.2688,  Loss: -0.3260
Epoch 615/1000: Time Est.: Elapsed[9.73h], Remain[6.09h]
=================================================================
Epoch 616: Train (100%)  Score: 9.9894,  Loss: -0.3391
Epoch 616/1000: Time Est.: Elapsed[9.75h], Remain[6.08h]
=================================================================
Epoch 617: Train (100%)  Score: 10.5814,  Loss: -0.3345
Epoch 617/1000: Time Est.: Elapsed[9.76h], Remain[6.06h]
=================================================================
Epoch 618: Train (100%)  Score: 10.3862,  Loss: -0.3307
Epoch 618/1000: Time Est.: Elapsed[9.78h], Remain[6.04h]
=================================================================
Epoch 619: Train (100%)  Score: 10.3421,  Loss: -0.3355
Epoch 619/1000: Time Est.: Elapsed[9.79h], Remain[6.03h]
=================================================================
Epoch 620: Train (100%)  Score: 9.9089,  Loss: -0.3244
Epoch 620/1000: Time Est.: Elapsed[9.81h], Remain[6.01h]
=================================================================
Epoch 621: Train (100%)  Score: 10.4700,  Loss: -0.3426
Epoch 621/1000: Time Est.: Elapsed[9.82h], Remain[5.99h]
